_id,isPb,wpm,acc,rawWpm,consistency,charStats,mode,mode2,quoteLength,restartCount,testDuration,afkDuration,incompleteTestSeconds,punctuation,numbers,language,funbox,difficulty,lazyMode,blindMode,bailedOut,tags,timestamp
6ab7fa499503ffe34a1bed3f,false,131.21,100,131.21,93.07,55;0;0;0,words,10,-1,16,5.03,0,36.61,false,false,english,,normal,false,false,false,66f0476a66c51bbe14fbe34c;693b17813540add646bcb3ef,1790442057138
6ab7fa119503ffe34a1beade,false,127.43,100,127.43,85.31,48;0;0;0,words,10,-1,2,4.52,0,4.2,false,false,english,,normal,false,false,false,66f0476a66c51bbe14fbe34c;693b17813540add646bcb3ef,1790442001371
6ab7f0ea9503ffe34a1b90af,false,133.05,100,133.05,89.87,52;0;0;0,words,10,-1,5,4.69,0,9.29,false,false,english,,normal,false,false,false,66f0476a66c51bbe14fbe34c;693b17813540add646bcb3ef,1790439658000
6ab590899503ffe34a06fb77,false,134.75,100,134.75,88.63,53;0;0;0,words,10,-1,0,4.72,0,0,false,false,english,,normal,false,false,false,66f0476a66c51bbe14fbe34c;693b17813540add646bcb3ef,1790283913000
6ab590839503ffe34a06fb41,false,113,100,113,82.43,42;0;0;0,words,10,-1,6,4.46,0,16.83,false,false,english,,normal,false,false,false,66f0476a66c51bbe14fbe34c;693b17813540add646bcb3ef,1790283907000
6ab590679503ffe34a06fa5f,false,107.01,95.74,119.75,91,42;1;1;0,words,10,-1,1,4.71,0,0.8,false,false,english,,normal,false,false,false,66f0476a66c51bbe14fbe34c;693b17813540add646bcb3ef,1790283879000
6ab57e9e9503ffe34a064d33,false,97.5,92.45,132.5,90.81,39;4;1;0,words,10,-1,3,4.8,0,5.29,false,false,english,,normal,false,false,false,66f0476a66c51bbe14fbe34c;693b17813540add646bcb3ef,1790279326000
6ab57e909503ffe34a064c99,false,108.35,96.61,120.61,80.5,53;2;0;0,words,10,-1,27,5.87,0,49.68,false,false,english,,normal,false,false,false,66f0476a66c51bbe14fbe34c;693b17813540add646bcb3ef,1790279312000
6ab5708d9503ffe34a05a01a,false,109.48,100,109.48,81.56,51;0;0;0,words,10,-1,39,5.59,0,75.14,false,false,english,,normal,false,false,false,66f0476a66c51bbe14fbe34c;693b17813540add646bcb3ef,1790275725000
6ab570129503ffe34a059938,false,122.17,100,122.17,81.29,45;0;0;0,words,10,-1,15,4.42,0,30.6,false,false,english,,normal,false,false,false,66f0476a66c51bbe14fbe34c;693b17813540add646bcb3ef,1790275602000
6ab56fe09503ffe34a0596d5,false,136.89,100,136.89,92.47,47;0;0;0,words,10,-1,11,4.12,0,17.01,false,false,english,,normal,false,false,false,66f0476a66c51bbe14fbe34c;693b17813540add646bcb3ef,1790275552000
6ab56fb09503ffe34a05944b,false,123.61,100,123.61,92.7,48;0;0;0,words,10,-1,10,4.66,0,22.98,false,false,english,,normal,false,false,false,66f0476a66c51bbe14fbe34c;693b17813540add646bcb3ef,1790275504000
6ab56f489503ffe34a058ef9,false,137.06,100,137.06,100,49;0;0;0,words,10,-1,14,4.29,0,24.63,false,false,english,,normal,false,false,false,66f0476a66c51bbe14fbe34c;693b17813540add646bcb3ef,1790275400000
6ab56f1d9503ffe34a058ce6,false,132.69,96,144.23,86.96,46;2;0;0,words,10,-1,6,4.16,0,10.22,false,false,english,,normal,false,false,false,66f0476a66c51bbe14fbe34c;693b17813540add646bcb3ef,1790275357000
6ab56f099503ffe34a058bdc,false,96.47,89.09,129.41,82.05,41;5;2;0,words,10,-1,5,5.1,0,13.41,false,false,english,,normal,false,false,false,66f0476a66c51bbe14fbe34c;693b17813540add646bcb3ef,1790275337000
6ab500859503ffe34aff52ce,false,116.67,100,116.67,91.76,56;0;0;0,words,10,-1,16,5.76,0,29.02,false,false,english,,normal,false,false,false,67a8b1dfc60cdb18429d5ecf;6a34f2b2b7b5429521db59a8,1790247045000
6ab4b2349503ffe34afc8256,false,113.21,95.74,118.24,88.23,45;2;0;1,words,10,-1,23,4.77,0,63.77,false,false,english,,normal,false,false,false,67a8b1dfc60cdb18429d5ecf;6a34f2b2b7b5429521db59a8,1790226996000
6ab4b1b79503ffe34afc7e4d,false,120.25,100,120.25,80.93,48;0;0;0,words,10,-1,3,4.79,0,3.61,false,false,english,,normal,false,false,false,67a8b1dfc60cdb18429d5ecf;6a34f2b2b7b5429521db59a8,1790226871000
6ab4b1ac9503ffe34afc7de8,false,104.05,96,115.61,87.23,45;2;1;0,words,10,-1,0,5.19,0,0,false,false,english,,normal,false,false,false,67a8b1dfc60cdb18429d5ecf;6a34f2b2b7b5429521db59a8,1790226860000
6ab4b1a59503ffe34afc7da7,false,118.03,100,118.03,92.2,48;0;0;0,words,10,-1,0,4.88,0,0,false,false,english,,normal,false,false,false,67a8b1dfc60cdb18429d5ecf;6a34f2b2b7b5429521db59a8,1790226853000
6ab4b19f9503ffe34afc7d78,false,112.23,100,112.23,89.83,52;0;0;0,words,10,-1,6,5.56,0,21.63,false,false,english,,normal,false,false,false,67a8b1dfc60cdb18429d5ecf;6a34f2b2b7b5429521db59a8,1790226847000
6ab360dd1e7fb6becc52e16e,false,106.62,96.15,117.96,89.38,47;2;1;0,words,10,-1,10,5.29,0,14.12,false,false,english,,normal,false,false,false,67a8b1dfc60cdb18429d5ecf;6a34f2b2b7b5429521db59a8,1790140637000
6ab2ce671e7fb6becc4e6f59,false,123.96,100,123.96,85.89,47;0;0;0,words,10,-1,4,4.55,0,7.51,false,false,english,,normal,false,false,false,66f0476a66c51bbe14fbe34c;693b17813540add646bcb3ef,1790103143000
6ab2ce571e7fb6becc4e6e76,false,133.33,100,133.33,93.57,48;0;0;0,words,10,-1,0,4.32,0,0,false,false,english,,normal,false,false,false,66f0476a66c51bbe14fbe34c;693b17813540add646bcb3ef,1790103127000
6ab16d7a1e7fb6becc4007e0,false,127.89,100,127.89,85.57,47;0;0;0,words,10,-1,15,4.41,0,25.62,false,false,english,,normal,false,false,false,66f0476a66c51bbe14fbe34c;693b17813540add646bcb3ef,1790012794000
6ab16d501e7fb6becc40055a,false,120.23,100,120.23,71.72,52;0;0;0,words,10,-1,5,5.19,0,7.36,false,false,english,,normal,false,false,false,66f0476a66c51bbe14fbe34c;693b17813540add646bcb3ef,1790012752000
6ab155d61e7fb6becc3ea180,false,118.16,96,131.29,88.17,45;2;1;0,words,10,-1,14,4.57,0,29.61,false,false,english,,normal,false,false,false,66f0476a66c51bbe14fbe34c;693b17813540add646bcb3ef,1790006742000
6ab155a81e7fb6becc3e9ee1,false,129.11,100,129.11,93.1,51;0;0;0,words,10,-1,4,4.74,0,6.71,false,false,english,,normal,false,false,false,66f0476a66c51bbe14fbe34c;693b17813540add646bcb3ef,1790006696000
6ab11ee71e7fb6becc3b84a4,false,105.44,88.46,130.54,95.32,42;5;1;1,words,10,-1,1,4.78,0,2.27,false,false,english,,normal,false,false,false,67a8b1dfc60cdb18429d5ecf;6a34f2b2b7b5429521db59a8,1789992679000
6ab0d96c1e7fb6becc38cd1e,false,74.03,83.93,109.09,82.2,38;8;2;1,words,10,-1,1,6.16,0,0.77,false,false,english,,normal,false,false,false,67a8b1dfc60cdb18429d5ecf;6a34f2b2b7b5429521db59a8,1789974892000
6ab0d9631e7fb6becc38ccd0,false,114.65,100,114.65,84.43,45;0;0;0,words,10,-1,12,4.71,0,25.58,false,false,english,,normal,false,false,false,67a8b1dfc60cdb18429d5ecf;6a34f2b2b7b5429521db59a8,1789974883000
6ab0d9341e7fb6becc38cafd,false,109.09,100,109.09,72.68,50;0;0;0,words,10,-1,2,5.5,0,1.47,false,false,english,,master,false,false,false,67a8b1dfc60cdb18429d5ecf;6a34f2b2b7b5429521db59a8,1789974836000
6ab01aad1e7fb6becc338dbd,false,121.89,100,121.89,89.29,58;0;0;0,words,10,-1,11,5.71,0,6.12,false,false,english,,master,false,false,false,66f0476a66c51bbe14fbe34c;693b17813540add646bcb3ef,1789926061000
6ab01a921e7fb6becc338cc2,false,126.56,100,126.56,86.96,54;0;0;0,words,10,-1,1,5.12,0,3.73,false,false,english,,master,false,false,false,66f0476a66c51bbe14fbe34c;693b17813540add646bcb3ef,1789926034000
6aacb3561e7fb6becc171367,false,118.6,100,118.6,88.1,51;0;0;0,words,10,-1,20,5.16,0,30.59,false,false,english,,master,false,false,false,67a8b1dfc60cdb18429d5ecf;6a34f2b2b7b5429521db59a8,1789702998000
6aac41331e7fb6becc13e36a,false,114.87,100,114.87,87.59,56;0;0;0,words,10,-1,54,5.85,0,68.66,false,false,english,,master,false,false,false,66f0476a66c51bbe14fbe34c;693b17813540add646bcb3ef,1789673779000
6aab75891e7fb6becc0a4cf7,false,126.32,100,126.32,91.91,46;0;0;0,words,10,-1,19,4.37,0,37.7,false,false,english,,normal,false,false,false,67a8b1dfc60cdb18429d5ecf;6a34f2b2b7b5429521db59a8,1789621641000
6aaac1f31e7fb6becc03f207,false,123.98,100,123.98,83.13,53;0;0;0,words,10,-1,3,5.13,0,3.04,false,false,english,,master,false,false,false,66f0476a66c51bbe14fbe34c;693b17813540add646bcb3ef,1789575667000
6aaac0c61e7fb6becc03e035,false,129.37,100,129.37,90.04,58;0;0;0,words,10,-1,13,5.38,0,16.8,false,false,english,,master,false,false,false,66f0476a66c51bbe14fbe34c;693b17813540add646bcb3ef,1789575366000
6aaac09f1e7fb6becc03de11,false,143.36,100,143.36,84.75,54;0;0;0,words,10,-1,22,4.52,0,33.69,false,false,english,,master,false,false,false,66f0476a66c51bbe14fbe34c;693b17813540add646bcb3ef,1789575327000
6aaac0011e7fb6becc03d52b,false,130.12,100,130.12,84.61,54;0;0;0,words,10,-1,3,4.98,0,3.18,false,false,english,,master,false,false,false,66f0476a66c51bbe14fbe34c;693b17813540add646bcb3ef,1789575169000
6aaabff41e7fb6becc03d470,false,135.1,100,135.1,90.62,51;0;0;0,words,10,-1,6,4.53,0,5.63,false,false,english,,master,false,false,false,66f0476a66c51bbe14fbe34c;693b17813540add646bcb3ef,1789575156000
6aaabfe21e7fb6becc03d355,false,123.19,100,123.19,79.99,58;0;0;0,words,10,-1,4,5.65,0,1.67,false,false,english,,master,false,false,false,66f0476a66c51bbe14fbe34c;693b17813540add646bcb3ef,1789575138000
6aaabfd51e7fb6becc03d2a0,false,117.83,100,117.83,70.7,38;0;0;0,words,10,-1,19,3.87,0,30.09,false,false,english,,master,false,false,false,66f0476a66c51bbe14fbe34c;693b17813540add646bcb3ef,1789575125000
6aaabf4b1e7fb6becc03ca82,false,129.94,100,129.94,86.01,51;0;0;0,words,10,-1,11,4.71,0,12.49,false,false,english,,master,false,false,false,66f0476a66c51bbe14fbe34c;693b17813540add646bcb3ef,1789574987000
6aaabf271e7fb6becc03c864,false,130.3,100,130.3,83.3,43;0;0;0,words,10,-1,11,3.96,0,19.44,false,false,english,,master,false,false,false,66f0476a66c51bbe14fbe34c;693b17813540add646bcb3ef,1789574951000
6aaabeff1e7fb6becc03c606,false,128.3,100,128.3,91.57,51;0;0;0,words,10,-1,3,4.77,0,7.08,false,false,english,,master,false,false,false,66f0476a66c51bbe14fbe34c;693b17813540add646bcb3ef,1789574911000
6aaa24981e7fb6beccfd1368,false,125.22,100,125.22,77.2,60;0;0;0,words,10,-1,8,5.75,0,13.44,false,false,english,,master,false,false,false,67a8b1dfc60cdb18429d5ecf;6a34f2b2b7b5429521db59a8,1789535384000
6aaa23861e7fb6beccfd0b58,false,110.41,100,110.41,76.39,61;0;0;0,words,10,-1,6,6.63,0,9.48,false,false,english,,master,false,false,false,67a8b1dfc60cdb18429d5ecf;6a34f2b2b7b5429521db59a8,1789535109000
6aa914891e7fb6beccf23c25,false,130.12,100,130.12,95.97,45;0;0;0,words,10,-1,3,4.15,0,3.66,false,false,english,,master,false,false,false,,1789465737000
6aa84672b5a78d8418d0273d,false,125.24,100,125.24,89.35,43;0;0;0,words,10,-1,24,4.12,0,27.96,false,false,english,,master,false,false,false,66f0476a66c51bbe14fbe34c;693b17813540add646bcb3ef,1789412978000
6aa84633b5a78d8418d0244c,false,124.64,100,124.64,90.11,51;0;0;0,words,10,-1,4,4.91,0,4.75,false,false,english,,master,false,false,false,66f0476a66c51bbe14fbe34c;693b17813540add646bcb3ef,1789412915000
6aa845fbb5a78d8418d021c0,false,136.84,100,136.84,92.07,52;0;0;0,words,10,-1,29,4.56,0,34.16,false,false,english,,master,false,false,false,66f0476a66c51bbe14fbe34c;693b17813540add646bcb3ef,1789412859000
6aa84528b5a78d8418d01768,false,144.77,100,144.77,80.17,45;0;0;0,words,10,-1,3,3.73,0,0.57,false,false,english,,master,false,false,false,66f0476a66c51bbe14fbe34c;693b17813540add646bcb3ef,1789412648000
6aa785e4b5a78d8418c6de7a,false,128.38,100,128.38,82.41,49;0;0;0,words,10,-1,11,4.58,0,14.93,false,false,english,,master,false,false,false,67a8b1dfc60cdb18429d5ecf;6a34f2b2b7b5429521db59a8,1789363684000
6aa7855eb5a78d8418c6d9c7,false,130.81,100,130.81,84.75,46;0;0;0,words,10,-1,2,4.22,0,1.42,false,false,english,,master,false,false,false,67a8b1dfc60cdb18429d5ecf;6a34f2b2b7b5429521db59a8,1789363550000
6aa78553b5a78d8418c6d973,false,121.74,100,121.74,86.12,56;0;0;0,words,10,-1,2,5.52,0,4.03,false,false,english,,master,false,false,false,67a8b1dfc60cdb18429d5ecf;6a34f2b2b7b5429521db59a8,1789363539000
6aa78546b5a78d8418c6d8f8,false,114.82,100,114.82,89.15,51;0;0;0,words,10,-1,2,5.33,0,1.04,false,false,english,,master,false,false,false,67a8b1dfc60cdb18429d5ecf;6a34f2b2b7b5429521db59a8,1789363526000
6aa6c282b5a78d8418c12b10,false,134.29,100,134.29,87.92,47;0;0;0,words,10,-1,5,4.2,0,7.71,false,false,english,,master,false,false,false,66f0476a66c51bbe14fbe34c;693b17813540add646bcb3ef,1789313666000
6aa6c26db5a78d8418c12a4d,false,126.32,100,126.32,74.77,46;0;0;0,words,10,-1,40,4.37,0,48.61,false,false,english,,master,false,false,false,66f0476a66c51bbe14fbe34c;693b17813540add646bcb3ef,1789313645000
6aa6c1efb5a78d8418c1253b,false,139.34,100,139.34,84.32,49;0;0;0,words,10,-1,29,4.22,0,50.78,false,false,english,,master,false,false,false,66f0476a66c51bbe14fbe34c;693b17813540add646bcb3ef,1789313519000
6aa6c195b5a78d8418c12165,false,120.72,100,120.72,88.45,50;0;0;0,words,10,-1,1,4.97,0,0.83,false,false,english,,master,false,false,false,66f0476a66c51bbe14fbe34c;693b17813540add646bcb3ef,1789313429000
6aa6c18ab5a78d8418c120d6,false,133.33,100,133.33,87.14,56;0;0;0,words,10,-1,0,5.04,0,0,false,false,english,,master,false,false,false,66f0476a66c51bbe14fbe34c;693b17813540add646bcb3ef,1789313418000
6aa3aa4ab5a78d8418a6b197,false,123.98,100,123.98,79.02,53;0;0;0,words,10,-1,1,5.13,0,0.2,false,false,english,,master,false,false,false,67a8b1dfc60cdb18429d5ecf;6a34f2b2b7b5429521db59a8,1789110858000
6aa3aa41b5a78d8418a6b13c,false,134.8,100,134.8,86.94,51;0;0;0,words,10,-1,2,4.54,0,2.01,false,false,english,,master,false,false,false,67a8b1dfc60cdb18429d5ecf;6a34f2b2b7b5429521db59a8,1789110849000
6aa3a954b5a78d8418a6a852,false,141.9,100,141.9,88.13,46;0;0;0,words,10,-1,22,3.89,0,19.84,false,false,english,,master,false,false,false,67a8b1dfc60cdb18429d5ecf;6a34f2b2b7b5429521db59a8,1789110612000
6aa3a916b5a78d8418a6a612,false,136.53,100,136.53,89.59,57;0;0;0,words,10,-1,7,5.01,0,8.27,false,false,english,,master,false,false,false,67a8b1dfc60cdb18429d5ecf;6a34f2b2b7b5429521db59a8,1789110550000
6aa3a900b5a78d8418a6a535,false,130.09,100,130.09,92.55,49;0;0;0,words,10,-1,12,4.52,0,9.66,false,false,english,,master,false,false,false,67a8b1dfc60cdb18429d5ecf;6a34f2b2b7b5429521db59a8,1789110528000
6aa3a8e2b5a78d8418a6a42f,false,117.6,100,117.6,81.84,49;0;0;0,words,10,-1,3,5,0,5.25,false,false,english,,master,false,false,false,67a8b1dfc60cdb18429d5ecf;6a34f2b2b7b5429521db59a8,1789110498000
6aa3a892b5a78d8418a6a17d,false,132.71,100,132.71,93.57,47;0;0;0,words,10,-1,32,4.25,0,36.06,false,false,english,,master,false,false,false,67a8b1dfc60cdb18429d5ecf;6a34f2b2b7b5429521db59a8,1789110418000
6aa3a7f8b5a78d8418a69c01,false,143.73,100,143.73,88.94,43;0;0;0,words,10,-1,12,3.59,0,18.45,false,false,english,,master,false,false,false,67a8b1dfc60cdb18429d5ecf;6a34f2b2b7b5429521db59a8,1789110264000
6aa3a7d1b5a78d8418a69a8a,false,127.93,100,127.93,82.5,50;0;0;0,words,10,-1,10,4.69,0,6.33,false,false,english,,master,false,false,false,67a8b1dfc60cdb18429d5ecf;6a34f2b2b7b5429521db59a8,1789110225000
6aa3a7afb5a78d8418a6990b,false,122.85,100,122.85,80.99,56;0;0;0,words,10,-1,1,5.47,0,3.99,false,false,english,,master,false,false,false,67a8b1dfc60cdb18429d5ecf;6a34f2b2b7b5429521db59a8,1789110191000
6aa3a377b5a78d8418a6723e,false,132.26,100,132.26,90.19,55;0;0;0,words,10,-1,11,4.99,0,17.96,false,false,english,,master,false,false,false,67a8b1dfc60cdb18429d5ecf;6a34f2b2b7b5429521db59a8,1789109111000
6aa23e31b5a78d84189843e9,false,130.6,100,130.6,91.41,53;0;0;0,words,10,-1,1,4.87,0,0.46,false,false,english,,master,false,false,false,67a8b1dfc60cdb18429d5ecf;6a34f2b2b7b5429521db59a8,1789017649000
6aa0efebb5a78d84188ad23f,false,105.18,100,105.18,88.14,44;0;0;0,words,10,-1,3,5.02,0,5.36,false,false,english,,master,false,false,false,67a8b1dfc60cdb18429d5ecf;6a34f2b2b7b5429521db59a8,1788932075000
6a9fa61db5a78d84187dbda3,false,104.87,100,104.87,73.66,52;0;0;0,words,10,-1,1,5.95,0,0.6,false,false,english,,master,false,false,false,,1788847645000
6a9e4741b5a78d84187194ad,false,103.55,100,103.55,76.43,51;0;0;0,words,10,-1,0,5.91,0,0,false,false,english,,master,false,false,false,67a8b1dfc60cdb18429d5ecf;6a34f2b2b7b5429521db59a8,1788757825000
6a9d91cbb5a78d84186c9a02,false,118.49,100,118.49,88.88,55;0;0;0,words,10,-1,9,5.57,0,11.82,false,false,english,,master,false,false,false,66f0476a66c51bbe14fbe34c;693b17813540add646bcb3ef,1788711371000
6a9a9b7bb5a78d841853e051,false,115.51,100,115.51,87.31,54;0;0;0,words,10,-1,6,5.61,0,12.82,false,false,english,,master,false,false,false,,1788517243000
6a9a94dcb5a78d841853a21c,false,104,100,104,85.2,52;0;0;0,words,10,-1,6,6,0,6.98,false,false,english,,master,false,false,false,,1788515548000
6a9a9481b5a78d8418539ece,false,113.04,100,113.04,84.26,52;0;0;0,words,10,-1,11,5.52,0,21.35,false,false,english,,master,false,false,false,,1788515457000
6a9a93fcb5a78d8418539a0d,false,133.01,100,133.01,87.14,46;0;0;0,words,10,-1,29,4.15,0,52.81,false,false,english,,master,false,false,false,,1788515324000
6a9a92a7b5a78d8418538d46,false,104.09,100,104.09,85.2,53;0;0;0,words,10,-1,11,6.11,0,20.99,false,false,english,,master,false,false,false,,1788514983000
6a9a7d57b5a78d841852bce3,false,114.82,100,114.82,78.55,51;0;0;0,words,10,-1,21,5.33,0,24.8,false,false,english,,master,false,false,false,,1788509527000
6a9a7c4ab5a78d841852b302,false,130.72,100,130.72,83.43,50;0;0;0,words,10,-1,2,4.59,0,3.55,false,false,english,,master,false,false,false,,1788509258000
6a9a7bbfb5a78d841852ae7b,false,134.8,100,134.8,84.97,51;0;0;0,words,10,-1,14,4.54,0,11.67,false,false,english,,master,false,false,false,,1788509119000
6a9a7b7ab5a78d841852ac10,false,130.86,100,130.86,89.16,53;0;0;0,words,10,-1,17,4.86,0,27.94,false,false,english,,master,false,false,false,,1788509050000
6a9a7aa1b5a78d841852a4b7,false,112.57,100,112.57,76.84,53;0;0;0,words,10,-1,36,5.65,0,32.27,false,false,english,,master,false,false,false,,1788508833000
6a9a792bb5a78d84185296d5,false,140.15,100,140.15,92.63,48;0;0;0,words,10,-1,2,4.11,0,4.38,false,false,english,,master,false,false,false,,1788508459000
6a9a78a9b5a78d841852926c,false,130.77,100,130.77,87.82,51;0;0;0,words,10,-1,7,4.68,0,7.64,false,false,english,,master,false,false,false,,1788508329000
6a9a6c03b5a78d8418521e4e,false,121.29,100,121.29,86.16,47;0;0;0,words,10,-1,20,4.65,0,30.07,false,false,english,,master,false,false,false,,1788505091000
6a9a68fbb5a78d84185201fd,false,120.26,100,120.26,81.08,47;0;0;0,words,10,-1,0,4.69,0,0,false,false,english,,master,false,false,false,,1788504315000
6a9a68a8b5a78d841851ff28,false,118.22,100,118.22,85,53;0;0;0,words,10,-1,11,5.38,0,21.07,false,false,english,,master,false,false,false,,1788504232000
6a9a6865b5a78d841851fce0,false,119.31,100,119.31,89.38,52;0;0;0,words,10,-1,24,5.23,0,19.96,false,false,english,,master,false,false,false,,1788504165000
6a9a67fab5a78d841851f972,false,132.72,100,132.72,95.97,48;0;0;0,words,10,-1,40,4.34,0,51.1,false,false,english,,master,false,false,false,,1788504058000
6a9a675cb5a78d841851f389,false,132.75,100,132.75,86.55,51;0;0;0,words,10,-1,4,4.61,0,4.02,false,false,english,,master,false,false,false,,1788503900000
6a9a6736b5a78d841851f236,false,111.93,100,111.93,82.19,61;0;0;0,words,10,-1,31,6.54,0,50.94,false,false,english,,master,false,false,false,,1788503862000
6a9a66c2b5a78d841851edf5,false,122.94,100,122.94,92.93,46;0;0;0,words,10,-1,8,4.49,0,11.66,false,false,english,,master,false,false,false,,1788503746000
6a9a66a6b5a78d841851ecf4,false,128,100,128,90.75,48;0;0;0,words,10,-1,7,4.5,0,8.58,false,false,english,,master,false,false,false,,1788503718000
6a9a668fb5a78d841851ec28,false,119.57,100,119.57,81.57,56;0;0;0,words,10,-1,3,5.62,0,8.56,false,false,english,,master,false,false,false,,1788503695000
6a990619b5a78d8418440d7e,false,119.16,100,119.16,85.55,57;0;0;0,words,10,-1,2,5.74,0,3.1,false,false,english,,master,false,false,false,67a8b1dfc60cdb18429d5ecf;6a34f2b2b7b5429521db59a8,1788413465000
6a97b35eb5a78d84183689b8,false,113.84,100,113.84,81.43,61;0;0;0,words,10,-1,0,6.43,0,0,false,false,english,,master,false,false,false,67a8b1dfc60cdb18429d5ecf;6a34f2b2b7b5429521db59a8,1788326750000
6a97b356b5a78d8418368984,false,109.3,100,109.3,87.83,47;0;0;0,words,10,-1,0,5.16,0,0,false,false,english,,master,false,false,false,67a8b1dfc60cdb18429d5ecf;6a34f2b2b7b5429521db59a8,1788326742000
6a965e5cb5a78d84182950e5,false,123.64,100,123.64,86.29,51;0;0;0,words,10,-1,0,4.95,0,0,false,false,english,,master,false,false,false,67a8b1dfc60cdb18429d5ecf;6a34f2b2b7b5429521db59a8,1788239452000
6a965e55b5a78d8418295098,false,101.66,100,101.66,67.76,51;0;0;0,words,10,-1,6,6.02,0,11.8,false,false,english,,master,false,false,false,67a8b1dfc60cdb18429d5ecf;6a34f2b2b7b5429521db59a8,1788239445000
6a950b26b5a78d84181c1376,false,106.99,100,106.99,81.99,51;0;0;0,words,10,-1,1,5.72,0,3.79,false,false,english,,master,false,false,false,67a8b1dfc60cdb18429d5ecf;6a34f2b2b7b5429521db59a8,1788152614000
6a92fe93b5a78d84180d76ba,false,114.71,100,114.71,85.87,52;0;0;0,words,10,-1,11,5.44,0,14.46,false,false,english,,master,false,false,false,66f0476a66c51bbe14fbe34c;693b17813540add646bcb3ef,1788018323000
6a92fe5ab5a78d84180d748e,false,132.33,100,132.33,93.58,44;0;0;0,words,10,-1,11,3.99,0,16.5,false,false,english,,normal,false,false,false,66f0476a66c51bbe14fbe34c;693b17813540add646bcb3ef,1788018266000
6a92fe10b5a78d84180d71b6,false,130.19,100,130.19,89.86,46;0;0;0,words,10,-1,14,4.24,0,29.78,false,false,english,,normal,false,false,false,66f0476a66c51bbe14fbe34c;693b17813540add646bcb3ef,1788018192000
6a92fddeb5a78d84180d6fe0,false,126.81,100,126.81,88.46,54;0;0;0,words,10,-1,7,5.11,0,16.37,false,false,english,,normal,false,false,false,66f0476a66c51bbe14fbe34c;693b17813540add646bcb3ef,1788018142000
6a92a562b5a78d84180a86ad,false,117.19,98.08,121.88,93.68,50;1;0;0,words,10,-1,10,5.12,0,16.94,false,false,english,,normal,false,false,false,66f0476a66c51bbe14fbe34c;693b17813540add646bcb3ef,1787995490000
6a92a541b5a78d84180a85bb,false,130.53,100,130.53,87.72,57;0;0;0,words,10,-1,7,5.24,0,9.11,false,false,english,,normal,false,false,false,66f0476a66c51bbe14fbe34c;693b17813540add646bcb3ef,1787995457000
6a92a51bb5a78d84180a8475,false,132.35,100,132.35,88.87,45;0;0;0,words,10,-1,28,4.08,0,52.11,false,false,english,,normal,false,false,false,66f0476a66c51bbe14fbe34c;693b17813540add646bcb3ef,1787995419000
6a92a49db5a78d84180a80be,false,127.5,100,127.5,81.76,51;0;0;0,words,10,-1,0,4.8,0,0,false,false,english,,normal,false,false,false,66f0476a66c51bbe14fbe34c;693b17813540add646bcb3ef,1787995293000
6a91e1bdb5a78d8418059212,false,108.51,96.3,114.89,84.68,51;2;0;0,words,10,-1,22,5.64,0,52.56,false,false,english,,normal,false,false,false,66f0476a66c51bbe14fbe34c;693b17813540add646bcb3ef,1787945405000
6a91e171b5a78d8418058f00,false,111.11,96,123.46,96.18,45;2;0;0,words,10,-1,1,4.86,0,2.35,false,false,english,,normal,false,false,false,66f0476a66c51bbe14fbe34c;693b17813540add646bcb3ef,1787945329000
6a911b6cb5a78d8418fd292e,false,112.5,96.49,125.74,84.31,51;2;0;0,words,10,-1,2,5.44,0,3.56,false,false,english,,normal,false,false,false,67a8b1dfc60cdb18429d5ecf;6a34f2b2b7b5429521db59a8,1787894636000
6a911b60b5a78d8418fd28ce,false,97.44,94.92,102.86,69.66,54;1;0;1,words,10,-1,4,6.65,0,4.22,false,false,english,,normal,false,false,false,67a8b1dfc60cdb18429d5ecf;6a34f2b2b7b5429521db59a8,1787894624000
6a911b50b5a78d8418fd2856,false,102.07,88.24,124.48,88.16,41;4;1;1,words,10,-1,1,4.82,0,1.18,false,false,english,,normal,false,false,false,67a8b1dfc60cdb18429d5ecf;6a34f2b2b7b5429521db59a8,1787894608000
6a911b48b5a78d8418fd2812,false,106.21,100,106.21,81.11,47;0;0;0,words,10,-1,6,5.31,0,12.15,false,false,english,,normal,false,false,false,67a8b1dfc60cdb18429d5ecf;6a34f2b2b7b5429521db59a8,1787894600000
6a9029bcb5a78d8418f3ff43,false,107.09,95.65,126.32,89.37,39;2;1;0,words,10,-1,3,4.37,0,5.22,false,false,english,,normal,false,false,false,67a8b1dfc60cdb18429d5ecf;6a34f2b2b7b5429521db59a8,1787832764000
6a9029aeb5a78d8418f3feb6,false,120.91,100,120.91,87.35,53;0;0;0,words,10,-1,2,5.26,0,4.56,false,false,english,,normal,false,false,false,67a8b1dfc60cdb18429d5ecf;6a34f2b2b7b5429521db59a8,1787832750000
6a8fc709b5a78d8418f05713,false,98.49,95.65,119.22,93.4,38;2;0;1,words,10,-1,3,4.63,0,11.64,false,false,english,,normal,false,false,false,67a8b1dfc60cdb18429d5ecf;6a34f2b2b7b5429521db59a8,1787807497000
6a8e89aab5a78d8418e3ed3c,false,73.13,88.89,101.25,62.28,39;5;3;0,words,10,-1,5,6.4,0,12.47,false,false,english,,normal,false,false,false,67a8b1dfc60cdb18429d5ecf;6a34f2b2b7b5429521db59a8,1787726250000
6a8d27f8b5a78d8418d65e9e,false,103.35,93.44,116.75,88.23,54;4;1;0,words,10,-1,8,6.27,0,17.51,false,false,english,,normal,false,false,false,67a8b1dfc60cdb18429d5ecf;6a34f2b2b7b5429521db59a8,1787635704000
6a8d27d8b5a78d8418d65d87,false,115.64,100,115.64,89.9,61;0;0;0,words,10,-1,4,6.33,0,5.25,false,false,english,,normal,false,false,false,67a8b1dfc60cdb18429d5ecf;6a34f2b2b7b5429521db59a8,1787635672000
6a8d27c8b5a78d8418d65cf1,false,113.25,100,113.25,90.06,52;0;0;0,words,10,-1,1,5.51,0,0.75,false,false,english,,normal,false,false,false,67a8b1dfc60cdb18429d5ecf;6a34f2b2b7b5429521db59a8,1787635656000
6a8d271cb5a78d8418d65770,false,114.4,100,114.4,91.87,49;0;0;0,words,10,-1,10,5.14,0,17.73,false,false,english,,normal,false,false,false,67a8b1dfc60cdb18429d5ecf;6a34f2b2b7b5429521db59a8,1787635484000
6a8d26fdb5a78d8418d65680,false,99.77,95.12,113.63,91.04,36;2;1;0,words,10,-1,0,4.33,0,0,false,false,english,,normal,false,false,false,67a8b1dfc60cdb18429d5ecf;6a34f2b2b7b5429521db59a8,1787635453000
6a8d26f7b5a78d8418d6565b,false,88.81,86.89,125.99,90.82,43;8;3;0,words,10,-1,3,5.81,0,8.92,false,false,english,,normal,false,false,false,67a8b1dfc60cdb18429d5ecf;6a34f2b2b7b5429521db59a8,1787635447000
6a8bd1d2b5a78d8418c98b32,false,104.74,90.38,118.41,82.44,46;5;0;0,words,10,-1,11,5.27,0,18.44,false,false,english,,normal,false,false,false,67a8b1dfc60cdb18429d5ecf;6a34f2b2b7b5429521db59a8,1787548114000
6a8aa605b5a78d8418c08ea0,false,107.72,100,107.72,83.54,50;0;0;0,words,10,-1,2,5.57,0,2.98,false,false,english,,master,false,false,false,66f0476a66c51bbe14fbe34c;693b17813540add646bcb3ef,1787471365000
6a896b32b5a78d8418b7da9a,false,127.03,100,127.03,89.35,47;0;0;0,words,10,-1,26,4.44,0,28.73,false,false,english,,master,false,false,false,66f0476a66c51bbe14fbe34c;693b17813540add646bcb3ef,1787390770000
6a8969b2b5a78d8418b7cee0,false,131.81,100,131.81,86.24,48;0;0;0,words,10,-1,4,4.37,0,4.32,false,false,english,,master,false,false,false,66f0476a66c51bbe14fbe34c;693b17813540add646bcb3ef,1787390386000
6a896990b5a78d8418b7cde4,false,134.27,100,134.27,92.63,48;0;0;0,words,10,-1,14,4.29,0,20.02,false,false,english,,master,false,false,false,66f0476a66c51bbe14fbe34c;693b17813540add646bcb3ef,1787390352000
6a896965b5a78d8418b7cc8c,false,128.57,100,128.57,89.35,48;0;0;0,words,10,-1,2,4.48,0,4.74,false,false,english,,master,false,false,false,66f0476a66c51bbe14fbe34c;693b17813540add646bcb3ef,1787390309000
6a89693fb5a78d8418b7cb7f,false,140.67,100,140.67,92.47,49;0;0;0,words,10,-1,24,4.18,0,42.19,false,false,english,,master,false,false,false,66f0476a66c51bbe14fbe34c;693b17813540add646bcb3ef,1787390271000
6a8968e0b5a78d8418b7c891,false,140.13,100,140.13,83.74,55;0;0;0,words,10,-1,19,4.71,0,27.86,false,false,english,,master,false,false,false,66f0476a66c51bbe14fbe34c;693b17813540add646bcb3ef,1787390176000
6a896897b5a78d8418b7c653,false,133.61,100,133.61,90.91,54;0;0;0,words,10,-1,0,4.85,0,0,false,false,english,,master,false,false,false,66f0476a66c51bbe14fbe34c;693b17813540add646bcb3ef,1787390103000
6a896878b5a78d8418b7c56b,false,121.55,100,121.55,83.27,55;0;0;0,words,10,-1,1,5.43,0,0.29,false,false,english,,master,false,false,false,66f0476a66c51bbe14fbe34c;693b17813540add646bcb3ef,1787390072000
6a896870b5a78d8418b7c538,false,121.01,100,121.01,90.93,48;0;0;0,words,10,-1,17,4.76,0,19.27,false,false,english,,master,false,false,false,66f0476a66c51bbe14fbe34c;693b17813540add646bcb3ef,1787390064000
6a89682fb5a78d8418b7c369,false,131.12,100,131.12,92.29,46;0;0;0,words,10,-1,30,4.21,0,40.45,false,false,english,,master,false,false,false,66f0476a66c51bbe14fbe34c;693b17813540add646bcb3ef,1787389999000
6a8967d2b5a78d8418b7c097,false,127.87,100,127.87,87.04,52;0;0;0,words,10,-1,8,4.88,0,7.14,false,false,english,,master,false,false,false,66f0476a66c51bbe14fbe34c;693b17813540add646bcb3ef,1787389906000
6a89670eb5a78d8418b7ba2c,false,120,100,120,83.39,50;0;0;0,words,10,-1,3,5,0,2.44,false,false,english,,master,false,false,false,66f0476a66c51bbe14fbe34c;693b17813540add646bcb3ef,1787389710000
6a8966f7b5a78d8418b7b97f,false,132,100,132,84.13,55;0;0;0,words,10,-1,4,5,0,5.12,false,false,english,,normal,false,false,false,66f0476a66c51bbe14fbe34c;693b17813540add646bcb3ef,1787389687000
6a8966e8b5a78d8418b7b8ed,false,117.21,95.83,133.95,87.14,42;2;1;0,words,10,-1,20,4.3,0,38.15,false,false,english,,normal,false,false,false,66f0476a66c51bbe14fbe34c;693b17813540add646bcb3ef,1787389672000
6a8966a3b5a78d8418b7b6e4,false,121.8,100,121.8,85.86,54;0;0;0,words,10,-1,13,5.32,0,21.71,false,false,english,,normal,false,false,false,66f0476a66c51bbe14fbe34c;693b17813540add646bcb3ef,1787389603000
6a89667bb5a78d8418b7b5c0,false,100.18,93.1,123.62,82.55,47;4;1;0,words,10,-1,12,5.63,0,27.35,false,false,english,,normal,false,false,false,66f0476a66c51bbe14fbe34c;693b17813540add646bcb3ef,1787389563000
6a896650b5a78d8418b7b465,false,121.7,94.34,129.01,91.1,50;3;0;0,words,10,-1,2,4.93,0,2.17,false,false,english,,normal,false,false,false,66f0476a66c51bbe14fbe34c;693b17813540add646bcb3ef,1787389520000
6a896646b5a78d8418b7b415,false,125.06,100,125.06,83.8,47;0;0;0,words,10,-1,2,4.51,0,1.76,false,false,english,,normal,false,false,false,66f0476a66c51bbe14fbe34c;693b17813540add646bcb3ef,1787389510000
6a89663bb5a78d8418b7b3a8,false,132.78,100,132.78,94.1,53;0;0;0,words,10,-1,0,4.79,0,0,false,false,english,,normal,false,false,false,66f0476a66c51bbe14fbe34c;693b17813540add646bcb3ef,1787389499000
6a896633b5a78d8418b7b377,false,129.95,100,129.95,89.35,47;0;0;0,words,10,-1,9,4.34,0,14.02,false,false,english,,normal,false,false,false,66f0476a66c51bbe14fbe34c;693b17813540add646bcb3ef,1787389491000
6a896619b5a78d8418b7b2b3,false,117.7,100,117.7,91.5,41;0;0;0,words,10,-1,3,4.18,0,4.18,false,false,english,,normal,false,false,false,66f0476a66c51bbe14fbe34c;693b17813540add646bcb3ef,1787389465000
6a89660db5a78d8418b7b24f,false,115.83,100,115.83,89.38,50;0;0;0,words,10,-1,5,5.18,0,11.29,false,false,english,,normal,false,false,false,66f0476a66c51bbe14fbe34c;693b17813540add646bcb3ef,1787389453000
6a89533db5a78d8418b720e9,false,131.43,100,131.43,40.74,46;0;0;0,words,10,-1,3,4.2,0,11.09,false,false,english,,normal,false,false,false,66f0476a66c51bbe14fbe34c;693b17813540add646bcb3ef,1787384637000
6a89532bb5a78d8418b7205c,false,120.24,96.3,129.86,86.17,50;2;0;1,words,10,-1,2,4.99,0,3.24,false,false,english,,normal,false,false,false,66f0476a66c51bbe14fbe34c;693b17813540add646bcb3ef,1787384619000
6a895305b5a78d8418b71f3a,false,129.66,100,129.66,95.97,47;0;0;0,words,10,-1,4,4.35,0,7.75,false,false,english,,normal,false,false,false,66f0476a66c51bbe14fbe34c;693b17813540add646bcb3ef,1787384581000
6a8952f5b5a78d8418b71eb2,false,118.08,97.87,129.06,87.75,43;1;0;0,words,10,-1,26,4.37,0,51.4,false,false,english,,normal,false,false,false,66f0476a66c51bbe14fbe34c;693b17813540add646bcb3ef,1787384565000
6a894262b5a78d8418b69fcd,false,108.42,91.84,120.74,93.58,44;4;0;0,words,10,-1,3,4.87,0,6.52,false,false,english,,normal,false,false,false,66f0476a66c51bbe14fbe34c;693b17813540add646bcb3ef,1787380322000
6a894253b5a78d8418b69f48,false,118.94,96,132.16,61.52,45;2;1;0,words,10,-1,11,4.54,0,21.03,false,false,english,,normal,false,false,false,66f0476a66c51bbe14fbe34c;693b17813540add646bcb3ef,1787380307000
6a894231b5a78d8418b69e37,false,114.29,96.08,132.47,91.83,44;2;0;0,words,10,-1,19,4.62,0,36.74,false,false,english,,normal,false,false,false,66f0476a66c51bbe14fbe34c;693b17813540add646bcb3ef,1787380273000
6a8941ceb5a78d8418b69aca,false,132.06,100,132.06,85.63,46;0;0;0,words,10,-1,26,4.18,0,60.99,false,false,english,,normal,false,false,false,66f0476a66c51bbe14fbe34c;693b17813540add646bcb3ef,1787380174000
6a894179b5a78d8418b697f9,false,114.82,100,114.82,74.83,51;0;0;0,words,10,-1,7,5.33,0,8.17,false,false,english,,normal,false,false,false,66f0476a66c51bbe14fbe34c;693b17813540add646bcb3ef,1787380089000
6a894165b5a78d8418b69759,false,107.81,96.08,119.53,94.9,46;2;0;0,words,10,-1,40,5.12,0,62.63,false,false,english,,normal,false,false,false,66f0476a66c51bbe14fbe34c;693b17813540add646bcb3ef,1787380069000
6a894104b5a78d8418b69479,false,95.6,90,125.79,89.3,38;4;1;1,words,10,-1,18,4.77,0,39.18,false,false,english,,normal,false,false,false,66f0476a66c51bbe14fbe34c;693b17813540add646bcb3ef,1787379972000
6a893f2bb5a78d8418b685fa,false,127.59,100,127.59,88.65,42;0;0;0,words,10,-1,8,3.95,0,14.24,false,false,english,,master,false,false,false,66f0476a66c51bbe14fbe34c;693b17813540add646bcb3ef,1787379499000
6a893f0cb5a78d8418b684f9,false,129.73,100,129.73,87.92,48;0;0;0,words,10,-1,4,4.44,0,3.05,false,false,english,,master,false,false,false,66f0476a66c51bbe14fbe34c;693b17813540add646bcb3ef,1787379468000
6a893eddb5a78d8418b683a2,false,124.71,96,138.57,82.93,45;2;0;0,words,10,-1,30,4.33,0,55.89,false,false,english,,normal,false,false,false,66f0476a66c51bbe14fbe34c;693b17813540add646bcb3ef,1787379421000
6a893e89b5a78d8418b6810b,false,133.33,95.83,145.45,88.94,44;2;0;0,words,10,-1,36,3.96,0,59.12,false,false,english,,normal,false,false,false,66f0476a66c51bbe14fbe34c;693b17813540add646bcb3ef,1787379337000
6a893e30b5a78d8418b67dfe,false,117.65,100,117.65,81.09,45;0;0;0,words,10,-1,1,4.59,0,1.21,false,false,english,,normal,false,false,false,66f0476a66c51bbe14fbe34c;693b17813540add646bcb3ef,1787379248000
6a893e10b5a78d8418b67d04,true,148.45,100,148.45,94.51,48;0;0;0,words,10,-1,5,3.88,0,11.79,false,false,english,,normal,false,false,false,66f0476a66c51bbe14fbe34c;693b17813540add646bcb3ef,1787379216000
6a893df9b5a78d8418b67c4e,false,131.17,100,131.17,84.19,54;0;0;0,words,10,-1,1,4.94,0,1.74,false,false,english,,normal,false,false,false,66f0476a66c51bbe14fbe34c;693b17813540add646bcb3ef,1787379193000
6a893df0b5a78d8418b67c14,false,131.05,100,131.05,89.71,51;0;0;0,words,10,-1,1,4.67,0,1.04,false,false,english,,normal,false,false,false,66f0476a66c51bbe14fbe34c;693b17813540add646bcb3ef,1787379184000
6a893de8b5a78d8418b67bd9,false,121.78,100,121.78,87.37,48;0;0;0,words,10,-1,1,4.73,0,2.58,false,false,english,,normal,false,false,false,66f0476a66c51bbe14fbe34c;693b17813540add646bcb3ef,1787379176000
6a893a2fb5a78d8418b65ead,false,108.88,96.08,118.15,89.15,47;2;0;0,words,10,-1,7,5.18,0,17.01,false,false,english,,normal,false,false,false,66f0476a66c51bbe14fbe34c;693b17813540add646bcb3ef,1787378223000
6a893a12b5a78d8418b65dd2,false,111.97,100,111.97,91.86,46;0;0;0,words,10,-1,12,4.93,0,19.85,false,false,english,,normal,false,false,false,66f0476a66c51bbe14fbe34c;693b17813540add646bcb3ef,1787378194000
6a893984b5a78d8418b659cf,false,106.93,85.45,130.69,89.2,45;7;1;0,words,10,-1,6,5.05,0,11.58,false,false,english,,normal,false,false,false,66f0476a66c51bbe14fbe34c;693b17813540add646bcb3ef,1787378052000
6a89396db5a78d8418b6592f,false,115.92,100,115.92,56.56,54;0;0;0,words,10,-1,5,5.59,0,5.4,false,false,english,,normal,false,false,false,66f0476a66c51bbe14fbe34c;693b17813540add646bcb3ef,1787378029000
6a89395eb5a78d8418b658ba,false,105.57,91.38,124.96,85.76,49;3;2;0,words,10,-1,2,5.57,0,4.45,false,false,english,,normal,false,false,false,66f0476a66c51bbe14fbe34c;693b17813540add646bcb3ef,1787378014000
6a893951b5a78d8418b6584d,false,115.98,98,115.98,70.1,49;0;0;0,words,10,-1,2,5.07,0,4.63,false,false,english,,normal,false,false,false,66f0476a66c51bbe14fbe34c;693b17813540add646bcb3ef,1787378001000
6a8937aeb5a78d8418b64bf3,false,101.86,92.45,131.68,79.23,41;4;1;0,words,10,-1,1,4.83,0,2.08,false,false,english,,normal,false,false,false,66f0476a66c51bbe14fbe34c;693b17813540add646bcb3ef,1787377582000
6a8937a5b5a78d8418b64bb2,false,109.35,91.67,134.58,88.87,39;4;1;0,words,10,-1,13,4.28,0,21.59,false,false,english,,normal,false,false,false,66f0476a66c51bbe14fbe34c;693b17813540add646bcb3ef,1787377573000
6a893781b5a78d8418b64a9c,false,114.65,95.92,124.84,91.79,45;2;0;0,words,10,-1,7,4.71,0,11.36,false,false,english,,normal,false,false,false,66f0476a66c51bbe14fbe34c;693b17813540add646bcb3ef,1787377537000
6a89376bb5a78d8418b649fc,false,115,92,125,83.17,46;4;0;0,words,10,-1,1,4.8,0,1.7,false,false,english,,normal,false,false,false,66f0476a66c51bbe14fbe34c;693b17813540add646bcb3ef,1787377515000
6a893760b5a78d8418b649b1,false,98.36,96.3,118.03,79.19,45;1;1;0,words,10,-1,5,5.49,0,8.19,false,false,english,,normal,false,false,false,66f0476a66c51bbe14fbe34c;693b17813540add646bcb3ef,1787377504000
6a87f650b5a78d8418ab3072,false,117.19,100,117.19,85.87,50;0;0;0,words,10,-1,6,5.12,0,11.68,false,false,english,,normal,false,false,false,67a8b1dfc60cdb18429d5ecf;6a34f2b2b7b5429521db59a8,1787295312000
6a87f639b5a78d8418ab2fb5,false,114.29,100,114.29,82.04,46;0;0;0,words,10,-1,3,4.83,0,10.11,false,false,english,,normal,false,false,false,67a8b1dfc60cdb18429d5ecf;6a34f2b2b7b5429521db59a8,1787295289000
6a8746f1b5a78d8418a60ce9,false,109.79,96.72,117.5,79.6,57;2;0;0,words,10,-1,20,6.23,0,36.62,false,false,english,,normal,false,false,false,66f0476a66c51bbe14fbe34c;693b17813540add646bcb3ef,1787250417000
6a8746b7b5a78d8418a60a3a,false,117.26,92.59,134.72,84.25,47;3;1;0,words,10,-1,12,4.81,0,25.09,false,false,english,,normal,false,false,false,66f0476a66c51bbe14fbe34c;693b17813540add646bcb3ef,1787250359000
6a874689b5a78d8418a60821,false,131.51,100,131.51,89.2,56;0;0;0,words,10,-1,4,5.11,0,6.47,false,false,english,,normal,false,false,false,66f0476a66c51bbe14fbe34c;693b17813540add646bcb3ef,1787250313000
6a874679b5a78d8418a60760,false,113.63,95.65,127.48,82.58,41;2;0;0,words,10,-1,14,4.33,0,27.06,false,false,english,,normal,false,false,false,66f0476a66c51bbe14fbe34c;693b17813540add646bcb3ef,1787250297000
6a87464cb5a78d8418a60545,false,136.31,100,136.31,95.26,56;0;0;0,words,10,-1,16,4.93,0,34.85,false,false,english,,normal,false,false,false,,1787250252000
6a85f1e0b5a78d8418996fe8,false,117.6,96.23,127.2,91.91,49;2;1;0,words,10,-1,9,5,0,14.39,false,false,english,,normal,false,false,false,66f0476a66c51bbe14fbe34c;693b17813540add646bcb3ef,1787163104000
6a85f1c4b5a78d8418996e7d,false,110.02,96.61,120.2,86.07,54;2;0;0,words,10,-1,13,5.89,0,26.38,false,false,english,,normal,false,false,false,66f0476a66c51bbe14fbe34c;693b17813540add646bcb3ef,1787163076000
6a85f197b5a78d8418996c4d,false,127.72,100,127.72,89.35,43;0;0;0,words,10,-1,0,4.04,0,0,false,false,english,,normal,false,false,false,66f0476a66c51bbe14fbe34c;693b17813540add646bcb3ef,1787163031000
6a85f18ab5a78d8418996bab,false,131.71,100,131.71,92.29,45;0;0;0,words,10,-1,3,4.1,0,8.84,false,false,english,,normal,false,false,false,66f0476a66c51bbe14fbe34c;693b17813540add646bcb3ef,1787163018000
6a85ec17b5a78d8418992888,false,124.21,100,124.21,85.59,56;0;0;0,words,10,-1,2,5.41,0,2.57,false,false,english,,normal,false,false,false,66f0476a66c51bbe14fbe34c;693b17813540add646bcb3ef,1787161623000
6a85ec0cb5a78d84189927f8,false,110.16,100,110.16,88.89,56;0;0;0,words,10,-1,0,6.1,0,0,false,false,english,,normal,false,false,false,66f0476a66c51bbe14fbe34c;693b17813540add646bcb3ef,1787161612000
6a84c9fab5a78d84188e9d68,false,124.14,100,124.14,85.72,51;0;0;0,words,10,-1,9,4.93,0,17.69,false,false,english,,normal,false,false,false,66f0476a66c51bbe14fbe34c;693b17813540add646bcb3ef,1787087354000
6a84c9dbb5a78d84188e9ca2,false,104.97,90.91,131.21,86.39,44;4;1;0,words,10,-1,5,5.03,0,9.12,false,false,english,,normal,false,false,false,66f0476a66c51bbe14fbe34c;693b17813540add646bcb3ef,1787087323000
6a84c9c8b5a78d84188e9c13,false,102.13,87.76,125.11,91.48,40;6;0;1,words,10,-1,0,4.7,0,0,false,false,english,,normal,false,false,false,66f0476a66c51bbe14fbe34c;693b17813540add646bcb3ef,1787087304000
6a84c9c2b5a78d84188e9bdd,false,122.83,100,122.83,100,52;0;0;0,words,10,-1,2,5.08,0,1.2,false,false,english,,normal,false,false,false,66f0476a66c51bbe14fbe34c;693b17813540add646bcb3ef,1787087298000
6a847f2cb5a78d84188b6c4f,false,99.64,94,108.3,93.57,46;3;0;0,words,10,-1,14,5.54,0,29.21,false,false,english,,normal,false,false,false,66f0476a66c51bbe14fbe34c;693b17813540add646bcb3ef,1787068204000
6a829db6163be87b0a73d3b9,false,131.34,100,131.34,95.97,44;0;0;0,words,10,-1,5,4.02,0,10.9,false,false,english,,normal,false,false,false,67a8b1dfc60cdb18429d5ecf;6a34f2b2b7b5429521db59a8,1786944950000
6a816124163be87b0a6ab810,false,91.67,91.67,125,17.35,44;4;2;0,words,10,-1,12,5.76,0,22.2,false,false,english,,normal,false,false,false,66f0476a66c51bbe14fbe34c;693b17813540add646bcb3ef,1786863908000
6a8160f9163be87b0a6ab6bd,false,121.64,100,121.64,84.08,52;0;0;0,words,10,-1,2,5.13,0,5.6,false,false,english,,normal,false,false,false,66f0476a66c51bbe14fbe34c;693b17813540add646bcb3ef,1786863865000
6a8160eb163be87b0a6ab64d,false,120.45,100,120.45,85,53;0;0;0,words,10,-1,1,5.28,0,3.74,false,false,english,,normal,false,false,false,66f0476a66c51bbe14fbe34c;693b17813540add646bcb3ef,1786863851000
6a809920163be87b0a661ef0,false,127.97,100,127.97,84.06,53;0;0;0,words,10,-1,5,4.97,0,7.47,false,false,english,,normal,false,false,false,66f0476a66c51bbe14fbe34c;693b17813540add646bcb3ef,1786812704000
6a80990f163be87b0a661e64,false,128.88,94,143.2,88.94,45;3;0;0,words,10,-1,9,4.19,0,18.85,false,false,english,,normal,false,false,false,66f0476a66c51bbe14fbe34c;693b17813540add646bcb3ef,1786812687000
6a8098e1163be87b0a661ce4,true,144.13,100,144.13,88.62,43;0;0;0,words,10,-1,2,3.58,0,3.78,false,false,english,,normal,false,false,false,66f0476a66c51bbe14fbe34c;693b17813540add646bcb3ef,1786812641000
6a8098d7163be87b0a661c8f,false,120.26,96.08,133.33,93.6,46;2;1;0,words,10,-1,0,4.59,0,0,false,false,english,,normal,false,false,false,66f0476a66c51bbe14fbe34c;693b17813540add646bcb3ef,1786812631000
6a8098d1163be87b0a661c58,false,127.19,94.12,141.01,95.65,46;3;0;0,words,10,-1,2,4.34,0,3.76,false,false,english,,normal,false,false,false,66f0476a66c51bbe14fbe34c;693b17813540add646bcb3ef,1786812625000
6a8098b7163be87b0a661b59,false,116.04,93.88,129.23,87.53,44;2;1;0,words,10,-1,5,4.55,0,12.49,false,false,english,,normal,false,false,false,66f0476a66c51bbe14fbe34c;693b17813540add646bcb3ef,1786812599000
6a8098a0163be87b0a661a7d,false,134.61,100,134.61,78.68,47;0;0;0,words,10,-1,1,4.19,0,0.49,false,false,english,,normal,false,false,false,66f0476a66c51bbe14fbe34c;693b17813540add646bcb3ef,1786812576000
6a809899163be87b0a661a3f,false,121.17,100,121.17,91.06,52;0;0;0,words,10,-1,6,5.15,0,8.04,false,false,english,,normal,false,false,false,66f0476a66c51bbe14fbe34c;693b17813540add646bcb3ef,1786812569000
6a809886163be87b0a661991,false,113.91,95.83,127.15,76.59,43;2;0;0,words,10,-1,1,4.53,0,0.68,false,false,english,,normal,false,false,false,66f0476a66c51bbe14fbe34c;693b17813540add646bcb3ef,1786812550000
6a80987f163be87b0a661952,false,124.5,100,124.5,81.78,47;0;0;0,words,10,-1,11,4.53,0,19.62,false,false,english,,normal,false,false,false,66f0476a66c51bbe14fbe34c;693b17813540add646bcb3ef,1786812543000
6a804fb3163be87b0a6399e6,false,113.94,96.23,128.48,90.84,47;2;0;0,words,10,-1,11,4.95,0,20.76,false,false,english,,normal,false,false,false,66f0476a66c51bbe14fbe34c;693b17813540add646bcb3ef,1786793907000
6a804f8b163be87b0a639882,false,131.34,96,149.25,91.1,44;2;1;0,words,10,-1,16,4.02,0,33.88,false,false,english,,normal,false,false,false,66f0476a66c51bbe14fbe34c;693b17813540add646bcb3ef,1786793867000
6a804f58163be87b0a639707,false,101.5,91.23,128.57,92.31,45;5;0;1,words,10,-1,2,5.32,0,3.88,false,false,english,,normal,false,false,false,66f0476a66c51bbe14fbe34c;693b17813540add646bcb3ef,1786793816000
6a804f24163be87b0a63956e,false,98.11,88.24,128.3,82.66,39;5;1;0,words,10,-1,21,4.77,0,48.48,false,false,english,,normal,false,false,false,66f0476a66c51bbe14fbe34c;693b17813540add646bcb3ef,1786793764000
6a804ede163be87b0a63932d,false,113.11,94.12,125.41,87.08,46;3;0;0,words,10,-1,4,4.88,0,8.11,false,false,english,,normal,false,false,false,66f0476a66c51bbe14fbe34c;693b17813540add646bcb3ef,1786793694000
6a804ecc163be87b0a63929e,false,122.34,94.55,143.17,85.99,47;3;1;0,words,10,-1,0,4.61,0,0,false,false,english,,normal,false,false,false,66f0476a66c51bbe14fbe34c;693b17813540add646bcb3ef,1786793676000
6a804ec6163be87b0a639267,false,123.02,100,123.02,87.9,57;0;0;0,words,10,-1,3,5.56,0,4.23,false,false,english,,normal,false,false,false,66f0476a66c51bbe14fbe34c;693b17813540add646bcb3ef,1786793670000
6a804d9d163be87b0a638948,false,115.24,96.08,127.77,89.93,46;2;1;0,words,10,-1,11,4.79,0,14.79,false,false,english,,normal,false,false,false,66f0476a66c51bbe14fbe34c;693b17813540add646bcb3ef,1786793373000
6a804d6a163be87b0a6387c1,false,126.32,100,126.32,15.73,48;0;0;0,words,10,-1,12,4.56,0,24.27,false,false,english,,normal,false,false,false,66f0476a66c51bbe14fbe34c;693b17813540add646bcb3ef,1786793322000
6a7f1ba7163be87b0a5a4d44,false,126.01,97.92,137.47,92.63,44;1;0;0,words,10,-1,0,4.19,0,0,false,false,english,,normal,false,false,false,66f0476a66c51bbe14fbe34c;693b17813540add646bcb3ef,1786715047000
6a7f1ba1163be87b0a5a4d0a,false,101.89,89.13,130.19,80.37,36;4;1;0,words,10,-1,9,4.24,0,15.32,false,false,english,,normal,false,false,false,66f0476a66c51bbe14fbe34c;693b17813540add646bcb3ef,1786715041000
6a7f1b85163be87b0a5a4b80,false,109.71,100,109.71,81.41,48;0;0;0,words,10,-1,3,5.25,0,4.42,false,false,english,,normal,false,false,false,66f0476a66c51bbe14fbe34c;693b17813540add646bcb3ef,1786715013000
6a7ebb87163be87b0a56cd96,false,119.75,96.15,132.48,94.16,47;2;1;0,words,10,-1,1,4.71,0,1.47,false,false,english,,normal,false,false,false,67a8b1dfc60cdb18429d5ecf;6a34f2b2b7b5429521db59a8,1786690439000
6a7ebb7e163be87b0a56cd50,false,116.4,100,116.4,86.84,55;0;0;0,words,10,-1,0,5.67,0,0,false,false,english,,normal,false,false,false,67a8b1dfc60cdb18429d5ecf;6a34f2b2b7b5429521db59a8,1786690430000
6a7ebb6a163be87b0a56ccb1,false,107.4,94.64,115.66,80.61,52;3;0;0,words,10,-1,0,5.81,0,0,false,false,english,,normal,false,false,false,67a8b1dfc60cdb18429d5ecf;6a34f2b2b7b5429521db59a8,1786690410000
6a7c20b3163be87b0a3fcf79,false,94.64,92.59,98.42,73.91,50;2;0;0,words,10,-1,2,6.34,0,6.93,false,false,english,,normal,false,false,false,67a8b1dfc60cdb18429d5ecf;6a34f2b2b7b5429521db59a8,1786519731000
6a7c20a2163be87b0a3fcee2,false,114.41,95.92,124.58,88.4,45;2;1;0,words,10,-1,1,4.72,0,0.81,false,false,english,,normal,false,false,false,67a8b1dfc60cdb18429d5ecf;6a34f2b2b7b5429521db59a8,1786519714000
6a7b181f163be87b0a36f1f3,false,110.64,95.65,130.5,82.14,39;2;1;0,words,10,-1,24,4.23,0,54.98,false,false,english,,normal,false,false,false,67a8b1dfc60cdb18429d5ecf;6a34f2b2b7b5429521db59a8,1786451999000
6a7b17d0163be87b0a36ee34,false,115.71,100,115.71,90.22,54;0;0;0,words,10,-1,8,5.6,0,16.79,false,false,english,,normal,false,false,false,67a8b1dfc60cdb18429d5ecf;6a34f2b2b7b5429521db59a8,1786451920000
6a7b17b2163be87b0a36ed02,false,115.88,100,115.88,75.13,59;0;0;0,words,10,-1,1,6.11,0,0.72,false,false,english,,normal,false,false,false,67a8b1dfc60cdb18429d5ecf;6a34f2b2b7b5429521db59a8,1786451890000
6a7b17a8163be87b0a36ec8f,false,119.22,100,119.22,79.59,46;0;0;0,words,10,-1,4,4.63,0,9.26,false,false,english,,normal,false,false,false,67a8b1dfc60cdb18429d5ecf;6a34f2b2b7b5429521db59a8,1786451880000
6a7b13eb163be87b0a36c21d,false,109.75,100,109.75,75.27,61;0;0;0,words,10,-1,4,6.67,0,9.12,false,false,english,,normal,false,false,false,67a8b1dfc60cdb18429d5ecf;6a34f2b2b7b5429521db59a8,1786450923000
6a7ae179163be87b0a34cfb3,false,123.6,100,123.6,92.66,55;0;0;0,words,10,-1,1,5.34,0,2.03,false,false,english,,normal,false,false,false,67a8b1dfc60cdb18429d5ecf;6a34f2b2b7b5429521db59a8,1786438009000
6a7ae170163be87b0a34cf5a,false,117.15,100,117.15,79.87,37;0;0;0,words,10,-1,5,3.79,0,14.9,false,false,english,,normal,false,false,false,67a8b1dfc60cdb18429d5ecf;6a34f2b2b7b5429521db59a8,1786438000000
6a7adfa9163be87b0a34bd58,false,126.32,98.04,134.21,83.18,48;1;0;0,words,10,-1,3,4.56,0,8.71,false,false,english,,normal,false,false,false,67a8b1dfc60cdb18429d5ecf;6a34f2b2b7b5429521db59a8,1786437545000
6a7add7b163be87b0a34a854,false,94.44,93.62,130.56,95.97,34;3;2;0,words,10,-1,14,4.32,0,32.58,false,false,english,,normal,false,false,false,67a8b1dfc60cdb18429d5ecf;6a34f2b2b7b5429521db59a8,1786436987000
6a7add4b163be87b0a34a688,false,124.58,100,124.58,86.9,49;0;0;0,words,10,-1,2,4.72,0,2.08,false,false,english,,normal,false,false,false,67a8b1dfc60cdb18429d5ecf;6a34f2b2b7b5429521db59a8,1786436939000
6a7add1a163be87b0a34a4b7,false,130.67,100,130.67,85.47,49;0;0;0,words,10,-1,0,4.5,0,0,false,false,english,,normal,false,false,false,67a8b1dfc60cdb18429d5ecf;6a34f2b2b7b5429521db59a8,1786436890000
6a7add14163be87b0a34a47c,false,96.18,82.76,130.53,82.75,42;8;1;1,words,10,-1,5,5.24,0,14.64,false,false,english,,normal,false,false,false,67a8b1dfc60cdb18429d5ecf;6a34f2b2b7b5429521db59a8,1786436884000
6a7acb4d163be87b0a34018e,false,127,100,127,80.9,49;0;0;0,words,10,-1,2,4.63,0,7.2,false,false,english,,normal,false,false,false,67a8b1dfc60cdb18429d5ecf;6a34f2b2b7b5429521db59a8,1786432333000
6a7ab69c163be87b0a333eaf,false,113.57,100,113.57,84.21,53;0;0;0,words,10,-1,3,5.6,0,4.07,false,false,english,,normal,false,false,false,67a8b1dfc60cdb18429d5ecf;6a34f2b2b7b5429521db59a8,1786427036000
6a7ab68e163be87b0a333e37,false,108.86,95.74,121.81,80.92,42;2;1;0,words,10,-1,2,4.63,0,6.78,false,false,english,,normal,false,false,false,67a8b1dfc60cdb18429d5ecf;6a34f2b2b7b5429521db59a8,1786427022000
6a7ab67f163be87b0a333dad,false,104.61,100,104.61,82.8,53;0;0;0,words,10,-1,0,6.08,0,0,false,false,english,,normal,false,false,false,67a8b1dfc60cdb18429d5ecf;6a34f2b2b7b5429521db59a8,1786427007000
6a79b946163be87b0a2aca8d,false,105.95,100,105.95,75.31,49;0;0;0,words,10,-1,0,5.55,0,0,false,false,english,,normal,false,false,false,67a8b1dfc60cdb18429d5ecf;6a34f2b2b7b5429521db59a8,1786362182000
6a79b93c163be87b0a2aca35,false,119.25,100,119.25,98.32,48;0;0;0,words,10,-1,4,4.83,0,7.68,false,false,english,,normal,false,false,false,67a8b1dfc60cdb18429d5ecf;6a34f2b2b7b5429521db59a8,1786362172000
6a79b8f7163be87b0a2ac796,false,100.68,96.3,110.96,87.31,49;2;1;0,words,10,-1,20,5.84,0,47.8,false,false,english,,normal,false,false,false,67a8b1dfc60cdb18429d5ecf;6a34f2b2b7b5429521db59a8,1786362103000
6a79b8b1163be87b0a2ac4ec,false,100.84,92.73,110.92,82.32,50;4;1;0,words,10,-1,2,5.95,0,3.32,false,false,english,,normal,false,false,false,67a8b1dfc60cdb18429d5ecf;6a34f2b2b7b5429521db59a8,1786362033000
6a79acd9163be87b0a2a5431,false,100.96,96.15,119.31,83.67,44;2;1;0,words,10,-1,0,5.23,0,0,false,false,english,,normal,false,false,false,67a8b1dfc60cdb18429d5ecf;6a34f2b2b7b5429521db59a8,1786359001000
6a79acd3163be87b0a2a53f1,false,103.89,98,103.89,77.38,49;0;0;0,words,10,-1,5,5.66,0,5.02,false,false,english,,normal,false,false,false,67a8b1dfc60cdb18429d5ecf;6a34f2b2b7b5429521db59a8,1786358995000
6a79acc3163be87b0a2a5359,false,98.92,94.23,109.68,76.53,46;2;1;0,words,10,-1,0,5.58,0,0,false,false,english,,normal,false,false,false,67a8b1dfc60cdb18429d5ecf;6a34f2b2b7b5429521db59a8,1786358979000
6a79a970163be87b0a2a3308,false,104.64,100,104.64,70.04,47;0;0;0,words,10,-1,1,5.39,0,1.37,false,false,english,,normal,false,false,false,67a8b1dfc60cdb18429d5ecf;6a34f2b2b7b5429521db59a8,1786358128000
6a79a963163be87b0a2a3274,false,119.01,100,119.01,74.75,48;0;0;0,words,10,-1,2,4.84,0,2.7,false,false,english,,normal,false,false,false,67a8b1dfc60cdb18429d5ecf;6a34f2b2b7b5429521db59a8,1786358115000
6a79a959163be87b0a2a320d,false,108.27,100,108.27,76.82,48;0;0;0,words,10,-1,7,5.32,0,23.73,false,false,english,,normal,false,false,false,67a8b1dfc60cdb18429d5ecf;6a34f2b2b7b5429521db59a8,1786358105000
6a79a935163be87b0a2a309f,false,112.5,100,112.5,69.72,51;0;0;0,words,10,-1,1,5.44,0,1.08,false,false,english,,normal,false,false,false,67a8b1dfc60cdb18429d5ecf;6a34f2b2b7b5429521db59a8,1786358069000
6a79a92d163be87b0a2a3054,false,104.9,100,104.9,84.49,50;0;0;0,words,10,-1,4,5.72,0,13.66,false,false,english,,normal,false,false,false,67a8b1dfc60cdb18429d5ecf;6a34f2b2b7b5429521db59a8,1786358061000
6a79a916163be87b0a2a2f85,false,100,100,100,90.87,50;0;0;0,words,10,-1,1,6,0,5.2,false,false,english,,normal,false,false,false,67a8b1dfc60cdb18429d5ecf;6a34f2b2b7b5429521db59a8,1786358038000
6a79a908163be87b0a2a2f07,false,102.42,100,102.42,73.47,53;0;0;0,words,10,-1,3,6.21,0,4.91,false,false,english,,normal,false,false,false,67a8b1dfc60cdb18429d5ecf;6a34f2b2b7b5429521db59a8,1786358024000
6a798002163be87b0a28ab74,false,118.79,96.3,130.91,88.99,49;2;0;0,words,10,-1,1,4.95,0,0.89,false,false,english,,normal,false,false,false,67a8b1dfc60cdb18429d5ecf;6a34f2b2b7b5429521db59a8,1786347522000
6a797ffa163be87b0a28ab28,false,106.03,100,106.03,87.83,41;0;0;0,words,10,-1,4,4.64,0,10.13,false,false,english,,normal,false,false,false,67a8b1dfc60cdb18429d5ecf;6a34f2b2b7b5429521db59a8,1786347514000
6a797107163be87b0a282271,false,98.6,92.16,122.65,88.47,41;4;1;0,words,10,-1,13,4.99,0,29.92,false,false,english,,normal,false,false,false,67a8b1dfc60cdb18429d5ecf;6a34f2b2b7b5429521db59a8,1786343687000
6a7970da163be87b0a2820f2,false,109.49,100,109.49,76.06,50;0;0;0,words,10,-1,5,5.48,0,9.02,false,false,english,,normal,false,false,false,67a8b1dfc60cdb18429d5ecf;6a34f2b2b7b5429521db59a8,1786343642000
6a796ad9163be87b0a27ecce,false,88,96.15,104,91.4,44;2;1;0,words,10,-1,8,6,0,19.59,false,false,english,,normal,false,false,false,67a8b1dfc60cdb18429d5ecf;6a34f2b2b7b5429521db59a8,1786342105000
6a795e0b163be87b0a27848d,false,84.28,88.89,108.36,82.47,42;5;2;0,words,10,-1,0,5.98,0,0,false,false,english,,normal,false,false,false,67a8b1dfc60cdb18429d5ecf;6a34f2b2b7b5429521db59a8,1786338827000
6a78d8c7163be87b0a24756b,false,127,100,127,78.02,49;0;0;0,words,10,-1,13,4.63,0,33.6,false,false,english,,normal,false,false,false,66f0476a66c51bbe14fbe34c;693b17813540add646bcb3ef,1786304711000
6a78d895163be87b0a247445,false,95.2,85.71,123.99,84.31,43;7;1;0,words,10,-1,1,5.42,0,2.83,false,false,english,,normal,false,false,false,66f0476a66c51bbe14fbe34c;693b17813540add646bcb3ef,1786304661000
6a783b1f163be87b0a1f54a8,false,97.52,86.96,124.6,87.33,36;5;1;1,words,10,-1,11,4.43,0,19.96,false,false,english,,normal,false,false,false,66f0476a66c51bbe14fbe34c;693b17813540add646bcb3ef,1786264351000
6a783afe163be87b0a1f5392,false,105.6,100,105.6,85.61,55;0;0;0,words,10,-1,4,6.25,0,7.14,false,false,english,,normal,false,false,false,66f0476a66c51bbe14fbe34c;693b17813540add646bcb3ef,1786264318000
6a783aeb163be87b0a1f530a,false,120,98.28,126.67,90.93,54;0;0;1,words,10,-1,6,5.4,0,13.54,false,false,english,,normal,false,false,false,66f0476a66c51bbe14fbe34c;693b17813540add646bcb3ef,1786264299000
6a783ad2163be87b0a1f526a,false,112.75,96,134.23,92.63,42;2;0;0,words,10,-1,10,4.47,0,15.88,false,false,english,,normal,false,false,false,66f0476a66c51bbe14fbe34c;693b17813540add646bcb3ef,1786264274000
6a783ab5163be87b0a1f51a3,false,121.52,96.3,136.71,86.92,48;2;0;0,words,10,-1,2,4.74,0,1.9,false,false,english,,normal,false,false,false,66f0476a66c51bbe14fbe34c;693b17813540add646bcb3ef,1786264245000
6a783aa4163be87b0a1f512b,false,127.56,100,127.56,28.99,54;0;0;0,words,10,-1,4,5.08,0,5.64,false,false,english,,normal,false,false,false,66f0476a66c51bbe14fbe34c;693b17813540add646bcb3ef,1786264228000
6a783a5b163be87b0a1f4eea,false,136.71,100,136.71,96.36,45;0;0;0,words,10,-1,1,3.95,0,2.02,false,false,english,,normal,false,false,false,66f0476a66c51bbe14fbe34c;693b17813540add646bcb3ef,1786264155000
6a783a52163be87b0a1f4ea4,false,120.81,100,120.81,92.93,45;0;0;0,words,10,-1,12,4.47,0,23.51,false,false,english,,normal,false,false,false,66f0476a66c51bbe14fbe34c;693b17813540add646bcb3ef,1786264146000
6a7839f1163be87b0a1f4c02,false,129.87,100,129.87,92.5,50;0;0;0,words,10,-1,3,4.62,0,6.01,false,false,english,,normal,false,false,false,66f0476a66c51bbe14fbe34c;693b17813540add646bcb3ef,1786264049000
6a7839e2163be87b0a1f4b80,false,113.32,100,113.32,87.05,56;0;0;0,words,10,-1,7,5.93,0,14.03,false,false,english,,normal,false,false,false,66f0476a66c51bbe14fbe34c;693b17813540add646bcb3ef,1786264034000
6a75ca5b163be87b0a0dfc41,false,120.57,100,120.57,85.86,42;0;0;0,words,10,-1,13,4.18,0,31.65,false,false,english,,normal,false,false,false,67a8b1dfc60cdb18429d5ecf;6a34f2b2b7b5429521db59a8,1786104411000
6a75ca2a163be87b0a0dfa97,false,114.84,100,114.84,84.08,49;0;0;0,words,10,-1,1,5.12,0,1.43,false,false,english,,normal,false,false,false,67a8b1dfc60cdb18429d5ecf;6a34f2b2b7b5429521db59a8,1786104362000
6a75ca1d163be87b0a0dfa29,false,117.32,100,117.32,89.28,57;0;0;0,words,10,-1,18,5.83,0,40.81,false,false,english,,normal,false,false,false,67a8b1dfc60cdb18429d5ecf;6a34f2b2b7b5429521db59a8,1786104349000
6a75c531163be87b0a0dcb39,false,94.02,89.13,111.34,77.04,38;4;0;1,words,10,-1,3,4.85,0,6.98,false,false,english,,normal,false,false,false,67a8b1dfc60cdb18429d5ecf;6a34f2b2b7b5429521db59a8,1786103089000
6a75c522163be87b0a0dcaa3,false,110,95.92,122.5,88.68,44;2;1;0,words,10,-1,1,4.8,0,0.86,false,false,english,,normal,false,false,false,67a8b1dfc60cdb18429d5ecf;6a34f2b2b7b5429521db59a8,1786103074000
6a75b83c163be87b0a0d590a,false,123.68,100,123.68,85.87,47;0;0;0,words,10,-1,3,4.56,0,6.96,false,false,english,,normal,false,false,false,67a8b1dfc60cdb18429d5ecf;6a34f2b2b7b5429521db59a8,1786099772000
6a75b82d163be87b0a0d587a,false,105.3,92.73,120.66,90,48;3;1;0,words,10,-1,7,5.47,0,14.78,false,false,english,,normal,false,false,false,67a8b1dfc60cdb18429d5ecf;6a34f2b2b7b5429521db59a8,1786099757000
6a7585d8163be87b0a0b92a5,false,111.39,95.92,124.05,89.47,44;2;1;0,words,10,-1,2,4.74,0,7.07,false,false,english,,normal,false,false,false,67a8b1dfc60cdb18429d5ecf;6a34f2b2b7b5429521db59a8,1786086872000
6a74bc9b163be87b0a05ceec,false,115.66,95.45,127.23,78.88,40;2;0;0,words,10,-1,80,4.15,0,140.51,false,false,english,,normal,false,false,false,66f0476a66c51bbe14fbe34c;693b17813540add646bcb3ef,1786035355000
6a74bbc2163be87b0a05c55d,false,121.24,100,121.24,87.39,49;0;0;0,words,10,-1,28,4.85,0,56.73,false,false,english,,normal,false,false,false,66f0476a66c51bbe14fbe34c;693b17813540add646bcb3ef,1786035138000
6a74bb6e163be87b0a05c174,false,129.58,100,129.58,87.92,46;0;0;0,words,10,-1,6,4.26,0,8.36,false,false,english,,normal,false,false,false,66f0476a66c51bbe14fbe34c;693b17813540add646bcb3ef,1786035054000
6a74bb49163be87b0a05bfd9,false,141.37,95.56,147.95,96.69,43;2;0;0,words,10,-1,7,3.65,0,18.9,false,false,english,,normal,false,false,false,66f0476a66c51bbe14fbe34c;693b17813540add646bcb3ef,1786035017000
6a74bb1f163be87b0a05bdf0,false,134.97,100,134.97,85.04,55;0;0;0,words,10,-1,11,4.89,0,24.06,false,false,english,,normal,false,false,false,66f0476a66c51bbe14fbe34c;693b17813540add646bcb3ef,1786034975000
6a74bae4163be87b0a05bb6d,false,131.33,100,131.33,89.91,51;0;0;0,words,10,-1,4,4.66,0,3,false,false,english,,normal,false,false,false,66f0476a66c51bbe14fbe34c;693b17813540add646bcb3ef,1786034916000
6a74bad8163be87b0a05badc,false,115.59,96.49,115.59,77.63,55;0;0;0,words,10,-1,3,5.71,0,8.66,false,false,english,,normal,false,false,false,66f0476a66c51bbe14fbe34c;693b17813540add646bcb3ef,1786034904000
6a74bac5163be87b0a05b9e7,false,125.49,100,125.49,87.34,48;0;0;0,words,10,-1,9,4.59,0,13.36,false,false,english,,normal,false,false,false,66f0476a66c51bbe14fbe34c;693b17813540add646bcb3ef,1786034885000
6a74ba9b163be87b0a05b7ed,false,120.7,100,120.7,87.35,52;0;0;0,words,10,-1,17,5.17,0,32.92,false,false,english,,normal,false,false,false,66f0476a66c51bbe14fbe34c;693b17813540add646bcb3ef,1786034843000
6a74ba67163be87b0a05b5d9,false,114.81,100,114.81,88.22,42;0;0;0,words,10,-1,10,4.39,0,13.93,false,false,english,,normal,false,false,false,66f0476a66c51bbe14fbe34c;693b17813540add646bcb3ef,1786034791000
6a74ba46163be87b0a05b484,false,130.38,100,130.38,88.38,54;0;0;0,words,10,-1,7,4.97,0,10.83,false,false,english,,normal,false,false,false,66f0476a66c51bbe14fbe34c;693b17813540add646bcb3ef,1786034758000
6a74ba10163be87b0a05b22e,false,133.33,100,133.33,83.66,62;0;0;0,words,10,-1,7,5.58,0,16.67,false,false,english,,normal,false,false,false,66f0476a66c51bbe14fbe34c;693b17813540add646bcb3ef,1786034704000
6a74b9f4163be87b0a05b0e9,false,113.51,94.34,122.78,86.46,49;3;0;0,words,10,-1,14,5.18,0,26.36,false,false,english,,normal,false,false,false,66f0476a66c51bbe14fbe34c;693b17813540add646bcb3ef,1786034676000
6a74b9c1163be87b0a05ae8e,false,135.53,100,135.53,92.63,48;0;0;0,words,10,-1,13,4.25,0,20.5,false,false,english,,normal,false,false,false,66f0476a66c51bbe14fbe34c;693b17813540add646bcb3ef,1786034625000
6a74b996163be87b0a05acad,false,133.33,100,133.33,94.25,56;0;0;0,words,10,-1,6,5.04,0,14.92,false,false,english,,normal,false,false,false,66f0476a66c51bbe14fbe34c;693b17813540add646bcb3ef,1786034582000
6a74b94f163be87b0a05a998,false,121.65,100,121.65,87.98,59;0;0;0,words,10,-1,15,5.82,0,27.47,false,false,english,,normal,false,false,false,66f0476a66c51bbe14fbe34c;693b17813540add646bcb3ef,1786034511000
6a74b922163be87b0a05a7bf,false,122.33,93.33,131.07,84.21,42;3;0;0,words,10,-1,4,4.12,0,6.15,false,false,english,,normal,false,false,false,66f0476a66c51bbe14fbe34c;693b17813540add646bcb3ef,1786034466000
6a74b914163be87b0a05a722,false,122.33,91.49,136.89,85.63,42;4;0;0,words,10,-1,0,4.12,0,0,false,false,english,,normal,false,false,false,66f0476a66c51bbe14fbe34c;693b17813540add646bcb3ef,1786034452000
6a74b90d163be87b0a05a6d2,false,132.72,100,132.72,92.29,48;0;0;0,words,10,-1,2,4.34,0,6.01,false,false,english,,normal,false,false,false,66f0476a66c51bbe14fbe34c;693b17813540add646bcb3ef,1786034445000
6a74b5d3163be87b0a0581f0,false,107.61,94.64,107.61,76.26,53;0;0;0,words,10,-1,2,5.91,0,5.56,false,false,english,,normal,false,false,false,66f0476a66c51bbe14fbe34c;693b17813540add646bcb3ef,1786033619000
6a74b5c5163be87b0a058154,false,96.85,84.62,122.83,86.46,41;7;1;0,words,10,-1,4,5.08,0,6,false,false,english,,normal,false,false,false,66f0476a66c51bbe14fbe34c;693b17813540add646bcb3ef,1786033605000
6a74b5b6163be87b0a0580ae,false,108.9,89.47,121.71,79.34,51;5;1;0,words,10,-1,0,5.62,0,0,false,false,english,,normal,false,false,false,66f0476a66c51bbe14fbe34c;693b17813540add646bcb3ef,1786033590000
6a74b5af163be87b0a05806c,false,106.17,95.83,118.52,86.68,43;2;1;0,words,10,-1,14,4.86,0,20.77,false,false,english,,normal,false,false,false,66f0476a66c51bbe14fbe34c;693b17813540add646bcb3ef,1786033583000
6a74b58a163be87b0a057ef0,false,107.89,100,107.89,82.6,49;0;0;0,words,10,-1,6,5.45,0,9.78,false,false,english,,normal,false,false,false,66f0476a66c51bbe14fbe34c;693b17813540add646bcb3ef,1786033546000
6a74b575163be87b0a057e20,false,112.72,100,112.72,72.16,48;0;0;0,words,10,-1,18,5.11,0,35.86,false,false,english,,normal,false,false,false,66f0476a66c51bbe14fbe34c;693b17813540add646bcb3ef,1786033525000
6a74b53e163be87b0a057bea,false,109.54,88,124.48,69.72,44;4;2;0,words,10,-1,0,4.82,0,0,false,false,english,,normal,false,false,false,66f0476a66c51bbe14fbe34c;693b17813540add646bcb3ef,1786033470000
6a746b91163be87b0a025726,false,87.86,89.47,122.14,76.68,41;6;2;0,words,10,-1,12,5.6,0,22.85,false,false,english,,normal,false,false,false,67a8b1dfc60cdb18429d5ecf;6a34f2b2b7b5429521db59a8,1786014609000
6a746b6a163be87b0a02558f,false,106.15,96.15,120,88.1,46;2;1;0,words,10,-1,0,5.2,0,0,false,false,english,,normal,false,false,false,67a8b1dfc60cdb18429d5ecf;6a34f2b2b7b5429521db59a8,1786014570000
6a746b64163be87b0a025547,false,103.45,100,103.45,94.3,45;0;0;0,words,10,-1,0,5.22,0,0,false,false,english,,normal,false,false,false,67a8b1dfc60cdb18429d5ecf;6a34f2b2b7b5429521db59a8,1786014564000
6a745e41163be87b0a01d7d6,false,100,100,100,86.93,54;0;0;0,words,10,-1,3,6.48,0,8.05,false,false,english,,normal,false,false,false,67a8b1dfc60cdb18429d5ecf;6a34f2b2b7b5429521db59a8,1786011201000
6a745e2f163be87b0a01d716,false,110.16,100,110.16,84.29,56;0;0;0,words,10,-1,4,6.1,0,7.73,false,false,english,,normal,false,false,false,67a8b1dfc60cdb18429d5ecf;6a34f2b2b7b5429521db59a8,1786011183000
6a745e1c163be87b0a01d66f,false,114.18,100,114.18,82.7,53;0;0;0,words,10,-1,6,5.57,0,10.91,false,false,english,,normal,false,false,false,67a8b1dfc60cdb18429d5ecf;6a34f2b2b7b5429521db59a8,1786011164000
6a745e06163be87b0a01d57c,false,107.18,100,107.18,74.84,51;0;0;0,words,10,-1,0,5.71,0,0,false,false,english,,normal,false,false,false,67a8b1dfc60cdb18429d5ecf;6a34f2b2b7b5429521db59a8,1786011142000
6a745c2f163be87b0a01c454,false,110.84,100,110.84,87.73,46;0;0;0,words,10,-1,6,4.98,0,11.54,false,false,english,,normal,false,false,false,67a8b1dfc60cdb18429d5ecf;6a34f2b2b7b5429521db59a8,1786010671000
6a745c15163be87b0a01c368,false,120.24,100,120.24,80.88,50;0;0;0,words,10,-1,0,4.99,0,0,false,false,english,,normal,false,false,false,67a8b1dfc60cdb18429d5ecf;6a34f2b2b7b5429521db59a8,1786010645000
6a742958163be87b0afff44a,false,122.89,100,122.89,90,51;0;0;0,words,10,-1,11,4.98,0,25.91,false,false,english,,normal,false,false,false,67a8b1dfc60cdb18429d5ecf;6a34f2b2b7b5429521db59a8,1785997656000
6a742924163be87b0afff272,false,126.61,100,126.61,85.71,46;0;0;0,words,10,-1,2,4.36,0,1.63,false,false,english,,normal,false,false,false,67a8b1dfc60cdb18429d5ecf;6a34f2b2b7b5429521db59a8,1785997604000
6a74291b163be87b0afff226,false,119.05,100,119.05,92.36,50;0;0;0,words,10,-1,0,5.04,0,0,false,false,english,,normal,false,false,false,67a8b1dfc60cdb18429d5ecf;6a34f2b2b7b5429521db59a8,1785997595000
6a74277a163be87b0affe42c,false,99.07,96.36,99.07,78.46,53;0;0;0,words,10,-1,3,6.42,0,11.41,false,false,english,,normal,false,false,false,67a8b1dfc60cdb18429d5ecf;6a34f2b2b7b5429521db59a8,1785997178000
6a742764163be87b0affe377,false,114.4,96.3,126.07,88.68,49;2;1;0,words,10,-1,1,5.14,0,1.57,false,false,english,,normal,false,false,false,67a8b1dfc60cdb18429d5ecf;6a34f2b2b7b5429521db59a8,1785997156000
6a7313bd163be87b0af6dd5a,false,98.43,100,98.43,82.2,47;0;0;0,words,10,-1,1,5.73,0,2.46,false,false,english,,normal,false,false,false,67a8b1dfc60cdb18429d5ecf;6a34f2b2b7b5429521db59a8,1785926589000
6a72dff7163be87b0af4eb3b,false,124.22,100,124.22,91.06,53;0;0;0,words,10,-1,4,5.12,0,6.33,false,false,english,,normal,false,false,false,67a8b1dfc60cdb18429d5ecf;6a34f2b2b7b5429521db59a8,1785913335000
6a72dfe7163be87b0af4ea9e,false,117.96,96.55,131.57,94.25,52;2;0;0,words,10,-1,2,5.29,0,4.12,false,false,english,,normal,false,false,false,67a8b1dfc60cdb18429d5ecf;6a34f2b2b7b5429521db59a8,1785913319000
6a72dfda163be87b0af4ea2b,false,127.81,100,127.81,83.24,54;0;0;0,words,10,-1,5,5.07,0,8.51,false,false,english,,normal,false,false,false,67a8b1dfc60cdb18429d5ecf;6a34f2b2b7b5429521db59a8,1785913306000
6a719226658c7ce3910dfc35,false,94.29,92.16,109.29,79.53,44;3;1;0,words,10,-1,1,5.6,0,0.88,false,false,english,,normal,false,false,false,67a8b1dfc60cdb18429d5ecf;6a34f2b2b7b5429521db59a8,1785827878000
6a71921e658c7ce3910dfbdd,false,96.66,100,96.66,73,53;0;0;0,words,10,-1,0,6.58,0,0,false,false,english,,normal,false,false,false,67a8b1dfc60cdb18429d5ecf;6a34f2b2b7b5429521db59a8,1785827870000
6a703622658c7ce3910242b9,false,115.14,95.92,125.37,87.08,45;2;1;0,words,10,-1,3,4.69,0,10.07,false,false,english,,normal,false,false,false,67a8b1dfc60cdb18429d5ecf;6a34f2b2b7b5429521db59a8,1785738786000
6a7021ef658c7ce39101981c,false,115.57,100,115.57,85.64,47;0;0;0,words,10,-1,2,4.88,0,3.16,false,false,english,,normal,false,false,false,67a8b1dfc60cdb18429d5ecf;6a34f2b2b7b5429521db59a8,1785733615000
6a7021e0658c7ce3910197af,false,92.89,100,92.89,74.76,49;0;0;0,words,10,-1,0,6.33,0,0,false,false,english,,master,false,false,false,67a8b1dfc60cdb18429d5ecf;6a34f2b2b7b5429521db59a8,1785733600000
6a6efafe658c7ce391f944a3,false,116.13,100,116.13,93.12,45;0;0;0,words,10,-1,14,4.65,0,27.22,false,false,english,,normal,false,false,false,66f0476a66c51bbe14fbe34c;693b17813540add646bcb3ef,1785658110000
6a6ef395658c7ce391f90f00,false,126.87,96.15,137.44,88.44,48;2;0;0,words,10,-1,4,4.54,0,6.16,false,false,english,,normal,false,false,false,66f0476a66c51bbe14fbe34c;693b17813540add646bcb3ef,1785656213000
6a6ef386658c7ce391f90ea3,false,125.15,100,125.15,89.23,51;0;0;0,words,10,-1,2,4.89,0,4.25,false,false,english,,normal,false,false,false,66f0476a66c51bbe14fbe34c;693b17813540add646bcb3ef,1785656198000
6a6ef364658c7ce391f90db5,false,134.75,100,134.75,92.28,53;0;0;0,words,10,-1,6,4.72,0,14.55,false,false,english,,normal,false,false,false,66f0476a66c51bbe14fbe34c;693b17813540add646bcb3ef,1785656164000
6a6ef324658c7ce391f90c0e,false,137.53,100,137.53,93.57,51;0;0;0,words,10,-1,3,4.45,0,6.24,false,false,english,,normal,false,false,false,66f0476a66c51bbe14fbe34c;693b17813540add646bcb3ef,1785656100000
6a6ef315658c7ce391f90ba3,false,109.92,93.02,131.3,93.46,36;3;0;0,words,10,-1,1,3.93,0,3.01,false,false,english,,normal,false,false,false,66f0476a66c51bbe14fbe34c;693b17813540add646bcb3ef,1785656085000
6a6dd8fb658c7ce391f1e8d9,false,122.96,100,122.96,88.57,54;0;0;0,words,10,-1,0,5.27,0,0,false,false,english,,normal,false,false,false,66f0476a66c51bbe14fbe34c;693b17813540add646bcb3ef,1785583867000
6a6dd8f5658c7ce391f1e89c,false,116.13,100,116.13,89.77,48;0;0;0,words,10,-1,18,4.96,0,31.75,false,false,english,,normal,false,false,false,66f0476a66c51bbe14fbe34c;693b17813540add646bcb3ef,1785583861000
6a6dd899658c7ce391f1e570,false,139.29,100,139.29,95.65,52;0;0;0,words,10,-1,5,4.48,0,5.46,false,false,english,,normal,false,false,false,66f0476a66c51bbe14fbe34c;693b17813540add646bcb3ef,1785583769000
6a6dd87f658c7ce391f1e49a,false,115.04,100,115.04,85.87,51;0;0;0,words,10,-1,1,5.32,0,0.77,false,false,english,,normal,false,false,false,66f0476a66c51bbe14fbe34c;693b17813540add646bcb3ef,1785583743000
6a6dd877658c7ce391f1e44f,false,115.2,100,115.2,89.38,48;0;0;0,words,10,-1,1,5,0,1.58,false,false,english,,normal,false,false,false,66f0476a66c51bbe14fbe34c;693b17813540add646bcb3ef,1785583735000
6a6dd86d658c7ce391f1e3f4,false,117.6,100,117.6,85.87,49;0;0;0,words,10,-1,0,5,0,0,false,false,english,,normal,false,false,false,66f0476a66c51bbe14fbe34c;693b17813540add646bcb3ef,1785583725000
6a6c8b29658c7ce391e81ba4,false,129.66,100,129.66,91.75,47;0;0;0,words,10,-1,30,4.35,0,50.81,false,false,english,,normal,false,false,false,67a8b1dfc60cdb18429d5ecf;6a34f2b2b7b5429521db59a8,1785498409000
6a6c8ab1658c7ce391e8175a,false,113.66,100,113.66,85.57,52;0;0;0,words,10,-1,21,5.49,0,45.55,false,false,english,,normal,false,false,false,67a8b1dfc60cdb18429d5ecf;6a34f2b2b7b5429521db59a8,1785498289000
6a6c8a6c658c7ce391e814e1,false,110.32,100,110.32,76.69,49;0;0;0,words,10,-1,1,5.33,0,1.66,false,false,english,,normal,false,false,false,67a8b1dfc60cdb18429d5ecf;6a34f2b2b7b5429521db59a8,1785498220000
6a6c8a62658c7ce391e81489,false,95.79,82.98,125.06,94.8,36;8;1;1,words,10,-1,6,4.51,0,17.68,false,false,english,,normal,false,false,false,67a8b1dfc60cdb18429d5ecf;6a34f2b2b7b5429521db59a8,1785498210000
6a6c8a46658c7ce391e813a9,false,135.38,100,135.38,89.47,44;0;0;0,words,10,-1,3,3.9,0,3.06,false,false,english,,normal,false,false,false,67a8b1dfc60cdb18429d5ecf;6a34f2b2b7b5429521db59a8,1785498182000
6a6adb0faf23e07586c488ea,false,128.38,100,128.38,90.79,49;0;0;0,words,10,-1,1,4.58,0,3.38,false,false,english,,normal,false,false,false,67a8b1dfc60cdb18429d5ecf;6a34f2b2b7b5429521db59a8,1785387791000
6a6adb05af23e07586c48880,false,109.09,91.84,133.64,93.57,40;4;1;0,words,10,-1,1,4.4,0,0.98,false,false,english,,normal,false,false,false,67a8b1dfc60cdb18429d5ecf;6a34f2b2b7b5429521db59a8,1785387781000
6a6adafdaf23e07586c48841,false,105.75,96,114.94,91.49,46;2;1;0,words,10,-1,0,5.22,0,0,false,false,english,,normal,false,false,false,67a8b1dfc60cdb18429d5ecf;6a34f2b2b7b5429521db59a8,1785387773000
6a6a64f4af23e07586c1b252,false,126.19,100,126.19,92.31,53;0;0;0,words,10,-1,9,5.04,0,14.58,false,false,english,,normal,false,false,false,66f0476a66c51bbe14fbe34c;693b17813540add646bcb3ef,1785357556000
6a6a64d2af23e07586c1b16c,false,143.38,100,143.38,94.06,46;0;0;0,words,10,-1,0,3.85,0,0,false,false,english,,normal,false,false,false,66f0476a66c51bbe14fbe34c;693b17813540add646bcb3ef,1785357522000
6a6a64cdaf23e07586c1b14a,false,111.93,93.62,119.74,85.61,43;2;0;5,words,10,-1,4,4.61,0,10.68,false,false,english,,normal,false,false,false,66f0476a66c51bbe14fbe34c;693b17813540add646bcb3ef,1785357517000
6a699f07af23e07586ba12a9,false,90.44,95.56,99.26,88.05,41;2;0;0,words,10,-1,4,5.44,0,15.31,false,false,english,,normal,false,false,false,67a8b1dfc60cdb18429d5ecf;6a34f2b2b7b5429521db59a8,1785306887000
6a68df53af23e07586b4a1b0,false,127.87,100,127.87,85.7,52;0;0;0,words,10,-1,0,4.88,0,0,false,false,english,,master,false,false,false,66f0476a66c51bbe14fbe34c;693b17813540add646bcb3ef,1785257811000
6a68df49af23e07586b4a141,false,116.55,100,116.55,87.99,54;0;0;0,words,10,-1,1,5.56,0,4.42,false,false,english,,normal,false,false,false,66f0476a66c51bbe14fbe34c;693b17813540add646bcb3ef,1785257801000
6a68df3aaf23e07586b4a0a4,false,133.02,100,133.02,87.92,47;0;0;0,words,10,-1,0,4.24,0,0,false,false,english,,normal,false,false,false,66f0476a66c51bbe14fbe34c;693b17813540add646bcb3ef,1785257786000
6a673dadaf23e07586a5c8d8,false,118.9,100,118.9,85,54;0;0;0,words,10,-1,2,5.45,0,7.48,false,false,english,,normal,false,false,false,67a8b1dfc60cdb18429d5ecf;6a34f2b2b7b5429521db59a8,1785150893000
6a673d9daf23e07586a5c829,false,120.88,100,120.88,85.86,41;0;0;0,words,10,-1,15,4.07,0,32.11,false,false,english,,normal,false,false,false,67a8b1dfc60cdb18429d5ecf;6a34f2b2b7b5429521db59a8,1785150877000
6a673d6daf23e07586a5c65d,false,102.36,96.15,113.25,73.37,47;2;0;0,words,10,-1,1,5.51,0,5.39,false,false,english,,normal,false,false,false,67a8b1dfc60cdb18429d5ecf;6a34f2b2b7b5429521db59a8,1785150829000
6a673d60af23e07586a5c5d5,false,113.75,100,113.75,80.27,51;0;0;0,words,10,-1,19,5.38,0,39.03,false,false,english,,normal,false,false,false,67a8b1dfc60cdb18429d5ecf;6a34f2b2b7b5429521db59a8,1785150816000
6a673d0baf23e07586a5c285,false,120.52,100,120.52,85.88,46;0;0;0,words,10,-1,0,4.58,0,0,false,false,english,,normal,false,false,false,67a8b1dfc60cdb18429d5ecf;6a34f2b2b7b5429521db59a8,1785150731000
6a673c6aaf23e07586a5bc73,false,121.05,100,121.05,87.19,46;0;0;0,words,10,-1,4,4.56,0,7.12,false,false,english,,normal,false,false,false,67a8b1dfc60cdb18429d5ecf;6a34f2b2b7b5429521db59a8,1785150570000
6a673c5aaf23e07586a5bbe1,false,111.18,100,111.18,81.86,58;0;0;0,words,10,-1,0,6.26,0,0,false,false,english,,normal,false,false,false,67a8b1dfc60cdb18429d5ecf;6a34f2b2b7b5429521db59a8,1785150554000
6a673c52af23e07586a5bb9f,false,87.63,91.67,116.84,81.82,36;4;1;0,words,10,-1,11,4.93,0,19.78,false,false,english,,normal,false,false,false,67a8b1dfc60cdb18429d5ecf;6a34f2b2b7b5429521db59a8,1785150546000
6a673c2faf23e07586a5ba27,false,116.77,100,116.77,85.22,47;0;0;0,words,10,-1,0,4.83,0,0,false,false,english,,normal,false,false,false,67a8b1dfc60cdb18429d5ecf;6a34f2b2b7b5429521db59a8,1785150511000
6a673c29af23e07586a5b9ea,false,98.82,92.19,112.94,88.72,56;5;0;1,words,10,-1,7,6.8,0,15.52,false,false,english,,normal,false,false,false,67a8b1dfc60cdb18429d5ecf;6a34f2b2b7b5429521db59a8,1785150505000
6a673c0caf23e07586a5b8d0,false,103.99,100,103.99,81.55,50;0;0;0,words,10,-1,4,5.77,0,6.65,false,false,english,,normal,false,false,false,67a8b1dfc60cdb18429d5ecf;6a34f2b2b7b5429521db59a8,1785150476000
6a673bfbaf23e07586a5b81a,false,119.73,100,119.73,84.19,44;0;0;0,words,10,-1,13,4.41,0,24.94,false,false,english,,normal,false,false,false,67a8b1dfc60cdb18429d5ecf;6a34f2b2b7b5429521db59a8,1785150459000
6a673b2aaf23e07586a5b031,false,110.29,100,110.29,75.79,50;0;0;0,words,10,-1,3,5.44,0,9.4,false,false,english,,normal,false,false,false,67a8b1dfc60cdb18429d5ecf;6a34f2b2b7b5429521db59a8,1785150250000
6a673b17af23e07586a5af64,false,109.09,100,109.09,75.16,55;0;0;0,words,10,-1,0,6.05,0,0,false,false,english,,normal,false,false,false,67a8b1dfc60cdb18429d5ecf;6a34f2b2b7b5429521db59a8,1785150231000
6a6737bfaf23e07586a58fab,false,108.56,100,108.56,79.71,56;0;0;0,words,10,-1,2,6.19,0,3.05,false,false,english,,normal,false,false,false,6a61c0b6af23e075867c2f17;6a34f2b2b7b5429521db59a8,1785149375000
6a673725af23e07586a589e5,false,118.89,95.74,129.95,89.35,43;2;0;0,words,10,-1,10,4.34,0,19.24,false,false,english,,normal,false,false,false,6a61c0b6af23e075867c2f17;6a34f2b2b7b5429521db59a8,1785149221000
6a673703af23e07586a5889a,false,103.98,100,103.98,86.26,61;0;0;0,words,10,-1,11,7.04,0,23.11,false,false,english,,normal,false,false,false,6a61c0b6af23e075867c2f17;6a34f2b2b7b5429521db59a8,1785149187000
6a66ea97af23e07586a2ccff,false,118.24,100,118.24,95.24,47;0;0;0,words,10,-1,4,4.77,0,13.21,false,false,english,,normal,false,false,false,6a61c0b6af23e075867c2f17;6a34f2b2b7b5429521db59a8,1785129623000
6a66e96caf23e07586a2c2f2,false,102.8,98.11,102.8,79.29,52;0;0;0,words,10,-1,2,6.07,0,9.06,false,false,english,,normal,false,false,false,6a61c0b6af23e075867c2f17;6a34f2b2b7b5429521db59a8,1785129324000
6a662383af23e075869d9822,false,121.7,100,121.7,81.19,50;0;0;0,words,10,-1,9,4.93,0,16.47,false,false,english,,master,false,false,false,66f0476a66c51bbe14fbe34c;693b17813540add646bcb3ef,1785078659000
6a661dd8af23e075869d620a,false,128.37,100,128.37,89.86,46;0;0;0,words,10,-1,50,4.3,0,66.67,false,false,english,,master,false,false,false,66f0476a66c51bbe14fbe34c;693b17813540add646bcb3ef,1785077208000
6a661d3aaf23e075869d5c38,false,122.45,100,122.45,87.33,45;0;0;0,words,10,-1,52,4.41,0,74.91,false,false,english,,master,false,false,false,66f0476a66c51bbe14fbe34c;693b17813540add646bcb3ef,1785077050000
6a65c1e3af23e075869a72e2,false,108.88,100,108.88,86.75,48;0;0;0,words,10,-1,50,5.29,0,68.73,false,false,english,,master,false,false,false,67a8ccc1c60cdb18429e94ab;66f0476a66c51bbe14fbe34c,1785053667000
6a65c12baf23e075869a6c83,false,125.2,100,125.2,95.29,53;0;0;0,words,10,-1,3,5.08,0,1.58,false,false,english,,master,false,false,false,67a8ccc1c60cdb18429e94ab;66f0476a66c51bbe14fbe34c,1785053483000
6a65c0bdaf23e075869a68dd,false,51.26,92,75.38,81.56,34;4;2;0,words,10,-1,1,7.96,0,15.47,false,false,english,,normal,false,false,false,66f0476a66c51bbe14fbe34c;6a6523bbaf23e075869722d3,1785053373000
6a65c09daf23e075869a67d8,false,23.24,78.95,41.49,65.17,28;5;3;0,words,10,-1,0,14.46,0,0,false,false,english,,normal,false,false,false,66f0476a66c51bbe14fbe34c;6a6523bbaf23e075869722d3,1785053341000
6a65c052af23e075869a6528,false,37.34,93.33,42.32,44.56,45;1;1;0,words,10,-1,0,14.46,0,0,false,false,english,,normal,false,false,false,66f0476a66c51bbe14fbe34c;6a6523bbaf23e075869722d3,1785053266000
6a65c037af23e075869a6424,false,40,97.96,40,52.83,47;0;0;0,words,10,-1,0,14.1,0,0,false,false,english,,normal,false,false,false,66f0476a66c51bbe14fbe34c;6a6523bbaf23e075869722d3,1785053239000
6a65c01baf23e075869a6335,false,24.27,100,24.27,62.6,51;0;0;0,words,10,-1,0,25.22,0,0,false,false,english,,normal,false,false,false,66f0476a66c51bbe14fbe34c;6a6523bbaf23e075869722d3,1785053211000
6a65bff9af23e075869a6213,false,19.79,88.33,25.39,60.55,46;1;5;0,words,10,-1,0,27.89,0,0,false,false,english,,normal,false,false,false,66f0476a66c51bbe14fbe34c;6a6523bbaf23e075869722d3,1785053177000
6a653f60af23e0758697a3ef,false,26.1,95.16,26.1,45.52,59;0;0;0,words,10,-1,1,27.13,2,2.89,false,false,english,,normal,false,false,false,66f0476a66c51bbe14fbe34c;6a6523bbaf23e075869722d3,1785020256000
6a653ebbaf23e0758697a18f,false,21.96,94.55,21.96,50.27,52;0;0;0,words,10,-1,0,28.41,0,0,false,false,english,,normal,false,false,false,66f0476a66c51bbe14fbe34c;6a6523bbaf23e075869722d3,1785020091000
6a653e9baf23e0758697a112,false,20.77,93.44,20.77,46.39,57;0;0;0,words,10,-1,0,32.93,1,0,false,false,english,,normal,false,false,false,66f0476a66c51bbe14fbe34c;6a6523bbaf23e075869722d3,1785020058000
6a653e75af23e0758697a066,false,19.09,87.14,19.09,32.1,60;0;0;0,words,10,-1,0,37.72,1,0,false,false,english,,normal,false,false,false,66f0476a66c51bbe14fbe34c;6a6523bbaf23e075869722d3,1785020021000
6a653e4caf23e07586979fb2,false,24.98,98.11,24.98,59.37,52;0;0;0,words,10,-1,0,24.98,1,0,false,false,english,,normal,false,false,false,66f0476a66c51bbe14fbe34c;6a6523bbaf23e075869722d3,1785019980000
6a653e2baf23e07586979f29,false,21.07,96.72,23.86,45.3,53;1;1;0,words,10,-1,0,30.18,2,0,false,false,english,,normal,false,false,false,66f0476a66c51bbe14fbe34c;6a6523bbaf23e075869722d3,1785019947000
6a653e08af23e07586979e88,false,22.69,96.36,22.69,44.9,53;0;0;0,words,10,-1,0,28.03,1,0,false,false,english,,normal,false,false,false,66f0476a66c51bbe14fbe34c;6a6523bbaf23e075869722d3,1785019912000
6a653de7af23e07586979dfd,false,21.12,91.8,21.12,27.23,56;0;0;0,words,10,-1,1,31.82,3,9.56,false,false,english,,normal,false,false,false,66f0476a66c51bbe14fbe34c;6a6523bbaf23e075869722d3,1785019879000
6a653db6af23e07586979d3e,false,18.94,83.93,18.94,42.44,47;0;0;0,words,10,-1,0,29.78,2,0,false,false,english,,normal,false,false,false,66f0476a66c51bbe14fbe34c;6a6523bbaf23e075869722d3,1785019830000
6a653d94af23e07586979cba,false,25.17,96.15,25.17,46.94,50;0;0;0,words,10,-1,0,23.84,2,0,false,false,english,,normal,false,false,false,66f0476a66c51bbe14fbe34c;6a6523bbaf23e075869722d3,1785019796000
6a653d76af23e07586979c3a,false,20.75,95.92,20.75,36.85,47;0;0;0,words,10,-1,2,27.18,3,27.67,false,false,english,,normal,false,false,false,66f0476a66c51bbe14fbe34c;6a6523bbaf23e075869722d3,1785019766000
6a653d24af23e07586979adf,false,12.96,81.36,24.62,43.73,30;4;7;0,words,10,-1,1,27.78,2,32.4,false,false,english,,normal,false,false,false,66f0476a66c51bbe14fbe34c;6a6523bbaf23e075869722d3,1785019684000
6a653ce1af23e075869799d8,false,24.18,98.08,24.18,51.11,51;0;0;0,words,10,-1,0,25.31,2,0,false,false,english,,normal,false,false,false,66f0476a66c51bbe14fbe34c;6a6523bbaf23e075869722d3,1785019617000
6a653cc3af23e07586979956,false,18.24,91.49,19.16,39.27,40;0;0;3,words,10,-1,0,26.31,2,0,false,false,english,,normal,false,false,false,66f0476a66c51bbe14fbe34c;6a6523bbaf23e075869722d3,1785019587000
6a653ca0af23e075869798c4,false,20.44,97.83,20.44,51.55,45;0;0;0,words,10,-1,0,26.42,2,0,false,false,english,,normal,false,false,false,66f0476a66c51bbe14fbe34c;6a6523bbaf23e075869722d3,1785019552000
6a653c7caf23e07586979829,false,16.91,89.83,16.91,26.39,53;0;0;0,words,10,-1,0,37.62,6,0,false,false,english,,normal,false,false,false,66f0476a66c51bbe14fbe34c;6a6523bbaf23e075869722d3,1785019516000
6a653c52af23e07586979777,false,12.59,79.69,15,29.29,47;2;4;0,words,10,-1,0,44.79,6,0,false,false,english,,normal,false,false,false,66f0476a66c51bbe14fbe34c;6a6523bbaf23e075869722d3,1785019474000
6a653c21af23e07586979690,false,18.16,90.32,18.16,41.79,56;0;0;0,words,10,-1,0,37.01,2,0,false,false,english,,normal,false,false,false,66f0476a66c51bbe14fbe34c;6a6523bbaf23e075869722d3,1785019425000
6a653bf8af23e075869795bc,false,15.96,86.44,19.67,52.69,43;2;1;0,words,10,-1,0,32.33,0,0,false,false,english,,normal,false,false,false,66f0476a66c51bbe14fbe34c;6a6523bbaf23e075869722d3,1785019384000
6a653bd2af23e07586979524,false,20.94,98.04,20.94,44.12,50;0;0;0,words,10,-1,0,28.66,3,0,false,false,english,,normal,false,false,false,66f0476a66c51bbe14fbe34c;6a6523bbaf23e075869722d3,1785019346000
6a653bb1af23e0758697949c,false,17.22,91.53,17.22,42.37,54;0;0;0,words,10,-1,0,37.62,2,0,false,false,english,,normal,false,false,false,66f0476a66c51bbe14fbe34c;6a6523bbaf23e075869722d3,1785019313000
6a653b60af23e07586979351,false,15.68,88,15.68,41.02,63;0;0;0,words,10,-1,0,48.21,1,0,false,false,english,,normal,false,false,false,66f0476a66c51bbe14fbe34c;6a6523bbaf23e075869722d3,1785019232000
6a653b2baf23e07586979279,false,18.75,94.12,18.75,38.6,48;0;0;0,words,10,-1,0,30.72,2,0,false,false,english,,normal,false,false,false,66f0476a66c51bbe14fbe34c;6a6523bbaf23e075869722d3,1785019179000
6a653b07af23e075869791ee,false,13.7,91.67,17.35,31.39,45;2;2;0,words,10,-1,3,39.42,7,8.53,false,false,english,,normal,false,false,false,66f0476a66c51bbe14fbe34c;6a6523bbaf23e075869722d3,1785019143000
6a653ac3af23e07586979104,false,80.93,100,80.93,93.93,58;0;0;0,words,10,-1,16,8.6,0,55.87,false,false,english,,normal,false,false,false,66f0476a66c51bbe14fbe34c;6a6523bbaf23e075869722d3,1785019075000
6a653a71af23e07586978fde,false,58.44,93.22,76.62,87.37,45;4;2;0,words,10,-1,3,9.24,0,16.83,false,false,english,,normal,false,false,false,66f0476a66c51bbe14fbe34c;6a6523bbaf23e075869722d3,1785018993000
6a653a47af23e07586978f61,false,50.94,86.54,77.9,92.41,34;7;2;1,words,10,-1,0,8.01,0,0,false,false,english,,normal,false,false,false,66f0476a66c51bbe14fbe34c;6a6523bbaf23e075869722d3,1785018951000
6a653a37af23e07586978f29,false,62.42,98.15,68.79,77.99,49;1;1;0,words,10,-1,1,9.42,0,3.66,false,false,english,,normal,false,false,false,66f0476a66c51bbe14fbe34c;6a6523bbaf23e075869722d3,1785018935000
6a653486af23e0758697778d,false,129.73,100,129.73,88.75,52;0;0;0,words,10,-1,15,4.81,0,22.43,false,false,english,,master,false,false,false,67a8ccc1c60cdb18429e94ab;66f0476a66c51bbe14fbe34c,1785017478000
6a653450af23e075869776a3,false,120.49,100,120.49,83.32,49;0;0;0,words,10,-1,3,4.88,0,4.04,false,false,english,,master,false,false,false,67a8ccc1c60cdb18429e94ab;66f0476a66c51bbe14fbe34c,1785017424000
6a653442af23e0758697766f,false,120,100,120,86.49,47;0;0;0,words,10,-1,41,4.7,0,65.13,false,false,english,,master,false,false,false,67a8ccc1c60cdb18429e94ab;66f0476a66c51bbe14fbe34c,1785017410000
6a6533a2af23e075869773c0,false,129.31,100,129.31,89.78,50;0;0;0,words,10,-1,3,4.64,0,3.78,false,false,english,,master,false,false,false,67a8ccc1c60cdb18429e94ab;66f0476a66c51bbe14fbe34c,1785017250000
6a653392af23e07586977384,false,123.08,100,123.08,91.06,52;0;0;0,words,10,-1,13,5.07,0,10.96,false,false,english,,master,false,false,false,67a8ccc1c60cdb18429e94ab;66f0476a66c51bbe14fbe34c,1785017234000
6a653372af23e075869772fc,false,137.8,100,137.8,90.31,48;0;0;0,words,10,-1,1,4.18,0,1.71,false,false,english,,master,false,false,false,67a8ccc1c60cdb18429e94ab;66f0476a66c51bbe14fbe34c,1785017202000
6a65335faf23e075869772af,false,125.55,100,125.55,83.66,52;0;0;0,words,10,-1,3,4.97,0,2.65,false,false,english,,master,false,false,false,67a8ccc1c60cdb18429e94ab;66f0476a66c51bbe14fbe34c,1785017183000
6a653352af23e07586977276,false,113.97,100,113.97,82.61,51;0;0;0,words,10,-1,14,5.37,0,27.4,false,false,english,,master,false,false,false,67a8ccc1c60cdb18429e94ab;66f0476a66c51bbe14fbe34c,1785017170000
6a65331baf23e07586977188,false,102.6,94.55,122.68,92.66,46;3;1;0,words,10,-1,1,5.38,0,1.94,false,false,english,,normal,false,false,false,67a8ccc1c60cdb18429e94ab;66f0476a66c51bbe14fbe34c,1785017115000
6a653303af23e07586977118,false,124.31,100,124.31,89.68,49;0;0;0,words,10,-1,6,4.73,0,7.21,false,false,english,,normal,false,false,false,67a8ccc1c60cdb18429e94ab;66f0476a66c51bbe14fbe34c,1785017091000
6a6532ebaf23e075869770be,false,115.46,100,115.46,95.27,56;0;0;0,words,10,-1,2,5.82,0,6.26,false,false,english,,normal,false,false,false,67a8ccc1c60cdb18429e94ab;66f0476a66c51bbe14fbe34c,1785017067000
6a6532dcaf23e07586977089,false,120.97,96.3,130.65,89.62,50;2;0;0,words,10,-1,7,4.96,0,18.25,false,false,english,,normal,false,false,false,67a8ccc1c60cdb18429e94ab;66f0476a66c51bbe14fbe34c,1785017052000
6a6532aeaf23e07586976fb0,false,109.77,100,109.77,82.43,44;0;0;0,words,10,-1,2,4.81,0,6.43,false,false,english,,normal,false,false,false,67a8ccc1c60cdb18429e94ab;66f0476a66c51bbe14fbe34c,1785017006000
6a653287af23e07586976efe,false,110.73,95.56,115.88,76.65,43;2;0;0,words,10,-1,2,4.66,0,1.81,false,false,english,,normal,false,false,false,67a8ccc1c60cdb18429e94ab;66f0476a66c51bbe14fbe34c,1785016967000
6a653233af23e07586976d86,false,119.58,100,119.58,86.83,57;0;0;0,words,10,-1,21,5.72,0,34.92,false,false,english,,master,false,false,false,67a8ccc1c60cdb18429e94ab;66f0476a66c51bbe14fbe34c,1785016883000
6a6531f4af23e07586976c4a,false,123.89,100,123.89,88.64,51;0;0;0,words,10,-1,43,4.94,0,59.89,false,false,english,,master,false,false,false,67a8ccc1c60cdb18429e94ab;66f0476a66c51bbe14fbe34c,1785016820000
6a653179af23e07586976a09,false,120.68,100,120.68,85.86,53;0;0;0,words,10,-1,8,5.27,0,9.8,false,false,english,,master,false,false,false,67a8ccc1c60cdb18429e94ab;66f0476a66c51bbe14fbe34c,1785016697000
6a65315daf23e07586976990,false,126.85,100,126.85,85.48,50;0;0;0,words,10,-1,0,4.73,0,0,false,false,english,,master,false,false,false,67a8ccc1c60cdb18429e94ab;66f0476a66c51bbe14fbe34c,1785016669000
6a65314eaf23e0758697694e,false,142.22,100,142.22,92.94,48;0;0;0,words,10,-1,0,4.05,0,0,false,false,english,,master,false,false,false,67a8ccc1c60cdb18429e94ab;66f0476a66c51bbe14fbe34c,1785016654000
6a653149af23e07586976932,false,131.81,100,131.81,95.97,48;0;0;0,words,10,-1,1,4.37,0,1.36,false,false,english,,master,false,false,false,67a8ccc1c60cdb18429e94ab;66f0476a66c51bbe14fbe34c,1785016649000
6a653133af23e075869768e1,false,138.98,100,138.98,92.47,52;0;0;0,words,10,-1,25,4.49,0,41.91,false,false,english,,master,false,false,false,67a8ccc1c60cdb18429e94ab;66f0476a66c51bbe14fbe34c,1785016627000
6a6530e1af23e07586976730,false,124.04,100,124.04,95.78,46;0;0;0,words,10,-1,1,4.45,0,0.38,false,false,english,,master,false,false,false,67a8ccc1c60cdb18429e94ab;66f0476a66c51bbe14fbe34c,1785016545000
6a6530d9af23e07586976703,false,119.74,100,119.74,93.66,46;0;0;0,words,10,-1,8,4.61,0,11.38,false,false,english,,master,false,false,false,67a8ccc1c60cdb18429e94ab;66f0476a66c51bbe14fbe34c,1785016537000
6a6530c2af23e0758697668b,false,127.89,100,127.89,84.21,47;0;0;0,words,10,-1,23,4.41,0,45.94,false,false,english,,master,false,false,false,67a8ccc1c60cdb18429e94ab;66f0476a66c51bbe14fbe34c,1785016514000
6a653068af23e075869764b0,false,109.09,100,109.09,90.06,47;0;0;0,words,10,-1,28,5.17,0,40.94,false,false,english,,master,false,false,false,67a8ccc1c60cdb18429e94ab;66f0476a66c51bbe14fbe34c,1785016424000
6a653018af23e0758697632e,false,127.6,100,127.6,88.82,47;0;0;0,words,10,-1,7,4.42,0,15.35,false,false,english,,master,false,false,false,67a8ccc1c60cdb18429e94ab;66f0476a66c51bbe14fbe34c,1785016344000
6a652ff1af23e0758697627b,false,121.88,100,121.88,93.68,52;0;0;0,words,10,-1,1,5.12,0,0.07,false,false,english,,master,false,false,false,67a8ccc1c60cdb18429e94ab;66f0476a66c51bbe14fbe34c,1785016305000
6a652fe9af23e0758697625c,false,119.3,100,119.3,89.38,51;0;0;0,words,10,-1,3,5.13,0,1.69,false,false,english,,master,false,false,false,67a8ccc1c60cdb18429e94ab;66f0476a66c51bbe14fbe34c,1785016297000
6a652fd2af23e075869761e5,false,124.14,100,124.14,85.61,54;0;0;0,words,10,-1,14,5.22,0,29.77,false,false,english,,master,false,false,false,67a8ccc1c60cdb18429e94ab;66f0476a66c51bbe14fbe34c,1785016274000
6a652f92af23e07586976090,false,94.89,100,94.89,79.15,48;0;0;0,words,10,-1,9,6.07,0,15.08,false,false,english,,master,false,false,false,67a8ccc1c60cdb18429e94ab;66f0476a66c51bbe14fbe34c,1785016210000
6a652f6daf23e07586975fd2,false,107.64,100,107.64,87.92,54;0;0;0,words,10,-1,6,6.02,0,6.35,false,false,english,,normal,false,false,false,67a8ccc1c60cdb18429e94ab;66f0476a66c51bbe14fbe34c,1785016173000
6a652de2af23e07586975834,false,67.73,94.23,76.56,82.56,46;3;1;0,words,10,-1,18,8.15,0,63.65,false,false,english,,normal,false,false,false,66f0476a66c51bbe14fbe34c;6a6523bbaf23e075869722d3,1785015778000
6a652d85af23e0758697566c,false,54.75,88,73.98,88.21,37;6;2;0,words,10,-1,23,8.11,0,57.91,false,false,english,,normal,false,false,false,66f0476a66c51bbe14fbe34c;6a6523bbaf23e075869722d3,1785015685000
6a652d22af23e075869754a6,false,75.59,100,75.59,82.36,48;0;0;0,words,10,-1,1,7.62,0,3.27,false,false,english,,normal,false,false,false,66f0476a66c51bbe14fbe34c;6a6523bbaf23e075869722d3,1785015586000
6a652d13af23e07586975465,false,58.37,94.92,80.09,84.89,43;3;3;0,words,10,-1,0,8.84,0,0,false,false,english,,normal,false,false,false,66f0476a66c51bbe14fbe34c;6a6523bbaf23e075869722d3,1785015571000
6a652d06af23e0758697542d,false,67.89,97.83,72.63,78.38,43;1;1;0,words,10,-1,4,7.6,0,17.69,false,false,english,,normal,false,false,false,66f0476a66c51bbe14fbe34c;6a6523bbaf23e075869722d3,1785015558000
6a652cd6af23e0758697530f,false,84.43,100,84.43,80.06,47;0;0;0,words,10,-1,0,6.68,0,0,false,false,english,,normal,false,false,false,66f0476a66c51bbe14fbe34c;6a6523bbaf23e075869722d3,1785015510000
6a652cccaf23e075869752e6,false,62.22,94.23,62.22,73.48,49;0;0;0,words,10,-1,1,9.45,0,2,false,false,english,,normal,false,false,false,66f0476a66c51bbe14fbe34c;6a6523bbaf23e075869722d3,1785015500000
6a652cb9af23e0758697527e,false,52.69,93.33,52.69,62.46,53;0;0;0,words,10,-1,1,12.07,0,13.49,false,false,english,,normal,false,false,false,66f0476a66c51bbe14fbe34c;6a6523bbaf23e075869722d3,1785015481000
6a652c7daf23e07586975116,false,33.56,87.88,40.12,22.36,46;2;1;0,words,10,-1,22,16.45,2,61.49,false,false,english,,normal,false,false,false,66f0476a66c51bbe14fbe34c;6a6523bbaf23e075869722d3,1785015421000
6a652c18af23e07586974edf,false,66.22,97.96,79.14,88.67,41;1;1;0,words,10,-1,6,7.43,0,18.96,false,false,english,,normal,false,false,false,66f0476a66c51bbe14fbe34c;6a6523bbaf23e075869722d3,1785015320000
6a652bf5af23e07586974e27,false,69.37,98.04,69.37,71.21,47;0;0;0,words,10,-1,4,8.13,0,17.08,false,false,english,,normal,false,false,false,66f0476a66c51bbe14fbe34c;6a6523bbaf23e075869722d3,1785015285000
6a652bd3af23e07586974d61,false,63.53,92.16,69.18,67.18,45;2;0;0,words,10,-1,1,8.5,0,1.69,false,false,english,,normal,false,false,false,66f0476a66c51bbe14fbe34c;6a6523bbaf23e075869722d3,1785015251000
6a652bbaaf23e07586974ce7,false,73.64,97.96,82.01,78.75,44;1;1;0,words,10,-1,10,7.17,0,30.34,false,false,english,,normal,false,false,false,66f0476a66c51bbe14fbe34c;6a6523bbaf23e075869722d3,1785015226000
6a652b88af23e07586974bf4,false,67.48,96.3,67.48,63.82,51;0;0;0,words,10,-1,0,9.07,0,0,false,false,english,,normal,false,false,false,66f0476a66c51bbe14fbe34c;6a6523bbaf23e075869722d3,1785015176000
6a652b7caf23e07586974bb0,false,59.06,95.74,66.27,66.82,41;1;1;0,words,10,-1,0,8.33,0,0,false,false,english,,normal,false,false,false,66f0476a66c51bbe14fbe34c;6a6523bbaf23e075869722d3,1785015164000
6a652b70af23e07586974b6a,false,67.73,100,67.73,75.83,53;0;0;0,words,10,-1,1,9.39,0,6.02,false,false,english,,normal,false,false,false,66f0476a66c51bbe14fbe34c;6a6523bbaf23e075869722d3,1785015152000
6a652b5caf23e07586974b02,false,75.51,98.08,85.36,86.77,46;1;1;0,words,10,-1,2,7.31,0,11.5,false,false,english,,normal,false,false,false,66f0476a66c51bbe14fbe34c;6a6523bbaf23e075869722d3,1785015132000
6a652b44af23e07586974a86,false,54.36,89.47,77.46,82.45,40;6;1;1,words,10,-1,0,8.83,0,0,false,false,english,,normal,false,false,false,66f0476a66c51bbe14fbe34c;6a6523bbaf23e075869722d3,1785015108000
6a652b38af23e07586974a49,false,47.06,90.57,89.08,93.34,28;5;4;0,words,10,-1,0,7.14,0,0,false,false,english,,normal,false,false,false,66f0476a66c51bbe14fbe34c;6a6523bbaf23e075869722d3,1785015096000
6a652b20af23e075869749c6,false,78.04,100,78.04,86.56,53;0;0;0,words,10,-1,0,8.15,0,0,false,false,english,,normal,false,false,false,66f0476a66c51bbe14fbe34c;6a6523bbaf23e075869722d3,1785015072000
6a652b15af23e07586974990,false,47.68,90.2,81.06,77.3,30;5;3;0,words,10,-1,0,7.55,0,0,false,false,english,,normal,false,false,false,66f0476a66c51bbe14fbe34c;6a6523bbaf23e075869722d3,1785015061000
6a652b08af23e07586974943,false,61.34,92,78.64,81.75,39;4;1;0,words,10,-1,1,7.63,0,4.05,false,false,english,,normal,false,false,false,66f0476a66c51bbe14fbe34c;6a6523bbaf23e075869722d3,1785015048000
6a652af8af23e075869748fe,false,57.19,94.92,60.43,59.03,53;2;0;0,words,10,-1,0,11.12,0,0,false,false,english,,normal,false,false,false,66f0476a66c51bbe14fbe34c;6a6523bbaf23e075869722d3,1785015032000
6a652aeaaf23e075869748a7,false,66.81,98.15,66.81,61.93,53;0;0;0,words,10,-1,0,9.52,0,0,false,false,english,,normal,false,false,false,66f0476a66c51bbe14fbe34c;6a6523bbaf23e075869722d3,1785015018000
6a652adcaf23e07586974855,false,66.67,96,81.3,86.25,41;2;2;0,words,10,-1,0,7.38,0,0,false,false,english,,normal,false,false,false,66f0476a66c51bbe14fbe34c;6a6523bbaf23e075869722d3,1785015004000
6a652ad1af23e07586974821,false,55.41,88.1,80.25,74.51,29;5;2;0,words,10,-1,0,6.28,0,0,false,false,english,,normal,false,false,false,66f0476a66c51bbe14fbe34c;6a6523bbaf23e075869722d3,1785014993000
6a652ac7af23e075869747e2,false,49.18,90.2,70.26,78.94,35;4;2;0,words,10,-1,1,8.54,0,25.36,false,false,english,,normal,false,false,false,66f0476a66c51bbe14fbe34c;6a6523bbaf23e075869722d3,1785014983000
6a652a93af23e075869746be,false,21.02,90.91,25.13,46.63,46;1;4;0,words,10,-1,0,26.26,3,0,false,false,english,,normal,false,false,false,66f0476a66c51bbe14fbe34c;6a6523bbaf23e075869722d3,1785014931000
6a652a75af23e07586974616,false,18.87,97.83,21.7,37.67,40;1;1;0,words,10,-1,0,25.44,4,0,false,false,english,,normal,false,false,false,66f0476a66c51bbe14fbe34c;6a6523bbaf23e075869722d3,1785014901000
6a652a4caf23e07586974526,false,73.03,100,73.03,83.33,51;0;0;0,words,10,-1,2,8.38,0,9.75,false,false,english,,normal,false,false,false,66f0476a66c51bbe14fbe34c;6a6523bbaf23e075869722d3,1785014860000
6a652a2baf23e07586974476,false,64.16,97.87,64.16,68.03,44;0;0;0,words,10,-1,3,8.23,0,10.91,false,false,english,,normal,false,false,false,66f0476a66c51bbe14fbe34c;6a6523bbaf23e075869722d3,1785014827000
6a652a12af23e075869743ef,false,70.92,95.56,83.98,86.87,38;2;1;0,words,10,-1,2,6.43,0,5.89,false,false,english,,normal,false,false,false,66f0476a66c51bbe14fbe34c;6a6523bbaf23e075869722d3,1785014802000
6a652a00af23e07586974390,false,65.99,93.22,65.99,64.36,54;0;0;0,words,10,-1,0,9.82,0,0,false,false,english,,normal,false,false,false,66f0476a66c51bbe14fbe34c;6a6523bbaf23e075869722d3,1785014784000
6a6529f3af23e07586974345,false,61.71,96.08,65.83,67.54,45;1;1;0,words,10,-1,3,8.75,0,17.63,false,false,english,,normal,false,false,false,66f0476a66c51bbe14fbe34c;6a6523bbaf23e075869722d3,1785014771000
6a6529cfaf23e0758697427f,false,42.43,88.52,42.43,53.31,50;0;0;0,words,10,-1,9,14.14,0,51.47,false,false,english,,normal,false,false,false,66f0476a66c51bbe14fbe34c;6a6523bbaf23e075869722d3,1785014735000
6a65297baf23e075869740b5,false,78,100,78,84.62,52;0;0;0,words,10,-1,4,8,0,6.74,false,false,english,,normal,false,false,false,66f0476a66c51bbe14fbe34c;6a6523bbaf23e075869722d3,1785014651000
6a652964af23e07586974028,false,70.67,98,70.67,56.74,48;0;0;0,words,10,-1,0,8.15,0,0,false,false,english,,normal,false,false,false,66f0476a66c51bbe14fbe34c;6a6523bbaf23e075869722d3,1785014628000
6a652958af23e07586973fee,false,73.44,98.18,80.78,87.06,50;1;1;0,words,10,-1,1,8.17,0,6.79,false,false,english,,normal,false,false,false,66f0476a66c51bbe14fbe34c;6a6523bbaf23e075869722d3,1785014616000
6a652944af23e07586973f75,false,60.49,96.3,75.97,75.64,43;2;2;0,words,10,-1,0,8.53,0,0,false,false,english,,normal,false,false,false,66f0476a66c51bbe14fbe34c;6a6523bbaf23e075869722d3,1785014596000
6a652931af23e07586973f0e,false,71.88,100,71.88,59.92,46;0;0;0,words,10,-1,0,7.68,1,0,false,false,english,,normal,false,false,false,66f0476a66c51bbe14fbe34c;6a6523bbaf23e075869722d3,1785014577000
6a652925af23e07586973ecc,false,56.58,96.36,63.65,57.8,48;1;1;0,words,10,-1,0,10.18,0,0,false,false,english,,normal,false,false,false,66f0476a66c51bbe14fbe34c;6a6523bbaf23e075869722d3,1785014565000
6a652901af23e07586973df0,false,48.63,88.89,77.23,84.44,34;5;3;0,words,10,-1,0,8.39,0,0,false,false,english,,normal,false,false,false,66f0476a66c51bbe14fbe34c;6a6523bbaf23e075869722d3,1785014529000
6a6528f4af23e07586973d9d,false,54.55,91.3,83.64,76.77,30;4;3;0,words,10,-1,1,6.6,0,3.38,false,false,english,,normal,false,false,false,66f0476a66c51bbe14fbe34c;6a6523bbaf23e075869722d3,1785014516000
6a6528e5af23e07586973d3d,false,61.7,94.34,81.75,80.49,40;3;2;0,words,10,-1,1,7.78,0,1.86,false,false,english,,normal,false,false,false,66f0476a66c51bbe14fbe34c;6a6523bbaf23e075869722d3,1785014501000
6a652788af23e0758697365d,false,17.85,93.33,17.85,31.69,55;0;0;0,words,10,-1,0,36.98,2,0,false,false,english,,normal,false,false,false,66f0476a66c51bbe14fbe34c;6a6523bbaf23e075869722d3,1785014152000
6a65274caf23e0758697352a,false,18.09,98.11,18.09,44.76,52;0;0;0,words,10,-1,0,34.5,2,0,false,false,english,,normal,false,false,false,,1785014092000
6a6524cfaf23e07586972832,false,52.24,92,69.65,67.67,36;2;2;0,words,10,-1,1,8.27,0,12.13,false,false,english,,normal,false,false,false,66f0476a66c51bbe14fbe34c;6a6523bbaf23e075869722d3,1785013455000
6a6524a9af23e07586972765,false,76.11,98.04,82.59,89.58,47;1;1;0,words,10,-1,0,7.41,0,0,false,false,english,,normal,false,false,false,66f0476a66c51bbe14fbe34c;6a6523bbaf23e075869722d3,1785013417000
6a65249eaf23e07586972720,false,37.94,83.02,74.47,76.75,27;9;3;4,words,10,-1,1,8.54,0,2.2,false,false,english,,normal,false,false,false,66f0476a66c51bbe14fbe34c;6a6523bbaf23e075869722d3,1785013406000
6a652485af23e075869726ad,false,52.03,91.07,93.99,87.4,31;5;3;0,words,10,-1,0,7.15,0,0,false,false,english,,normal,false,false,false,66f0476a66c51bbe14fbe34c;6a6523bbaf23e075869722d3,1785013381000
6a652478af23e07586972663,false,65.37,96.23,82.49,82.35,42;2;2;0,words,10,-1,0,7.71,0,0,false,false,english,,normal,false,false,false,66f0476a66c51bbe14fbe34c;6a6523bbaf23e075869722d3,1785013368000
6a65246caf23e07586972626,false,65.57,94.34,86.89,89.2,40;3;2;0,words,10,-1,0,7.32,0,0,false,false,english,,normal,false,false,false,66f0476a66c51bbe14fbe34c;6a6523bbaf23e075869722d3,1785013356000
6a65245caf23e075869725dc,false,61.35,91.84,71.82,71.13,41;3;2;0,words,10,-1,0,8.02,0,0,false,false,english,,normal,false,false,false,66f0476a66c51bbe14fbe34c;6a6523bbaf23e075869722d3,1785013340000
6a652450af23e075869725a2,false,45.43,85.11,55.52,51.06,36;5;1;2,words,10,-1,0,9.51,0,0,false,false,english,,normal,false,false,false,66f0476a66c51bbe14fbe34c;6a6523bbaf23e075869722d3,1785013328000
6a652443af23e07586972564,false,53.73,93.75,85.97,87.03,30;3;2;0,words,10,-1,0,6.7,0,0,false,false,english,,normal,false,false,false,66f0476a66c51bbe14fbe34c;6a6523bbaf23e075869722d3,1785013315000
6a652433af23e0758697250e,false,71.29,98.21,83.17,91.28,48;1;1;0,words,10,-1,0,8.08,0,0,false,false,english,,normal,false,false,false,66f0476a66c51bbe14fbe34c;6a6523bbaf23e075869722d3,1785013299000
6a652417af23e0758697248d,false,70.31,96.15,81.25,87.49,45;2;2;0,words,10,-1,0,7.68,0,0,false,false,english,,normal,false,false,false,66f0476a66c51bbe14fbe34c;6a6523bbaf23e075869722d3,1785013271000
6a6523f5af23e075869723e4,false,50.49,90.91,61.06,66.2,43;2;1;0,words,10,-1,0,10.22,0,0,false,false,english,,normal,false,false,false,66f0476a66c51bbe14fbe34c;6a6523bbaf23e075869722d3,1785013237000
6a6523e4af23e07586972393,false,48.09,91.89,48.09,47.44,65;0;0;0,words,10,-1,0,16.22,0,0,false,false,english,,normal,false,false,false,66f0476a66c51bbe14fbe34c;6a6523bbaf23e075869722d3,1785013220000
6a6523aaaf23e07586972283,false,60.59,95.65,77.42,83.61,36;2;2;0,words,10,-1,0,7.13,0,0,false,false,english,,normal,false,false,false,66f0476a66c51bbe14fbe34c,1785013162000
6a65239eaf23e07586972236,false,72.49,98.08,80.21,84.15,47;1;1;0,words,10,-1,1,7.78,0,10.21,false,false,english,,normal,false,false,false,,1785013150000
6a65235caf23e07586972109,false,67.09,96.08,76.24,82.61,44;1;1;0,words,10,-1,0,7.87,0,0,false,false,english,,normal,false,false,false,,1785013084000
6a65234eaf23e075869720cb,false,51.5,93.62,73.34,74.68,33;3;3;0,words,10,-1,0,7.69,0,0,false,false,english,,normal,false,false,false,,1785013070000
6a650870af23e07586968a2c,false,130.96,100,130.96,89.86,49;0;0;0,words,10,-1,18,4.49,0,17.57,false,false,english,,master,false,false,false,66f0476a66c51bbe14fbe34c;693b17813540add646bcb3ef,1785006192000
6a650842af23e07586968905,false,136.97,100,136.97,81.81,46;0;0;0,words,10,-1,6,4.03,0,10.82,false,false,english,,master,false,false,false,66f0476a66c51bbe14fbe34c;693b17813540add646bcb3ef,1785006146000
6a65082aaf23e07586968861,false,122.73,100,122.73,91.75,45;0;0;0,words,10,-1,19,4.4,0,26.11,false,false,english,,master,false,false,false,66f0476a66c51bbe14fbe34c;693b17813540add646bcb3ef,1785006122000
6a6507e7af23e075869686bb,false,129.41,100,129.41,96.3,55;0;0;0,words,10,-1,21,5.1,0,19.93,false,false,english,,master,false,false,false,66f0476a66c51bbe14fbe34c;693b17813540add646bcb3ef,1785006055000
6a6507b6af23e07586968579,false,121.68,100,121.68,84.64,58;0;0;0,words,10,-1,5,5.72,0,9.19,false,false,english,,master,false,false,false,66f0476a66c51bbe14fbe34c;693b17813540add646bcb3ef,1785006006000
6a65079eaf23e075869684c4,false,127.6,100,127.6,85.57,47;0;0;0,words,10,-1,25,4.42,0,27.76,false,false,english,,master,false,false,false,66f0476a66c51bbe14fbe34c;693b17813540add646bcb3ef,1785005982000
6a65075eaf23e07586968303,false,130.91,100,130.91,89.5,60;0;0;0,words,10,-1,7,5.5,0,9.52,false,false,english,,master,false,false,false,66f0476a66c51bbe14fbe34c;693b17813540add646bcb3ef,1785005918000
6a650740af23e07586968224,false,136.49,100,136.49,93.57,48;0;0;0,words,10,-1,6,4.22,0,4.94,false,false,english,,master,false,false,false,66f0476a66c51bbe14fbe34c;693b17813540add646bcb3ef,1785005888000
6a65072baf23e07586968198,false,134.94,100,134.94,92.83,56;0;0;0,words,10,-1,15,4.98,0,17.8,false,false,english,,master,false,false,false,66f0476a66c51bbe14fbe34c;693b17813540add646bcb3ef,1785005867000
6a650702af23e07586968079,false,126.19,100,126.19,89.15,51;0;0;0,words,10,-1,4,4.85,0,5.66,false,false,english,,master,false,false,false,66f0476a66c51bbe14fbe34c;693b17813540add646bcb3ef,1785005826000
6a6506eeaf23e07586967fe5,false,133.89,100,133.89,88,53;0;0;0,words,10,-1,18,4.75,0,29.68,false,false,english,,master,false,false,false,66f0476a66c51bbe14fbe34c;693b17813540add646bcb3ef,1785005806000
6a6506b7af23e07586967e4f,false,120,100,120,89.69,46;0;0;0,words,10,-1,20,4.6,0,27.24,false,false,english,,master,false,false,false,66f0476a66c51bbe14fbe34c;693b17813540add646bcb3ef,1785005751000
6a65067caf23e07586967cb5,false,125.76,100,125.76,82.5,48;0;0;0,words,10,-1,4,4.58,0,8.4,false,false,english,,master,false,false,false,66f0476a66c51bbe14fbe34c;693b17813540add646bcb3ef,1785005692000
6a64fb2aaf23e07586962564,false,129,100,129,80.74,43;0;0;0,words,10,-1,48,4,0,71.71,false,false,english,,master,false,false,false,66f0476a66c51bbe14fbe34c;693b17813540add646bcb3ef,1785002794000
6a64f75faf23e075869607d1,false,125.64,100,125.64,84.54,49;0;0;0,words,10,-1,36,4.68,0,40.33,false,false,english,,master,false,false,false,66f0476a66c51bbe14fbe34c;693b17813540add646bcb3ef,1785001823000
6a64f709af23e07586960537,false,112.64,100,112.64,81.81,52;0;0;0,words,10,-1,56,5.54,0,61.12,false,false,english,,master,false,false,false,66f0476a66c51bbe14fbe34c;693b17813540add646bcb3ef,1785001737000
6a64f67baf23e0758696008c,false,127.45,100,127.45,95.75,53;0;0;0,words,10,-1,10,4.99,0,9.24,false,false,english,,master,false,false,false,66f0476a66c51bbe14fbe34c;693b17813540add646bcb3ef,1785001595000
6a64f65faf23e0758695ff82,false,124.9,100,124.9,90.19,51;0;0;0,words,10,-1,54,4.9,0,54,false,false,english,,master,false,false,false,66f0476a66c51bbe14fbe34c;693b17813540add646bcb3ef,1785001567000
6a64f5e5af23e0758695fb57,false,130.56,100,130.56,95.97,47;0;0;0,words,10,-1,11,4.32,0,14.92,false,false,english,,master,false,false,false,66f0476a66c51bbe14fbe34c;693b17813540add646bcb3ef,1785001445000
6a64f5bfaf23e0758695fa06,false,145.75,100,145.75,88.2,60;0;0;0,words,10,-1,6,4.94,0,11.9,false,false,english,,master,false,false,false,66f0476a66c51bbe14fbe34c;693b17813540add646bcb3ef,1785001407000
6a64ef69af23e0758695c3b7,false,132.71,100,132.71,79.67,47;0;0;0,words,10,-1,101,4.25,0,196.55,false,false,english,,master,false,false,false,66f0476a66c51bbe14fbe34c;693b17813540add646bcb3ef,1784999785000
6a64ed29af23e0758695b080,false,121.52,100,121.52,85.76,48;0;0;0,words,10,-1,7,4.74,0,9.05,false,false,english,,master,false,false,false,66f0476a66c51bbe14fbe34c;693b17813540add646bcb3ef,1784999209000
6a64ed11af23e0758695afba,false,125.64,100,125.64,89.3,49;0;0;0,words,10,-1,27,4.68,0,30.86,false,false,english,,master,false,false,false,66f0476a66c51bbe14fbe34c;693b17813540add646bcb3ef,1784999185000
6a64eccdaf23e0758695ad69,false,134.51,100,134.51,81.94,51;0;0;0,words,10,-1,45,4.55,0,60.5,false,false,english,,master,false,false,false,66f0476a66c51bbe14fbe34c;693b17813540add646bcb3ef,1784999117000
6a64ec4eaf23e0758695a90b,false,136.96,100,136.96,90.43,42;0;0;0,words,10,-1,1,3.68,0,1.18,false,false,english,,master,false,false,false,66f0476a66c51bbe14fbe34c;693b17813540add646bcb3ef,1784998990000
6a64ec47af23e0758695a8c1,false,128.4,100,128.4,85.56,52;0;0;0,words,10,-1,23,4.86,0,30.14,false,false,english,,master,false,false,false,66f0476a66c51bbe14fbe34c;693b17813540add646bcb3ef,1784998983000
6a64ec08af23e0758695a69b,false,128.21,100,128.21,83.72,50;0;0;0,words,10,-1,16,4.68,0,21,false,false,english,,master,false,false,false,66f0476a66c51bbe14fbe34c;693b17813540add646bcb3ef,1784998920000
6a64ebdcaf23e0758695a52b,false,127.36,100,127.36,89.37,45;0;0;0,words,10,-1,12,4.24,0,15.12,false,false,english,,master,false,false,false,66f0476a66c51bbe14fbe34c;693b17813540add646bcb3ef,1784998876000
6a64eb40af23e07586959f94,false,122.86,100,122.86,91.91,43;0;0;0,words,10,-1,15,4.2,0,16.29,false,false,english,,master,false,false,false,66f0476a66c51bbe14fbe34c;693b17813540add646bcb3ef,1784998720000
6a64eb19af23e07586959e1f,false,121.9,100,121.9,90.88,45;0;0;0,words,10,-1,63,4.43,0,65.02,false,false,english,,master,false,false,false,66f0476a66c51bbe14fbe34c;693b17813540add646bcb3ef,1784998681000
6a64ea87af23e075869598a1,false,124.71,100,124.71,78.79,45;0;0;0,words,10,-1,20,4.33,0,29.52,false,false,english,,master,false,false,false,66f0476a66c51bbe14fbe34c;693b17813540add646bcb3ef,1784998535000
6a64ea4caf23e0758695964d,false,129.15,100,129.15,82.14,48;0;0;0,words,10,-1,97,4.46,0,114.55,false,false,english,,master,false,false,false,66f0476a66c51bbe14fbe34c;693b17813540add646bcb3ef,1784998476000
6a64e958af23e07586958da9,false,146.82,100,146.82,89.79,52;0;0;0,words,10,-1,0,4.25,0,0,false,false,english,,master,false,false,false,66f0476a66c51bbe14fbe34c;693b17813540add646bcb3ef,1784998232000
6a64e953af23e07586958d79,false,125.67,100,125.67,87.49,51;0;0;0,words,10,-1,128,4.87,0,152.95,false,false,english,,master,false,false,false,66f0476a66c51bbe14fbe34c;693b17813540add646bcb3ef,1784998227000
6a64e817af23e075869581db,false,145.86,100,145.86,93.23,44;0;0;0,words,10,-1,2,3.62,0,5.88,false,false,english,,master,false,false,false,66f0476a66c51bbe14fbe34c;693b17813540add646bcb3ef,1784997911000
6a64e7c1af23e07586957ee4,false,136.99,100,136.99,86.96,50;0;0;0,words,10,-1,68,4.38,0,70.77,false,false,english,,master,false,false,false,66f0476a66c51bbe14fbe34c;693b17813540add646bcb3ef,1784997825000
6a64e728af23e07586957978,false,116.35,100,116.35,92.36,51;0;0;0,words,10,-1,10,5.26,0,11.45,false,false,english,,master,false,false,false,66f0476a66c51bbe14fbe34c;693b17813540add646bcb3ef,1784997672000
6a64e70caf23e07586957861,false,129.39,100,129.39,79.97,51;0;0;0,words,10,-1,12,4.73,0,19.92,false,false,english,,master,false,false,false,66f0476a66c51bbe14fbe34c;693b17813540add646bcb3ef,1784997644000
6a64e6e2af23e075869576df,false,131.81,100,131.81,90.91,48;0;0;0,words,10,-1,12,4.37,0,21.04,false,false,english,,master,false,false,false,66f0476a66c51bbe14fbe34c;693b17813540add646bcb3ef,1784997602000
6a64e6b8af23e07586957562,false,133.04,100,133.04,88.93,51;0;0;0,words,10,-1,11,4.6,0,13.83,false,false,english,,master,false,false,false,66f0476a66c51bbe14fbe34c;693b17813540add646bcb3ef,1784997560000
6a64e56caf23e07586956922,false,131.37,100,131.37,82.11,52;0;0;0,words,10,-1,3,4.75,0,4.35,false,false,english,,master,false,false,false,66f0476a66c51bbe14fbe34c;693b17813540add646bcb3ef,1784997228000
6a64dedcaf23e07586952b57,false,123.74,100,123.74,92.66,53;0;0;0,words,10,-1,9,5.14,0,12.97,false,false,english,,master,false,false,false,66f0476a66c51bbe14fbe34c;693b17813540add646bcb3ef,1784995548000
6a64debaaf23e07586952a08,false,125.15,100,125.15,83.85,51;0;0;0,words,10,-1,26,4.89,0,33.52,false,false,english,,master,false,false,false,66f0476a66c51bbe14fbe34c;693b17813540add646bcb3ef,1784995514000
6a64de6caf23e07586952728,false,126.32,100,126.32,90.19,56;0;0;0,words,10,-1,5,5.32,0,2.55,false,false,english,,master,false,false,false,66f0476a66c51bbe14fbe34c;693b17813540add646bcb3ef,1784995436000
6a64de5eaf23e07586952686,false,127.03,100,127.03,80,47;0;0;0,words,10,-1,43,4.44,0,44.81,false,false,english,,master,false,false,false,66f0476a66c51bbe14fbe34c;693b17813540add646bcb3ef,1784995422000
6a64ddfbaf23e075869522cb,false,130.81,100,130.81,82.99,46;0;0;0,words,10,-1,38,4.22,0,52.24,false,false,english,,master,false,false,false,66f0476a66c51bbe14fbe34c;693b17813540add646bcb3ef,1784995323000
6a64dd96af23e07586951f11,false,126.07,100,126.07,82.17,54;0;0;0,words,10,-1,0,5.14,0,0,false,false,english,,master,false,false,false,66f0476a66c51bbe14fbe34c;693b17813540add646bcb3ef,1784995222000
6a64dd8eaf23e07586951ecc,false,134.58,100,134.58,93.57,48;0;0;0,words,10,-1,38,4.28,0,48.9,false,false,english,,master,false,false,false,66f0476a66c51bbe14fbe34c;693b17813540add646bcb3ef,1784995214000
6a64dd2caf23e07586951b77,false,119.01,100,119.01,79.19,48;0;0;0,words,10,-1,61,4.84,0,68.88,false,false,english,,master,false,false,false,66f0476a66c51bbe14fbe34c;693b17813540add646bcb3ef,1784995116000
6a64dc9baf23e07586951644,false,134.55,100,134.55,86.85,49;0;0;0,words,10,-1,16,4.37,0,12.87,false,false,english,,master,false,false,false,66f0476a66c51bbe14fbe34c;693b17813540add646bcb3ef,1784994971000
6a64dc4faf23e07586951379,true,148.81,100,148.81,93.35,47;0;0;0,words,10,-1,17,3.79,0,20.7,false,false,english,,master,false,false,false,66f0476a66c51bbe14fbe34c;693b17813540add646bcb3ef,1784994895000
6a64dbf9af23e07586951033,false,116.46,100,116.46,80.41,46;0;0;0,words,10,-1,30,4.74,0,43.27,false,false,english,,master,false,false,false,66f0476a66c51bbe14fbe34c;693b17813540add646bcb3ef,1784994809000
6a64db9daf23e07586950ceb,false,135.68,100,135.68,88.05,45;0;0;0,words,10,-1,3,3.98,0,5.9,false,false,english,,master,false,false,false,66f0476a66c51bbe14fbe34c;693b17813540add646bcb3ef,1784994717000
6a64db8daf23e07586950c7a,false,128.22,100,128.22,84.26,39;0;0;0,words,10,-1,5,3.65,0,6.97,false,false,english,,master,false,false,false,66f0476a66c51bbe14fbe34c;693b17813540add646bcb3ef,1784994701000
6a64db7aaf23e07586950bc9,false,133.62,100,133.62,88.49,52;0;0;0,words,10,-1,2,4.67,0,3.5,false,false,english,,master,false,false,false,66f0476a66c51bbe14fbe34c;693b17813540add646bcb3ef,1784994682000
6a64db6caf23e07586950b49,false,133.93,100,133.93,93.57,50;0;0;0,words,10,-1,3,4.48,0,3.33,false,false,english,,master,false,false,false,66f0476a66c51bbe14fbe34c;693b17813540add646bcb3ef,1784994668000
6a64da28af23e07586950045,true,146.81,100,146.81,89.81,46;0;0;0,words,10,-1,3,3.76,0,1.7,false,false,english,,master,false,false,false,66f0476a66c51bbe14fbe34c;693b17813540add646bcb3ef,1784994344000
6a64da14af23e0758694ffa9,false,135.21,100,135.21,90.91,48;0;0;0,words,10,-1,12,4.26,0,23.39,false,false,english,,master,false,false,false,66f0476a66c51bbe14fbe34c;693b17813540add646bcb3ef,1784994324000
6a64d5b7af23e0758694d715,false,138.13,100,138.13,90.28,48;0;0;0,words,10,-1,3,4.17,0,5.58,false,false,english,,master,false,false,false,66f0476a66c51bbe14fbe34c;693b17813540add646bcb3ef,1784993207000
6a64d58faf23e0758694d5c9,false,130.91,100,130.91,91.75,48;0;0;0,words,10,-1,35,4.4,0,55,false,false,english,,master,false,false,false,66f0476a66c51bbe14fbe34c;693b17813540add646bcb3ef,1784993167000
6a64d52baf23e0758694d23f,false,114.8,100,114.8,85.62,53;0;0;0,words,10,-1,2,5.54,0,5.64,false,false,english,,master,false,false,false,66f0476a66c51bbe14fbe34c;693b17813540add646bcb3ef,1784993067000
6a64d514af23e0758694d167,false,101.44,100,101.44,75.34,53;0;0;0,words,10,-1,13,6.27,0,19.6,false,false,english,,master,false,false,false,66f0476a66c51bbe14fbe34c;693b17813540add646bcb3ef,1784993044000
6a639cbeaf23e075868c60e8,false,127.55,100,127.55,88.58,49;0;0;0,words,10,-1,37,4.61,0,41.41,false,false,english,,master,false,false,false,66f0476a66c51bbe14fbe34c;693b17813540add646bcb3ef,1784913086000
6a639c65af23e075868c5d93,false,131.98,100,131.98,86.75,54;0;0;0,words,10,-1,5,4.91,0,4.71,false,false,english,,master,false,false,false,66f0476a66c51bbe14fbe34c;693b17813540add646bcb3ef,1784912997000
6a639c22af23e075868c5b3c,false,123.84,100,123.84,89.63,58;0;0;0,words,10,-1,29,5.62,0,40.42,false,false,english,,master,false,false,false,66f0476a66c51bbe14fbe34c;693b17813540add646bcb3ef,1784912930000
6a639bcfaf23e075868c5857,false,136.13,100,136.13,85.21,54;0;0;0,words,10,-1,1,4.76,0,0.2,false,false,english,,master,false,false,false,66f0476a66c51bbe14fbe34c;693b17813540add646bcb3ef,1784912847000
6a639bc7af23e075868c5804,false,124.91,100,124.91,86.99,56;0;0;0,words,10,-1,49,5.38,0,94.88,false,false,english,,master,false,false,false,66f0476a66c51bbe14fbe34c;693b17813540add646bcb3ef,1784912839000
6a639ac7af23e075868c4ee4,false,123.27,100,123.27,82.57,49;0;0;0,words,10,-1,47,4.77,0,55.07,false,false,english,,master,false,false,false,66f0476a66c51bbe14fbe34c;693b17813540add646bcb3ef,1784912583000
6a639a52af23e075868c4ad1,false,132.11,100,132.11,86.85,48;0;0;0,words,10,-1,31,4.36,0,28.99,false,false,english,,master,false,false,false,66f0476a66c51bbe14fbe34c;693b17813540add646bcb3ef,1784912466000
6a639a0daf23e075868c4867,false,128.83,100,128.83,90.19,54;0;0;0,words,10,-1,6,5.03,0,5.02,false,false,english,,master,false,false,false,66f0476a66c51bbe14fbe34c;693b17813540add646bcb3ef,1784912397000
6a6399f3af23e075868c4753,false,136.13,100,136.13,86.59,54;0;0;0,words,10,-1,3,4.76,0,8.44,false,false,english,,master,false,false,false,66f0476a66c51bbe14fbe34c;693b17813540add646bcb3ef,1784912371000
6a6399b9af23e075868c4505,false,138.2,100,138.2,86.17,41;0;0;0,words,10,-1,1,3.56,0,0.85,false,false,english,,master,false,false,false,66f0476a66c51bbe14fbe34c;693b17813540add646bcb3ef,1784912313000
6a6399b1af23e075868c44ad,false,126.55,100,126.55,86.81,58;0;0;0,words,10,-1,4,5.5,0,5.54,false,false,english,,master,false,false,false,66f0476a66c51bbe14fbe34c;693b17813540add646bcb3ef,1784912305000
6a63999eaf23e075868c43fa,false,124.47,100,124.47,92.55,39;0;0;0,words,10,-1,60,3.76,0,65.93,false,false,english,,master,false,false,false,66f0476a66c51bbe14fbe34c;693b17813540add646bcb3ef,1784912286000
6a6398aeaf23e075868c3b4d,false,127.66,100,127.66,84.23,60;0;0;0,words,10,-1,11,5.64,0,19.26,false,false,english,,master,false,false,false,66f0476a66c51bbe14fbe34c;693b17813540add646bcb3ef,1784912046000
6a639833af23e075868c3728,false,138.46,100,138.46,90.28,48;0;0;0,words,10,-1,34,4.16,0,44.2,false,false,english,,master,false,false,false,66f0476a66c51bbe14fbe34c;693b17813540add646bcb3ef,1784911923000
6a6397beaf23e075868c329e,false,127.45,100,127.45,85.62,53;0;0;0,words,10,-1,5,4.99,0,6.14,false,false,english,,master,false,false,false,66f0476a66c51bbe14fbe34c;693b17813540add646bcb3ef,1784911806000
6a6397aaaf23e075868c31e6,false,137.84,100,137.84,86.85,51;0;0;0,words,10,-1,4,4.44,0,3.62,false,false,english,,master,false,false,false,66f0476a66c51bbe14fbe34c;693b17813540add646bcb3ef,1784911786000
6a639785af23e075868c307c,true,139.67,100,139.67,92.63,49;0;0;0,words,10,-1,2,4.21,0,1.45,false,false,english,,master,false,false,false,66f0476a66c51bbe14fbe34c;693b17813540add646bcb3ef,1784911749000
6a63975aaf23e075868c2f0c,false,128.49,100,128.49,86.73,59;0;0;0,words,10,-1,2,5.51,0,2.49,false,false,english,,master,false,false,false,66f0476a66c51bbe14fbe34c;693b17813540add646bcb3ef,1784911706000
6a63974daf23e075868c2e90,false,123.74,100,123.74,80.99,53;0;0;0,words,10,-1,14,5.14,0,21.07,false,false,english,,master,false,false,false,66f0476a66c51bbe14fbe34c;693b17813540add646bcb3ef,1784911693000
6a639718af23e075868c2cc5,false,126.78,100,126.78,84.31,58;0;0;0,words,10,-1,7,5.49,0,11.76,false,false,english,,master,false,false,false,66f0476a66c51bbe14fbe34c;693b17813540add646bcb3ef,1784911640000
6a6396feaf23e075868c2bdd,false,118.34,100,118.34,85.87,50;0;0;0,words,10,-1,60,5.07,0,72.06,false,false,english,,master,false,false,false,66f0476a66c51bbe14fbe34c;693b17813540add646bcb3ef,1784911614000
6a639649af23e075868c2536,false,121.61,100,121.61,84.51,53;0;0;0,words,10,-1,18,5.23,0,28.64,false,false,english,,master,false,false,false,66f0476a66c51bbe14fbe34c;693b17813540add646bcb3ef,1784911433000
6a639607af23e075868c22a3,false,133.65,100,133.65,82.93,47;0;0;0,words,10,-1,9,4.22,0,7.02,false,false,english,,master,false,false,false,66f0476a66c51bbe14fbe34c;693b17813540add646bcb3ef,1784911367000
6a6395d5af23e075868c20e1,false,125.64,100,125.64,82.68,49;0;0;0,words,10,-1,26,4.68,0,36.18,false,false,english,,master,false,false,false,66f0476a66c51bbe14fbe34c;693b17813540add646bcb3ef,1784911317000
6a634d4baf23e0758689257f,false,124.84,100,124.84,89.81,49;0;0;0,words,10,-1,0,4.71,0,0,false,false,english,,master,false,false,false,6a61c0b6af23e075867c2f17;6a34f2b2b7b5429521db59a8,1784892747000
6a634d43af23e07586892530,false,117.84,100,117.84,89.81,49;0;0;0,words,10,-1,25,4.99,0,34.79,false,false,english,,master,false,false,false,6a61c0b6af23e075867c2f17;6a34f2b2b7b5429521db59a8,1784892739000
6a634c9daf23e07586891f90,false,116.05,100,116.05,86.46,50;0;0;0,words,10,-1,6,5.17,0,7.9,false,false,english,,master,false,false,false,6a61c0b6af23e075867c2f17;6a34f2b2b7b5429521db59a8,1784892573000
6a634c74af23e07586891e33,true,136.24,100,136.24,82.53,52;0;0;0,words,10,-1,12,4.58,0,23.72,false,false,english,,master,false,false,false,6a61c0b6af23e075867c2f17;6a34f2b2b7b5429521db59a8,1784892532000
6a634c1faf23e07586891b88,false,117.88,100,117.88,94.9,50;0;0;0,words,10,-1,11,5.09,0,15.16,false,false,english,,master,false,false,false,6a61c0b6af23e075867c2f17;6a34f2b2b7b5429521db59a8,1784892447000
6a634b45af23e075868914a2,false,129.46,100,129.46,84,52;0;0;0,words,10,-1,10,4.82,0,9.06,false,false,english,,master,false,false,false,6a61c0b6af23e075867c2f17;6a34f2b2b7b5429521db59a8,1784892229000
6a634ae9af23e075868911c4,false,124.68,100,124.68,92.66,56;0;0;0,words,10,-1,11,5.39,0,23.78,false,false,english,,normal,false,false,false,6a61c0b6af23e075867c2f17;6a34f2b2b7b5429521db59a8,1784892137000
6a634a95af23e07586890f0d,false,118.03,100,118.03,92.27,48;0;0;0,words,10,-1,19,4.88,0,32.85,false,false,english,,normal,false,false,false,6a61c0b6af23e075867c2f17;6a34f2b2b7b5429521db59a8,1784892053000
6a634a55af23e07586890ceb,false,136.49,100,136.49,90.31,48;0;0;0,words,10,-1,15,4.22,0,29.42,false,false,english,,normal,false,false,false,6a61c0b6af23e075867c2f17;6a34f2b2b7b5429521db59a8,1784891989000
6a634a1daf23e07586890b02,false,131.58,100,131.58,87.78,50;0;0;0,words,10,-1,3,4.56,0,10.76,false,false,english,,normal,false,false,false,6a61c0b6af23e075867c2f17;6a34f2b2b7b5429521db59a8,1784891933000
6a634a06af23e07586890a44,false,128.65,100,128.65,93.07,58;0;0;0,words,10,-1,7,5.41,0,9.58,false,false,english,,normal,false,false,false,6a61c0b6af23e075867c2f17;6a34f2b2b7b5429521db59a8,1784891910000
6a6349f0af23e07586890974,false,110.07,91.84,131.54,82.83,41;4;0;1,words,10,-1,1,4.47,0,1.01,false,false,english,,normal,false,false,false,6a61c0b6af23e075867c2f17;6a34f2b2b7b5429521db59a8,1784891888000
6a6349deaf23e075868908e9,false,130,100,130,85.19,52;0;0;0,words,10,-1,4,4.8,0,7.32,false,false,english,,normal,false,false,false,6a61c0b6af23e075867c2f17;6a34f2b2b7b5429521db59a8,1784891870000
6a6349cdaf23e0758689082e,false,115.34,96.43,124.21,77.2,52;2;0;0,words,10,-1,3,5.41,0,3.67,false,false,english,,normal,false,false,false,6a61c0b6af23e075867c2f17;6a34f2b2b7b5429521db59a8,1784891853000
6a63491daf23e075868901d6,false,118.34,100,118.34,80.21,50;0;0;0,words,10,-1,1,5.07,0,1.1,false,false,english,,normal,false,false,false,6a61c0b6af23e075867c2f17;6a34f2b2b7b5429521db59a8,1784891677000
6a634910af23e07586890159,false,125.42,100,125.42,89.37,44;0;0;0,words,10,-1,5,4.21,0,12.51,false,false,english,,normal,false,false,false,6a61c0b6af23e075867c2f17;6a34f2b2b7b5429521db59a8,1784891664000
6a6348f7af23e07586890064,false,115.22,100,115.22,87.33,53;0;0;0,words,10,-1,53,5.52,0,103.65,false,false,english,,normal,false,false,false,6a61c0b6af23e075867c2f17;6a34f2b2b7b5429521db59a8,1784891639000
6a6347feaf23e0758688f76a,false,115.56,95.35,127.41,91.91,39;2;0;0,words,10,-1,9,4.05,0,13.31,false,false,english,,normal,false,false,false,6a61c0b6af23e075867c2f17;6a34f2b2b7b5429521db59a8,1784891390000
6a6347e3af23e0758688f66e,false,100.55,94.34,115.85,83.07,46;3;0;1,words,10,-1,9,5.49,0,12.11,false,false,english,,normal,false,false,false,6a61c0b6af23e075867c2f17;6a34f2b2b7b5429521db59a8,1784891363000
6a634780af23e0758688f318,false,140.4,100,140.4,93.48,53;0;0;0,words,10,-1,17,4.53,0,27.81,false,false,english,,normal,false,false,false,6a61c0b6af23e075867c2f17;6a34f2b2b7b5429521db59a8,1784891264000
6a634730af23e0758688f035,false,129.8,100,129.8,84.16,53;0;0;0,words,10,-1,12,4.9,0,19.73,false,false,english,,normal,false,false,false,6a61c0b6af23e075867c2f17;6a34f2b2b7b5429521db59a8,1784891184000
6a6346c6af23e0758688eca5,false,129.46,100,129.46,84.88,52;0;0;0,words,10,-1,6,4.82,0,11.83,false,false,english,,normal,false,false,false,6a61c0b6af23e075867c2f17;6a34f2b2b7b5429521db59a8,1784891078000
6a63469faf23e0758688eb38,false,125.63,100,125.63,72.75,58;0;0;0,words,10,-1,0,5.54,0,0,false,false,english,,normal,false,false,false,67a8b1dfc60cdb18429d5ecf;6a34f2b2b7b5429521db59a8,1784891039000
6a634695af23e0758688eae5,false,119.28,100,119.28,82.44,50;0;0;0,words,10,-1,3,5.03,0,4.84,false,false,english,,normal,false,false,false,67a8b1dfc60cdb18429d5ecf;6a34f2b2b7b5429521db59a8,1784891029000
6a633c2eaf23e07586888ea0,false,122.93,100,122.93,95.78,42;0;0;0,words,10,-1,26,4.1,0,56.53,false,false,english,,normal,false,false,false,67a8b1dfc60cdb18429d5ecf;6a34f2b2b7b5429521db59a8,1784888366000
6a633bd0af23e07586888b62,false,123.32,100,123.32,85.59,52;0;0;0,words,10,-1,6,5.06,0,8.6,false,false,english,,normal,false,false,false,67a8b1dfc60cdb18429d5ecf;6a34f2b2b7b5429521db59a8,1784888272000
6a633bb9af23e07586888a89,false,127.66,100,127.66,92.45,55;0;0;0,words,10,-1,6,5.17,0,8.38,false,false,english,,normal,false,false,false,67a8b1dfc60cdb18429d5ecf;6a34f2b2b7b5429521db59a8,1784888249000
6a633b9eaf23e075868889ac,false,130.91,100,130.91,84.21,48;0;0;0,words,10,-1,5,4.4,0,12.19,false,false,english,,normal,false,false,false,67a8b1dfc60cdb18429d5ecf;6a34f2b2b7b5429521db59a8,1784888222000
6a633b37af23e075868885d6,false,120.84,100,120.84,91.5,43;0;0;0,words,10,-1,11,4.27,0,15.78,false,false,english,,normal,false,false,false,67a8b1dfc60cdb18429d5ecf;6a34f2b2b7b5429521db59a8,1784888119000
6a633b16af23e07586888496,false,116.27,100,116.27,91.67,53;0;0;0,words,10,-1,10,5.47,0,14.09,false,false,english,,normal,false,false,false,67a8b1dfc60cdb18429d5ecf;6a34f2b2b7b5429521db59a8,1784888086000
6a633af7af23e07586888363,false,115.18,95.83,128.57,84.21,43;2;0;0,words,10,-1,2,4.48,0,5.81,false,false,english,,normal,false,false,false,67a8b1dfc60cdb18429d5ecf;6a34f2b2b7b5429521db59a8,1784888054000
6a633ae9af23e075868882ee,false,120.45,100,120.45,82.11,54;0;0;0,words,10,-1,14,5.38,0,22.95,false,false,english,,normal,false,false,false,67a8b1dfc60cdb18429d5ecf;6a34f2b2b7b5429521db59a8,1784888041000
6a633a94af23e07586888003,false,117.13,100,117.13,80,53;0;0;0,words,10,-1,4,5.43,0,6.56,false,false,english,,normal,false,false,false,67a8b1dfc60cdb18429d5ecf;6a34f2b2b7b5429521db59a8,1784887956000
6a633a83af23e07586887f57,false,101.23,100,101.23,76.22,55;0;0;0,words,10,-1,15,6.52,0,29.21,false,false,english,,normal,false,false,false,67a8b1dfc60cdb18429d5ecf;6a34f2b2b7b5429521db59a8,1784887939000
6a633a4aaf23e07586887d51,false,115.75,100,115.75,85.87,49;0;0;0,words,10,-1,25,5.08,0,46.9,false,false,english,,normal,false,false,false,67a8b1dfc60cdb18429d5ecf;6a34f2b2b7b5429521db59a8,1784887882000
6a6339e3af23e07586887961,false,138.35,100,138.35,92.94,49;0;0;0,words,10,-1,4,4.25,0,8.04,false,false,english,,normal,false,false,false,6a34f2b2b7b5429521db59a8;67a8b1dfc60cdb18429d5ecf,1784887779000
6a633998af23e075868876ae,false,117.6,100,117.6,86.67,54;0;0;0,words,10,-1,15,5.51,0,24.91,false,false,english,,normal,false,false,false,6a61c0b6af23e075867c2f17;6a34f2b2b7b5429521db59a8,1784887704000
6a633967af23e07586887506,false,117.01,96.08,126.97,85.48,47;2;0;0,words,10,-1,0,4.82,0,0,false,false,english,,normal,false,false,false,6a61c0b6af23e075867c2f17;6a34f2b2b7b5429521db59a8,1784887655000
6a633961af23e075868874c3,false,99.79,91.67,122.81,77.06,39;4;1;0,words,10,-1,19,4.69,0,32.94,false,false,english,,normal,false,false,false,6a61c0b6af23e075867c2f17;6a34f2b2b7b5429521db59a8,1784887649000
6a633920af23e0758688727e,false,126.2,100,126.2,80.2,57;0;0;0,words,10,-1,1,5.42,0,3.01,false,false,english,,normal,false,false,false,6a61c0b6af23e075867c2f17;6a34f2b2b7b5429521db59a8,1784887584000
6a633912af23e075868871fe,false,105.69,96.23,116.7,79.59,48;2;0;0,words,10,-1,15,5.45,0,22.92,false,false,english,,normal,false,false,false,6a61c0b6af23e075867c2f17;6a34f2b2b7b5429521db59a8,1784887570000
6a6338deaf23e0758688701d,false,112.97,100,112.97,79.48,45;0;0;0,words,10,-1,6,4.78,0,6.38,false,false,english,,master,false,false,false,6a61c0b6af23e075867c2f17;6a34f2b2b7b5429521db59a8,1784887518000
6a627379af23e07586830fa5,false,123.44,100,123.44,91.91,43;0;0;0,words,10,-1,12,4.18,0,19.96,false,false,english,,master,false,false,false,66f0476a66c51bbe14fbe34c;693b17813540add646bcb3ef,1784836985000
6a627351af23e07586830e91,false,122.5,100,122.5,92.32,49;0;0;0,words,10,-1,7,4.8,0,7.21,false,false,english,,master,false,false,false,66f0476a66c51bbe14fbe34c;693b17813540add646bcb3ef,1784836945000
6a627339af23e07586830dd5,false,127.72,100,127.72,89.6,48;0;0;0,words,10,-1,4,4.51,0,7.08,false,false,english,,master,false,false,false,66f0476a66c51bbe14fbe34c;693b17813540add646bcb3ef,1784836921000
6a627328af23e07586830d5d,false,110.53,100,110.53,81.41,49;0;0;0,words,10,-1,3,5.32,0,3.6,false,false,english,,master,false,false,false,66f0476a66c51bbe14fbe34c;693b17813540add646bcb3ef,1784836904000
6a62731aaf23e07586830cf6,false,123.99,100,123.99,78.17,56;0;0;0,words,10,-1,3,5.42,0,4.9,false,false,english,,master,false,false,false,66f0476a66c51bbe14fbe34c;693b17813540add646bcb3ef,1784836890000
6a6272f5af23e07586830be4,false,120.47,100,120.47,84.51,51;0;0;0,words,10,-1,28,5.08,0,33.16,false,false,english,,master,false,false,false,66f0476a66c51bbe14fbe34c;693b17813540add646bcb3ef,1784836853000
6a6272aeaf23e075868309b8,false,116.13,100,116.13,90.25,60;0;0;0,words,10,-1,2,6.2,0,0.62,false,false,english,,master,false,false,false,66f0476a66c51bbe14fbe34c;693b17813540add646bcb3ef,1784836782000
6a6272a3af23e07586830971,false,122.97,100,122.97,89.66,58;0;0;0,words,10,-1,5,5.66,0,4.63,false,false,english,,master,false,false,false,66f0476a66c51bbe14fbe34c;693b17813540add646bcb3ef,1784836771000
6a627292af23e075868308fe,false,123.27,100,123.27,83.27,49;0;0;0,words,10,-1,5,4.77,0,4.32,false,false,english,,master,false,false,false,66f0476a66c51bbe14fbe34c;693b17813540add646bcb3ef,1784836754000
6a627283af23e0758683088f,false,107.96,100,107.96,80.72,52;0;0;0,words,10,-1,11,5.78,0,8.43,false,false,english,,master,false,false,false,66f0476a66c51bbe14fbe34c;693b17813540add646bcb3ef,1784836739000
6a62723caf23e0758683067d,false,112.29,96.49,125.5,90.19,51;2;0;0,words,10,-1,4,5.45,0,6.33,false,false,english,,normal,false,false,false,66f0476a66c51bbe14fbe34c;693b17813540add646bcb3ef,1784836668000
6a627229af23e07586830607,false,124.22,100,124.22,90.19,50;0;0;0,words,10,-1,5,4.83,0,10.51,false,false,english,,normal,false,false,false,66f0476a66c51bbe14fbe34c;693b17813540add646bcb3ef,1784836649000
6a627210af23e07586830551,false,119.27,100,119.27,86.11,49;0;0;0,words,10,-1,4,4.93,0,8.46,false,false,english,,normal,false,false,false,66f0476a66c51bbe14fbe34c;693b17813540add646bcb3ef,1784836624000
6a6271ffaf23e075868304cf,false,123.64,100,123.64,89.38,51;0;0;0,words,10,-1,1,4.95,0,1.03,false,false,english,,normal,false,false,false,66f0476a66c51bbe14fbe34c;693b17813540add646bcb3ef,1784836607000
6a6271e0af23e075868303ef,false,123.74,100,123.74,77.3,53;0;0;0,words,10,-1,0,5.14,0,0,false,false,english,,normal,false,false,false,66f0476a66c51bbe14fbe34c;693b17813540add646bcb3ef,1784836576000
6a6271daaf23e075868303c4,false,106.8,98.21,106.8,72.79,55;0;0;0,words,10,-1,4,6.18,0,5.34,false,false,english,,normal,false,false,false,66f0476a66c51bbe14fbe34c;693b17813540add646bcb3ef,1784836570000
6a6271c9af23e07586830355,false,122.39,100,122.39,92.93,46;0;0;0,words,10,-1,7,4.51,0,8.06,false,false,english,,normal,false,false,false,66f0476a66c51bbe14fbe34c;693b17813540add646bcb3ef,1784836553000
6a6271b5af23e075868302b0,false,111.48,100,111.48,82.71,51;0;0;0,words,10,-1,3,5.49,0,8.78,false,false,english,,normal,false,false,false,66f0476a66c51bbe14fbe34c;693b17813540add646bcb3ef,1784836533000
6a62718baf23e0758683018a,false,131.09,100,131.09,92.17,52;0;0;0,words,10,-1,0,4.76,0,0,false,false,english,,normal,false,false,false,66f0476a66c51bbe14fbe34c;693b17813540add646bcb3ef,1784836491000
6a627182af23e0758683015c,false,99.64,94.12,110.47,82.96,46;2;1;0,words,10,-1,20,5.54,0,42.33,false,false,english,,normal,false,false,false,66f0476a66c51bbe14fbe34c;693b17813540add646bcb3ef,1784836482000
6a627143af23e0758682ff9b,false,115.51,100,115.51,74.64,54;0;0;0,words,10,-1,31,5.61,0,57.3,false,false,english,,normal,false,false,false,66f0476a66c51bbe14fbe34c;693b17813540add646bcb3ef,1784836419000
6a6270e9af23e0758682fd24,false,115.75,96.15,122.83,88.57,49;2;0;0,words,10,-1,1,5.08,0,1.7,false,false,english,,normal,false,false,false,66f0476a66c51bbe14fbe34c;693b17813540add646bcb3ef,1784836329000
6a6270e0af23e0758682fce0,false,118.34,96.36,130.18,90.19,50;1;1;0,words,10,-1,13,5.07,0,23.75,false,false,english,,normal,false,false,false,66f0476a66c51bbe14fbe34c;693b17813540add646bcb3ef,1784836320000
6a6270abaf23e0758682fb3b,false,134.21,100,134.21,82.32,51;0;0;0,words,10,-1,4,4.56,0,9,false,false,english,,normal,false,false,false,66f0476a66c51bbe14fbe34c;693b17813540add646bcb3ef,1784836267000
6a627099af23e0758682fac0,false,111.74,94,121.46,83.67,46;3;0;0,words,10,-1,4,4.94,0,5.29,false,false,english,,normal,false,false,false,66f0476a66c51bbe14fbe34c;693b17813540add646bcb3ef,1784836249000
6a627083af23e0758682fa14,false,130.67,100,130.67,84.64,49;0;0;0,words,10,-1,4,4.5,0,14.93,false,false,english,,normal,false,false,false,66f0476a66c51bbe14fbe34c;693b17813540add646bcb3ef,1784836227000
6a627068af23e0758682f941,false,126.79,100,126.79,87.2,56;0;0;0,words,10,-1,0,5.3,0,0,false,false,english,,normal,false,false,false,66f0476a66c51bbe14fbe34c;693b17813540add646bcb3ef,1784836199000
6a627060af23e0758682f904,false,120.79,94,131.29,76.29,46;3;0;0,words,10,-1,2,4.57,0,1.41,false,false,english,,normal,false,false,false,66f0476a66c51bbe14fbe34c;693b17813540add646bcb3ef,1784836192000
6a627057af23e0758682f8c0,false,122.25,94.44,134.72,88.22,49;3;0;0,words,10,-1,3,4.81,0,4.79,false,false,english,,normal,false,false,false,66f0476a66c51bbe14fbe34c;693b17813540add646bcb3ef,1784836183000
6a627049af23e0758682f86d,false,56.02,98.15,60.5,9.62,50;1;0;0,words,10,-1,7,10.71,4,9.25,false,false,english,,normal,false,false,false,66f0476a66c51bbe14fbe34c;693b17813540add646bcb3ef,1784836169000
6a62702baf23e0758682f793,false,123.2,100,123.2,96.21,50;0;0;0,words,10,-1,18,4.87,0,31.38,false,false,english,,normal,false,false,false,66f0476a66c51bbe14fbe34c;693b17813540add646bcb3ef,1784836139000
6a626ff8af23e0758682f5fc,false,119.72,95.74,130.86,80.37,43;2;1;0,words,10,-1,10,4.31,0,25.08,false,false,english,,normal,false,false,false,66f0476a66c51bbe14fbe34c;693b17813540add646bcb3ef,1784836088000
6a626fc4af23e0758682f469,false,133.97,100,133.97,93.57,47;0;0;0,words,10,-1,0,4.21,0,0,false,false,english,,normal,false,false,false,66f0476a66c51bbe14fbe34c;693b17813540add646bcb3ef,1784836036000
6a626fbeaf23e0758682f43a,false,116.48,95.83,130.02,84.13,43;2;1;0,words,10,-1,2,4.43,0,3.41,false,false,english,,normal,false,false,false,66f0476a66c51bbe14fbe34c;693b17813540add646bcb3ef,1784836030000
6a626fb3af23e0758682f3dd,false,111.57,96,123.97,89.68,45;2;1;0,words,10,-1,5,4.84,0,7.8,false,false,english,,normal,false,false,false,66f0476a66c51bbe14fbe34c;693b17813540add646bcb3ef,1784836019000
6a62463caf23e07586817457,false,118.76,100,118.76,93.18,48;0;0;0,words,10,-1,21,4.85,0,35.92,false,false,english,,normal,false,false,false,66f0476a66c51bbe14fbe34c;693b17813540add646bcb3ef,1784825404000
6a620cbdaf23e075867efa28,false,130.67,100,130.67,87.05,49;0;0;0,words,10,-1,11,4.5,0,31.42,false,false,english,,normal,false,false,false,6a61c0b6af23e075867c2f17;6a34f2b2b7b5429521db59a8,1784810685000
6a620c90af23e075867ef842,false,115.98,100,115.98,85.57,49;0;0;0,words,10,-1,12,5.07,0,24.1,false,false,english,,normal,false,false,false,6a61c0b6af23e075867c2f17;6a34f2b2b7b5429521db59a8,1784810640000
6a620bfbaf23e075867ef238,false,117.01,100,117.01,85.68,47;0;0;0,words,10,-1,3,4.82,0,3.68,false,false,english,,normal,false,false,false,6a61c0b6af23e075867c2f17;6a34f2b2b7b5429521db59a8,1784810491000
6a620bddaf23e075867ef0f2,false,130.86,100,130.86,89.95,53;0;0;0,words,10,-1,3,4.86,0,7.57,false,false,english,,normal,false,false,false,6a61c0b6af23e075867c2f17;6a34f2b2b7b5429521db59a8,1784810461000
6a620bc7af23e075867ef004,false,130.6,100,130.6,95.32,53;0;0;0,words,10,-1,1,4.87,0,1.38,false,false,english,,normal,false,false,false,6a61c0b6af23e075867c2f17;6a34f2b2b7b5429521db59a8,1784810439000
6a620bb0af23e075867eef11,false,136.86,100,136.86,80.65,56;0;0;0,words,10,-1,6,4.91,0,11.66,false,false,english,,normal,false,false,false,6a61c0b6af23e075867c2f17;6a34f2b2b7b5429521db59a8,1784810416000
6a620b81af23e075867eed09,false,129.95,100,129.95,89.35,47;0;0;0,words,10,-1,11,4.34,0,17.7,false,false,english,,normal,false,false,false,6a34f2b2b7b5429521db59a8;6a61c0b6af23e075867c2f17,1784810369000
6a620b5eaf23e075867eeb9b,false,126.44,100,126.44,90.19,53;0;0;0,words,10,-1,4,5.03,0,10.16,false,false,english,,normal,false,false,false,6a34f2b2b7b5429521db59a8,1784810334000
6a620b4aaf23e075867eeac4,false,112.97,100,112.97,83.44,53;0;0;0,words,10,-1,3,5.63,0,4.77,false,false,english,,normal,false,false,false,6a34f2b2b7b5429521db59a8,1784810314000
6a620b3caf23e075867eea32,false,111.16,95.83,121.26,73.02,44;2;0;0,words,10,-1,25,4.75,0,52.74,false,false,english,,normal,false,false,false,6a34f2b2b7b5429521db59a8,1784810300000
6a6205f2af23e075867eb386,false,123.94,100,123.94,89.35,44;0;0;0,words,10,-1,2,4.26,0,1.57,false,false,english,,normal,false,false,false,6a34f2b2b7b5429521db59a8,1784808946000
6a6205cdaf23e075867eb222,false,125.91,96.23,136.19,85.22,49;2;0;0,words,10,-1,3,4.67,0,4.5,false,false,english,,normal,false,false,false,6a34f2b2b7b5429521db59a8,1784808909000
6a6205bdaf23e075867eb196,false,109.47,100,109.47,88.36,52;0;0;0,words,10,-1,7,5.7,0,18.34,false,false,english,,normal,false,false,false,6a34f2b2b7b5429521db59a8,1784808893000
6a62059eaf23e075867eb061,false,108.9,100,108.9,85.9,51;0;0;0,words,10,-1,0,5.62,0,0,false,false,english,,normal,false,false,false,6a34f2b2b7b5429521db59a8,1784808862000
6a620238af23e075867e90d0,false,122.03,100,122.03,83.67,54;0;0;0,words,10,-1,7,5.31,0,12.63,false,false,english,,normal,false,false,false,6a34f2b2b7b5429521db59a8,1784807992000
6a61f33caf23e075867e03d8,false,122.95,100,122.95,92.76,50;0;0;0,words,10,-1,0,4.88,0,0,false,false,english,,normal,false,false,false,6a34f2b2b7b5429521db59a8,1784804156000
6a61f336af23e075867e0394,false,115.18,93.88,131.25,86.85,43;3;0;1,words,10,-1,4,4.48,0,4.25,false,false,english,,normal,false,false,false,6a34f2b2b7b5429521db59a8,1784804150000
6a61f27eaf23e075867dfd1e,false,123.13,100,123.13,95.38,55;0;0;0,words,10,-1,6,5.36,0,5.27,false,false,english,,normal,false,false,false,6a34f2b2b7b5429521db59a8,1784803966000
6a61f26daf23e075867dfc89,false,122.12,96.08,135.4,96.46,46;2;1;0,words,10,-1,6,4.52,0,9.09,false,false,english,,normal,false,false,false,6a34f2b2b7b5429521db59a8,1784803949000
6a61f21eaf23e075867df979,false,123.13,100,123.13,93.68,55;0;0;0,words,10,-1,15,5.36,0,33.87,false,false,english,,normal,false,false,false,6a34f2b2b7b5429521db59a8,1784803870000
6a61f1e6af23e075867df768,false,129.52,100,129.52,85.19,49;0;0;0,words,10,-1,3,4.54,0,6.1,false,false,english,,normal,false,false,false,6a34f2b2b7b5429521db59a8,1784803814000
6a61f1d4af23e075867df6c1,false,132.16,100,132.16,84.83,50;0;0;0,words,10,-1,2,4.54,0,3.5,false,false,english,,normal,false,false,false,6a34f2b2b7b5429521db59a8,1784803796000
6a61f18aaf23e075867df443,false,137.53,100,137.53,90.31,51;0;0;0,words,10,-1,5,4.45,0,7.99,false,false,english,,normal,false,false,false,6a34f2b2b7b5429521db59a8,1784803722000
6a61f177af23e075867df3ad,false,110.49,95.83,123.34,92.93,43;2;0;0,words,10,-1,2,4.67,0,6.19,false,false,english,,normal,false,false,false,6a34f2b2b7b5429521db59a8,1784803703000
6a61f163af23e075867df2fb,false,125.14,100,125.14,88.68,56;0;0;0,words,10,-1,7,5.37,0,12.54,false,false,english,,normal,false,false,false,6a34f2b2b7b5429521db59a8,1784803683000
6a61f148af23e075867df206,false,123.08,100,123.08,91.91,44;0;0;0,words,10,-1,7,4.29,0,14.72,false,false,english,,normal,false,false,false,6a34f2b2b7b5429521db59a8,1784803656000
6a61f12aaf23e075867df0f4,false,121.25,100,121.25,90.9,58;0;0;0,words,10,-1,5,5.74,0,10,false,false,english,,normal,false,false,false,6a34f2b2b7b5429521db59a8,1784803626000
6a61f113af23e075867df027,false,132.26,100,132.26,88.63,55;0;0;0,words,10,-1,4,4.99,0,6.36,false,false,english,,normal,false,false,false,6a34f2b2b7b5429521db59a8,1784803603000
6a61f0dcaf23e075867dee2b,false,140.43,100,140.43,85.92,44;0;0;0,words,10,-1,2,3.76,0,6.54,false,false,english,,normal,false,false,false,6a34f2b2b7b5429521db59a8;6a61f0f4af23e075867def0f,1784803548000
6a61f0cfaf23e075867dedc1,false,107.05,95.74,117.01,85,43;2;0;0,words,10,-1,7,4.82,0,9.25,false,false,english,,normal,false,false,false,6a34f2b2b7b5429521db59a8,1784803535000
6a61f0b7af23e075867decd1,false,125.41,100,125.41,84.11,51;0;0;0,words,10,-1,4,4.88,0,10.96,false,false,english,,normal,false,false,false,6a34f2b2b7b5429521db59a8,1784803511000
6a61c0eaaf23e075867c30f4,false,114.08,100,114.08,81.87,54;0;0;0,words,10,-1,13,5.68,0,32.4,false,false,english,,normal,false,false,false,6a34f2b2b7b5429521db59a8,1784791274000
6a61c0a5af23e075867c2e82,false,116.97,100,116.97,86.12,54;0;0;0,words,10,-1,10,5.54,0,20.98,false,false,english,,normal,false,false,false,,1784791205000
6a611bf2af23e0758677fac1,false,106.03,90,129.31,85.67,41;5;0;1,words,10,-1,12,4.64,0,20.43,false,false,english,,normal,false,false,false,66f0476a66c51bbe14fbe34c;693b17813540add646bcb3ef,1784749042000
6a611acaaf23e0758677f232,false,108.7,96.43,119.36,84.98,51;2;0;0,words,10,-1,13,5.63,0,16.41,false,false,english,,normal,false,false,false,66f0476a66c51bbe14fbe34c;693b17813540add646bcb3ef,1784748746000
6a611aa9af23e0758677f149,false,104.25,96.15,115.34,75.19,47;2;0;0,words,10,-1,8,5.41,0,11.78,false,false,english,,normal,false,false,false,66f0476a66c51bbe14fbe34c;693b17813540add646bcb3ef,1784748713000
6a611a91af23e0758677f07f,false,104.55,96,113.64,85.57,46;2;0;1,words,10,-1,9,5.28,0,13.9,false,false,english,,normal,false,false,false,66f0476a66c51bbe14fbe34c;693b17813540add646bcb3ef,1784748689000
6a611a76af23e0758677efb0,false,128.95,100,128.95,87.71,49;0;0;0,words,10,-1,19,4.56,0,23.97,false,false,english,,normal,false,false,false,66f0476a66c51bbe14fbe34c;693b17813540add646bcb3ef,1784748662000
6a611a3daf23e0758677edd2,false,131.51,100,131.51,87.2,56;0;0;0,words,10,-1,15,5.11,0,20.67,false,false,english,,normal,false,false,false,66f0476a66c51bbe14fbe34c;693b17813540add646bcb3ef,1784748605000
6a611a16af23e0758677eca6,false,112.57,96,119.76,92.36,47;2;1;0,words,10,-1,0,5.01,0,0,false,false,english,,normal,false,false,false,66f0476a66c51bbe14fbe34c;693b17813540add646bcb3ef,1784748566000
6a611a10af23e0758677ec81,false,116.5,100,116.5,88.56,60;0;0;0,words,10,-1,12,6.18,0,17.95,false,false,english,,normal,false,false,false,66f0476a66c51bbe14fbe34c;693b17813540add646bcb3ef,1784748560000
6a6119e2af23e0758677eb1b,false,131.78,100,131.78,89.35,47;0;0;0,words,10,-1,9,4.28,0,11.47,false,false,english,,normal,false,false,false,66f0476a66c51bbe14fbe34c;693b17813540add646bcb3ef,1784748514000
6a6119b3af23e0758677e9a8,false,116.06,100,116.06,90,53;0;0;0,words,10,-1,13,5.48,0,26.69,false,false,english,,normal,false,false,false,66f0476a66c51bbe14fbe34c;693b17813540add646bcb3ef,1784748467000
6a611986af23e0758677e86a,false,121.85,100,121.85,88.01,46;0;0;0,words,10,-1,5,4.53,0,10.25,false,false,english,,normal,false,false,false,66f0476a66c51bbe14fbe34c;693b17813540add646bcb3ef,1784748422000
6a611973af23e0758677e7dd,false,116.79,95.65,134.31,90.31,40;2;1;0,words,10,-1,0,4.11,0,0,false,false,english,,normal,false,false,false,66f0476a66c51bbe14fbe34c;693b17813540add646bcb3ef,1784748403000
6a61196daf23e0758677e7b8,false,104.68,94.83,104.68,65.85,54;0;0;0,words,10,-1,0,6.19,0,0,false,false,english,,normal,false,false,false,66f0476a66c51bbe14fbe34c;693b17813540add646bcb3ef,1784748397000
6a611966af23e0758677e779,false,111.29,95.92,118.55,70.66,46;2;1;0,words,10,-1,0,4.96,0,0,false,false,english,,normal,false,false,false,66f0476a66c51bbe14fbe34c;693b17813540add646bcb3ef,1784748390000
6a611960af23e0758677e753,false,111.88,100,111.88,85.95,51;0;0;0,words,10,-1,0,5.47,0,0,false,false,english,,normal,false,false,false,66f0476a66c51bbe14fbe34c;693b17813540add646bcb3ef,1784748384000
6a60e34eaf23e0758675bc5c,false,112.28,98.11,123.98,84.31,48;1;0;0,words,10,-1,6,5.13,0,14.82,false,false,english,,normal,false,false,false,66f0476a66c51bbe14fbe34c;693b17813540add646bcb3ef,1784734542000
6a60e335af23e0758675bb5c,false,89.9,98,104.53,83.98,43;1;0;0,words,10,-1,8,5.74,0,14.48,false,false,english,,normal,false,false,false,66f0476a66c51bbe14fbe34c;693b17813540add646bcb3ef,1784734517000
6a60e2c3af23e0758675b69e,false,128.27,100,128.27,87.92,45;0;0;0,words,10,-1,6,4.21,0,6.22,false,false,english,,normal,false,false,false,66f0476a66c51bbe14fbe34c;693b17813540add646bcb3ef,1784734403000
6a60e2b3af23e0758675b5f5,false,127.81,100,127.81,76.76,54;0;0;0,words,10,-1,3,5.07,0,4.11,false,false,english,,normal,false,false,false,66f0476a66c51bbe14fbe34c;693b17813540add646bcb3ef,1784734387000
6a60e2a6af23e0758675b565,false,75.84,94.12,84.27,81.3,45;2;1;0,words,10,-1,0,7.12,0,0,false,false,english,,normal,false,false,false,66f0476a66c51bbe14fbe34c;693b17813540add646bcb3ef,1784734374000
6a60e271af23e0758675b314,false,134.4,100,134.4,93.57,56;0;0;0,words,10,-1,3,5,0,7.75,false,false,english,,normal,false,false,false,66f0476a66c51bbe14fbe34c;693b17813540add646bcb3ef,1784734321000
6a5fc1b3af23e075866ca573,false,109.29,96.15,115.99,80.68,49;2;1;0,words,10,-1,8,5.38,0,17.47,false,false,english,,normal,false,false,false,66f0476a66c51bbe14fbe34c;693b17813540add646bcb3ef,1784660403000
6a5fc14caf23e075866ca23b,false,115.97,98,126.05,92.63,46;1;0;1,words,10,-1,2,4.76,0,1.86,false,false,english,,normal,false,false,false,66f0476a66c51bbe14fbe34c;693b17813540add646bcb3ef,1784660300000
6a5fc143af23e075866ca1d9,false,95.64,80,125.24,88.57,42;10;1;0,words,10,-1,10,5.27,0,18.99,false,false,english,,normal,false,false,false,66f0476a66c51bbe14fbe34c;693b17813540add646bcb3ef,1784660291000
6a5fc121af23e075866ca0d6,false,120.45,100,120.45,85,53;0;0;0,words,10,-1,0,5.28,0,0,false,false,english,,normal,false,false,false,66f0476a66c51bbe14fbe34c;693b17813540add646bcb3ef,1784660257000
6a5fc11aaf23e075866ca0a1,false,104.97,87.04,128.83,90.38,44;7;0;1,words,10,-1,1,5.03,0,0.89,false,false,english,,normal,false,false,false,66f0476a66c51bbe14fbe34c;693b17813540add646bcb3ef,1784660250000
6a5fc113af23e075866ca05d,false,89.59,80.85,127.6,93.57,33;9;1;1,words,10,-1,2,4.42,0,2.78,false,false,english,,normal,false,false,false,66f0476a66c51bbe14fbe34c;693b17813540add646bcb3ef,1784660243000
6a5fc108af23e075866c9ffb,false,97.61,91.38,111,79.67,51;5;0;0,words,10,-1,9,6.27,0,16.47,false,false,english,,normal,false,false,false,66f0476a66c51bbe14fbe34c;693b17813540add646bcb3ef,1784660232000
6a5fc092af23e075866c9bee,false,117.54,95.83,131.21,82.14,43;2;0;0,words,10,-1,0,4.39,0,0,false,false,english,,normal,false,false,false,66f0476a66c51bbe14fbe34c;693b17813540add646bcb3ef,1784660114000
6a5fc08baf23e075866c9bb8,false,116.78,100,116.78,87.42,58;0;0;0,words,10,-1,1,5.96,0,3.25,false,false,english,,normal,false,false,false,66f0476a66c51bbe14fbe34c;693b17813540add646bcb3ef,1784660107000
6a5fc010af23e075866c973d,false,115.99,100,115.99,91.49,52;0;0;0,words,10,-1,3,5.38,0,6.95,false,false,english,,normal,false,false,false,66f0476a66c51bbe14fbe34c;693b17813540add646bcb3ef,1784659984000
6a5fc000af23e075866c96ac,false,101.66,98,110.5,84.03,46;1;1;0,words,10,-1,2,5.43,0,1.87,false,false,english,,normal,false,false,false,66f0476a66c51bbe14fbe34c;693b17813540add646bcb3ef,1784659968000
6a5fbff6af23e075866c9643,false,111.92,96.72,126.42,86.59,54;2;1;0,words,10,-1,13,5.79,0,25.32,false,false,english,,normal,false,false,false,66f0476a66c51bbe14fbe34c;693b17813540add646bcb3ef,1784659958000
6a5fbfcbaf23e075866c94c6,false,100.55,98.11,115.85,76.38,46;1;0;1,words,10,-1,11,5.49,0,11.2,false,false,english,,normal,false,false,false,66f0476a66c51bbe14fbe34c;693b17813540add646bcb3ef,1784659915000
6a5fbfb1af23e075866c93b9,false,108.62,96,129.31,93.1,42;2;1;0,words,10,-1,2,4.64,0,2.6,false,false,english,,normal,false,false,false,66f0476a66c51bbe14fbe34c;693b17813540add646bcb3ef,1784659889000
6a5fbfa6af23e075866c9368,false,116.46,97.87,116.46,70.42,46;0;0;0,words,10,-1,5,4.74,0,11.25,false,false,english,,normal,false,false,false,66f0476a66c51bbe14fbe34c;693b17813540add646bcb3ef,1784659878000
6a5fbf91af23e075866c92bb,false,107.5,96.3,118.46,74.83,49;2;0;0,words,10,-1,2,5.47,0,3.91,false,false,english,,normal,false,false,false,66f0476a66c51bbe14fbe34c;693b17813540add646bcb3ef,1784659857000
6a5fbf85af23e075866c9244,false,116.63,100,116.63,88.1,45;0;0;0,words,10,-1,4,4.63,0,3.84,false,false,english,,normal,false,false,false,66f0476a66c51bbe14fbe34c;693b17813540add646bcb3ef,1784659845000
6a5fbe9caf23e075866c8a78,false,92.68,85.71,119.51,87.56,38;6;1;0,words,10,-1,3,4.92,0,16.79,false,false,english,,normal,false,false,false,66f0476a66c51bbe14fbe34c;693b17813540add646bcb3ef,1784659612000
6a5fbd77af23e075866c80ec,false,121.95,100,121.95,88.38,50;0;0;0,words,10,-1,12,4.92,0,32.54,false,false,english,,normal,false,false,false,66f0476a66c51bbe14fbe34c;693b17813540add646bcb3ef,1784659319000
6a5fbd48af23e075866c7f44,false,96.35,92.16,111.68,88.1,44;4;1;0,words,10,-1,5,5.48,0,7.18,false,false,english,,normal,false,false,false,66f0476a66c51bbe14fbe34c;693b17813540add646bcb3ef,1784659272000
6a5fbd21af23e075866c7de2,false,79.89,94.23,86.69,64.57,47;2;0;0,words,10,-1,0,7.06,0,0,false,false,english,,normal,false,false,false,66f0476a66c51bbe14fbe34c;693b17813540add646bcb3ef,1784659233000
6a5fbd18af23e075866c7d95,false,62.88,84,85.59,61.39,36;7;1;0,words,10,-1,2,6.87,0,6.21,false,false,english,,normal,false,false,false,66f0476a66c51bbe14fbe34c;693b17813540add646bcb3ef,1784659224000
6a5fbd08af23e075866c7d11,false,54.72,76.92,101.63,70.07,28;9;5;0,words,10,-1,5,6.14,0,5.98,false,false,english,,normal,false,false,false,66f0476a66c51bbe14fbe34c;693b17813540add646bcb3ef,1784659208000
6a5fbcf6af23e075866c7c8c,false,112.89,96.55,121.25,86.61,54;2;0;0,words,10,-1,4,5.74,0,6.86,false,false,english,,normal,false,false,false,66f0476a66c51bbe14fbe34c;693b17813540add646bcb3ef,1784659190000
6a5fbce6af23e075866c7bee,false,124.14,100,124.14,86.99,54;0;0;0,words,10,-1,30,5.22,0,54.11,false,false,english,,normal,false,false,false,66f0476a66c51bbe14fbe34c;693b17813540add646bcb3ef,1784659174000
6a5fbc94af23e075866c7923,false,128.95,100,128.95,81.56,49;0;0;0,words,10,-1,6,4.56,0,8.4,false,false,english,,normal,false,false,false,66f0476a66c51bbe14fbe34c;693b17813540add646bcb3ef,1784659092000
6a5fbc81af23e075866c7863,false,121.67,92.98,135.98,89.59,51;3;1;0,words,10,-1,1,5.03,0,0.64,false,false,english,,normal,false,false,false,66f0476a66c51bbe14fbe34c;693b17813540add646bcb3ef,1784659073000
6a5fbc7aaf23e075866c781e,false,108.18,100,108.18,90.94,54;0;0;0,words,10,-1,4,5.99,0,7.04,false,false,english,,normal,false,false,false,66f0476a66c51bbe14fbe34c;693b17813540add646bcb3ef,1784659066000
6a5fbc69af23e075866c776d,false,118.22,100,118.22,92.36,53;0;0;0,words,10,-1,16,5.38,0,24.94,false,false,english,,normal,false,false,false,66f0476a66c51bbe14fbe34c;693b17813540add646bcb3ef,1784659049000
6a5fbc3eaf23e075866c75ea,false,124.6,100,124.6,91.91,46;0;0;0,words,10,-1,19,4.43,0,33.77,false,false,english,,normal,false,false,false,66f0476a66c51bbe14fbe34c;693b17813540add646bcb3ef,1784659006000
6a5fbbfbaf23e075866c73c7,false,127.5,100,127.5,87.14,51;0;0;0,words,10,-1,4,4.8,0,10.89,false,false,english,,normal,false,false,false,66f0476a66c51bbe14fbe34c;693b17813540add646bcb3ef,1784658939000
6a5fbbe6af23e075866c7301,false,114.97,96.23,126.95,92.31,48;2;0;0,words,10,-1,8,5.01,0,14.26,false,false,english,,normal,false,false,false,66f0476a66c51bbe14fbe34c;693b17813540add646bcb3ef,1784658918000
6a5fbbccaf23e075866c722d,false,87.37,89.13,118.2,87.88,34;5;2;0,words,10,-1,0,4.67,0,0,false,false,english,,normal,false,false,false,66f0476a66c51bbe14fbe34c;693b17813540add646bcb3ef,1784658892000
6a5fbbc6af23e075866c71f6,false,114.87,100,114.87,78.54,47;0;0;0,words,10,-1,17,4.91,0,34.17,false,false,english,,normal,false,false,false,66f0476a66c51bbe14fbe34c;693b17813540add646bcb3ef,1784658886000
6a5fbb90af23e075866c701f,false,112.64,100,112.64,80.91,52;0;0;0,words,10,-1,5,5.54,0,5.95,false,false,english,,normal,false,false,false,66f0476a66c51bbe14fbe34c;693b17813540add646bcb3ef,1784658832000
6a5fbb7daf23e075866c6f88,false,114.29,95.65,131.43,85.71,40;2;1;0,words,10,-1,3,4.2,0,2.88,false,false,english,,normal,false,false,false,66f0476a66c51bbe14fbe34c;693b17813540add646bcb3ef,1784658813000
6a5fbb72af23e075866c6f2c,false,121.15,93.48,129.81,85.63,42;2;0;0,words,10,-1,3,4.16,0,3.79,false,false,english,,normal,false,false,false,66f0476a66c51bbe14fbe34c;693b17813540add646bcb3ef,1784658802000
6a5fbb67af23e075866c6ecf,false,99.8,92,121.7,72.69,41;4;1;0,words,10,-1,9,4.93,0,11.14,false,false,english,,normal,false,false,false,66f0476a66c51bbe14fbe34c;693b17813540add646bcb3ef,1784658791000
6a592c04af23e075863bac2f,false,116.91,100,116.91,82.71,53;0;0;0,words,10,-1,6,5.44,0,12.04,false,false,english,,normal,false,false,false,,1784228868000
6a592bf1af23e075863bab9a,false,110.56,100,110.56,78.92,48;0;0;0,words,10,-1,38,5.21,0,73.3,false,false,english,,normal,false,false,false,,1784228849000
6a592b7faf23e075863ba847,false,123.46,100,123.46,93.86,50;0;0;0,words,10,-1,2,4.86,0,3.3,false,false,english,,normal,false,false,false,,1784228735000
6a592b73af23e075863ba7ee,false,121.81,96.15,134.77,86.1,47;2;0;0,words,10,-1,3,4.63,0,7.55,false,false,english,,normal,false,false,false,,1784228723000
6a592b63af23e075863ba766,false,117.55,96.3,132.24,91.87,48;2;1;0,words,10,-1,1,4.9,0,2.6,false,false,english,,normal,false,false,false,,1784228707000
6a592b58af23e075863ba720,false,113.48,96.15,125.55,90.42,47;2;0;0,words,10,-1,0,4.97,0,0,false,false,english,,normal,false,false,false,,1784228696000
6a592b54af23e075863ba700,false,88.78,80.49,125.51,79.59,29;8;0;5,words,10,-1,1,3.92,0,1.54,false,false,english,,normal,false,false,false,,1784228692000
6a592b4aaf23e075863ba6b3,false,118.27,95.65,132.69,86.24,41;2;1;0,words,10,-1,4,4.16,0,8.41,false,false,english,,normal,false,false,false,,1784228682000
6a592b39af23e075863ba624,false,112.71,96.49,125.97,90.39,51;2;1;0,words,10,-1,2,5.43,0,4.92,false,false,english,,normal,false,false,false,,1784228665000
6a592b18af23e075863ba53c,false,136.19,100,136.19,85.23,53;0;0;0,words,10,-1,2,4.67,0,2.37,false,false,english,,normal,false,false,false,67a8ccc1c60cdb18429e94ab;66f0476a66c51bbe14fbe34c,1784228632000
6a592b07af23e075863ba4b1,false,122.45,100,122.45,90.39,50;0;0;0,words,10,-1,0,4.9,0,0,false,false,english,,normal,false,false,false,,1784228615000
6a592ad4af23e075863ba332,false,118.57,100,118.57,89,58;0;0;0,words,10,-1,5,5.87,0,6.71,false,false,english,,normal,false,false,false,,1784228564000
6a592ac2af23e075863ba29a,false,121.81,100,121.81,88.36,47;0;0;0,words,10,-1,11,4.63,0,21.92,false,false,english,,normal,false,false,false,,1784228546000
6a592a9aaf23e075863ba158,false,131.07,100,131.07,95.97,45;0;0;0,words,10,-1,7,4.12,0,9.24,false,false,english,,normal,false,false,false,,1784228506000
6a592a84af23e075863ba08f,false,128.48,100,128.48,80.54,50;0;0;0,words,10,-1,2,4.67,0,6.17,false,false,english,,normal,false,false,false,,1784228484000
6a592a74af23e075863ba01b,false,117.48,100,117.48,89.13,56;0;0;0,words,10,-1,0,5.72,0,0,false,false,english,,normal,false,false,false,,1784228468000
6a592a6eaf23e075863b9fe8,false,98.1,94,114.07,78.09,43;3;0;1,words,10,-1,1,5.26,0,3.08,false,false,english,,normal,false,false,false,,1784228462000
6a591b6daf23e075863b19b9,false,109.52,94.23,123.81,85.59,46;3;0;0,words,10,-1,13,5.04,0,20.05,false,false,english,,normal,false,false,false,,1784224621000
6a591b4aaf23e075863b1867,false,120.77,96.15,133.62,86.02,47;2;1;0,words,10,-1,3,4.67,0,4.63,false,false,english,,normal,false,false,false,,1784224586000
6a591b3eaf23e075863b17ef,false,105.22,95.74,117.75,79.8,42;2;1;0,words,10,-1,7,4.79,0,13.41,false,false,english,,normal,false,false,false,,1784224574000
6a59116caf23e075863ab941,false,114.51,94.34,126.44,90.19,48;3;0;0,words,10,-1,0,5.03,0,0,false,false,english,,normal,false,false,false,,1784222060000
6a591166af23e075863ab8fb,false,115.34,97.96,117.79,92.63,47;0;0;2,words,10,-1,1,4.89,0,3.88,false,false,english,,normal,false,false,false,,1784222054000
6a591146af23e075863ab792,false,89.69,90,107.62,71.83,50;5;1;0,words,10,-1,3,6.69,0,3.79,false,false,english,,normal,false,false,false,,1784222022000
6a591138af23e075863ab6f3,false,105.6,98.21,105.6,71.95,55;0;0;0,words,10,-1,11,6.25,0,24.46,false,false,english,,normal,false,false,false,,1784222008000
6a57a2b3af23e075862ed3ce,false,121.8,100,121.8,82.11,54;0;0;0,words,10,-1,11,5.32,0,31.23,false,false,english,,normal,false,false,false,,1784128179000
6a57a285af23e075862ed201,false,116.96,100,116.96,89.38,50;0;0;0,words,10,-1,1,5.13,0,2.48,false,false,english,,normal,false,false,false,,1784128133000
6a57a27caf23e075862ed199,false,105.06,96.08,119.07,82.44,45;2;1;0,words,10,-1,0,5.14,0,0,false,false,english,,normal,false,false,false,,1784128124000
6a57a276af23e075862ed162,false,105.66,98.25,105.66,76.97,56;0;0;0,words,10,-1,0,6.36,0,0,false,false,english,,normal,false,false,false,,1784128118000
6a538c3baf23e075860d9be5,false,116.61,98.21,116.61,72.2,55;0;0;0,words,10,-1,0,5.66,0,0,false,false,english,,normal,false,false,false,,1783860283000
6a538c32af23e075860d9ba4,false,120.65,100,120.65,86.44,56;0;0;0,words,10,-1,1,5.57,0,1.75,false,false,english,,normal,false,false,false,,1783860274000
6a538c28af23e075860d9b68,false,108.71,100,108.71,84.21,52;0;0;0,words,10,-1,0,5.74,0,0,false,false,english,,normal,false,false,false,,1783860264000
6a50e89daf23e07586fbba85,false,108.63,100,108.63,84.58,43;0;0;0,words,10,-1,0,4.75,0,0,false,false,english,,normal,false,false,false,6a34f2b2b7b5429521db59a8,1783687325000
6a50e897af23e07586fbba43,false,93.1,97.83,93.1,63.9,45;0;0;0,words,10,-1,9,5.8,0,24.49,false,false,english,,normal,false,false,false,6a34f2b2b7b5429521db59a8,1783687319000
6a508df7af23e07586f8a4dc,false,88.46,90.91,103.85,80.82,46;3;1;0,words,10,-1,4,6.24,0,13.28,false,false,english,,normal,false,false,false,6a34f2b2b7b5429521db59a8,1783664119000
6a50884faf23e07586f876c5,false,106.36,100,106.36,90.7,46;0;0;0,words,10,-1,14,5.19,0,35.06,false,false,english,,normal,false,false,false,6a34f2b2b7b5429521db59a8,1783662671000
6a50881baf23e07586f87512,false,108.07,100,108.07,92.22,58;0;0;0,words,10,-1,7,6.44,0,9.71,false,false,english,,normal,false,false,false,6a34f2b2b7b5429521db59a8,1783662619000
6a5085e7af23e07586f86448,false,118.76,100,118.76,90.65,48;0;0;0,words,10,-1,0,4.85,0,0,false,false,english,,normal,false,false,false,6a34f2b2b7b5429521db59a8,1783662055000
6a5085dcaf23e07586f863e9,false,89.48,95.56,103.25,77.92,39;2;1;0,words,10,-1,5,5.23,0,4.84,false,false,english,,normal,false,false,false,6a34f2b2b7b5429521db59a8,1783662044000
6a5085cdaf23e07586f86376,false,97.58,96.15,107.96,80.37,47;2;1;0,words,10,-1,4,5.78,0,5.26,false,false,english,,normal,false,false,false,6a34f2b2b7b5429521db59a8,1783662029000
6a5085beaf23e07586f862fa,false,91.92,98.21,91.92,66.26,55;0;0;0,words,10,-1,0,7.18,0,0,false,false,english,,normal,false,false,false,6a34f2b2b7b5429521db59a8,1783662014000
6a4dfc0aaf23e07586e3cb29,false,118.44,100,118.44,94.79,53;0;0;0,words,10,-1,7,5.37,0,9.61,false,false,english,,normal,false,false,false,,1783495690000