_id,isPb,wpm,acc,rawWpm,consistency,charStats,mode,mode2,quoteLength,restartCount,testDuration,afkDuration,incompleteTestSeconds,punctuation,numbers,language,funbox,difficulty,lazyMode,blindMode,bailedOut,tags,timestamp
6a611acaaf23e0758677f232,false,108.7,96.43,119.36,84.98,51;2;0;0,words,10,-1,13,5.63,0,16.41,false,false,english,,normal,false,false,false,66f0476a66c51bbe14fbe34c;693b17813540add646bcb3ef,1784748745869
6a611aa9af23e0758677f149,false,104.25,96.15,115.34,75.19,47;2;0;0,words,10,-1,8,5.41,0,11.78,false,false,english,,normal,false,false,false,66f0476a66c51bbe14fbe34c;693b17813540add646bcb3ef,1784748713268
6a611a91af23e0758677f07f,false,104.55,96,113.64,85.57,46;2;0;1,words,10,-1,9,5.28,0,13.9,false,false,english,,normal,false,false,false,66f0476a66c51bbe14fbe34c;693b17813540add646bcb3ef,1784748688633
6a611a76af23e0758677efb0,false,128.95,100,128.95,87.71,49;0;0;0,words,10,-1,19,4.56,0,23.97,false,false,english,,normal,false,false,false,66f0476a66c51bbe14fbe34c;693b17813540add646bcb3ef,1784748661983
6a611a3daf23e0758677edd2,false,131.51,100,131.51,87.2,56;0;0;0,words,10,-1,15,5.11,0,20.67,false,false,english,,normal,false,false,false,66f0476a66c51bbe14fbe34c;693b17813540add646bcb3ef,1784748604930
6a611a16af23e0758677eca6,false,112.57,96,119.76,92.36,47;2;1;0,words,10,-1,0,5.01,0,0,false,false,english,,normal,false,false,false,66f0476a66c51bbe14fbe34c;693b17813540add646bcb3ef,1784748566678
6a611a10af23e0758677ec81,false,116.5,100,116.5,88.56,60;0;0;0,words,10,-1,12,6.18,0,17.95,false,false,english,,normal,false,false,false,66f0476a66c51bbe14fbe34c;693b17813540add646bcb3ef,1784748560428
6a6119e2af23e0758677eb1b,false,131.78,100,131.78,89.35,47;0;0;0,words,10,-1,9,4.28,0,11.47,false,false,english,,normal,false,false,false,66f0476a66c51bbe14fbe34c;693b17813540add646bcb3ef,1784748514094
6a6119b3af23e0758677e9a8,false,116.06,100,116.06,90,53;0;0;0,words,10,-1,13,5.48,0,26.69,false,false,english,,normal,false,false,false,66f0476a66c51bbe14fbe34c;693b17813540add646bcb3ef,1784748466908
6a611986af23e0758677e86a,false,121.85,100,121.85,88.01,46;0;0;0,words,10,-1,5,4.53,0,10.25,false,false,english,,normal,false,false,false,66f0476a66c51bbe14fbe34c;693b17813540add646bcb3ef,1784748422407
6a611973af23e0758677e7dd,false,116.79,95.65,134.31,90.31,40;2;1;0,words,10,-1,0,4.11,0,0,false,false,english,,normal,false,false,false,66f0476a66c51bbe14fbe34c;693b17813540add646bcb3ef,1784748402923
6a61196daf23e0758677e7b8,false,104.68,94.83,104.68,65.85,54;0;0;0,words,10,-1,0,6.19,0,0,false,false,english,,normal,false,false,false,66f0476a66c51bbe14fbe34c;693b17813540add646bcb3ef,1784748397673
6a611966af23e0758677e779,false,111.29,95.92,118.55,70.66,46;2;1;0,words,10,-1,0,4.96,0,0,false,false,english,,normal,false,false,false,66f0476a66c51bbe14fbe34c;693b17813540add646bcb3ef,1784748390373
6a611960af23e0758677e753,false,111.88,100,111.88,85.95,51;0;0;0,words,10,-1,0,5.47,0,0,false,false,english,,normal,false,false,false,66f0476a66c51bbe14fbe34c;693b17813540add646bcb3ef,1784748384207
6a60e34eaf23e0758675bc5c,false,112.28,98.11,123.98,84.31,48;1;0;0,words,10,-1,6,5.13,0,14.82,false,false,english,,normal,false,false,false,66f0476a66c51bbe14fbe34c;693b17813540add646bcb3ef,1784734542000
6a60e335af23e0758675bb5c,false,89.9,98,104.53,83.98,43;1;0;0,words,10,-1,8,5.74,0,14.48,false,false,english,,normal,false,false,false,66f0476a66c51bbe14fbe34c;693b17813540add646bcb3ef,1784734517000
6a60e2c3af23e0758675b69e,false,128.27,100,128.27,87.92,45;0;0;0,words,10,-1,6,4.21,0,6.22,false,false,english,,normal,false,false,false,66f0476a66c51bbe14fbe34c;693b17813540add646bcb3ef,1784734403000
6a60e2b3af23e0758675b5f5,false,127.81,100,127.81,76.76,54;0;0;0,words,10,-1,3,5.07,0,4.11,false,false,english,,normal,false,false,false,66f0476a66c51bbe14fbe34c;693b17813540add646bcb3ef,1784734387000
6a60e2a6af23e0758675b565,false,75.84,94.12,84.27,81.3,45;2;1;0,words,10,-1,0,7.12,0,0,false,false,english,,normal,false,false,false,66f0476a66c51bbe14fbe34c;693b17813540add646bcb3ef,1784734374000
6a60e271af23e0758675b314,false,134.4,100,134.4,93.57,56;0;0;0,words,10,-1,3,5,0,7.75,false,false,english,,normal,false,false,false,66f0476a66c51bbe14fbe34c;693b17813540add646bcb3ef,1784734321000
6a5fc49faf23e075866cbcaf,false,237.62,78.33,333.8,100,42;10;2;2,custom,custom,-1,1,2.121,0,0.96,false,false,english,,normal,false,false,false,66f0476a66c51bbe14fbe34c;693b17813540add646bcb3ef,1784661151000
6a5fc493af23e075866cbc4e,false,319.93,100,319.93,96.15,59;0;0;0,custom,custom,-1,6,2.213,0,7.37,false,false,english,,normal,false,false,false,66f0476a66c51bbe14fbe34c;693b17813540add646bcb3ef,1784661139000
6a5fc473af23e075866cbb51,false,189.14,86.44,309.98,96,36;8;3;0,custom,custom,-1,1,2.284,0,0.79,false,false,english,,normal,false,false,false,66f0476a66c51bbe14fbe34c;693b17813540add646bcb3ef,1784661107000
6a5fc46eaf23e075866cbb23,false,277.54,100,277.54,96.29,59;0;0;0,custom,custom,-1,0,2.551,0,0,false,false,english,,normal,false,false,false,66f0476a66c51bbe14fbe34c;693b17813540add646bcb3ef,1784661102000
6a5fc46baf23e075866cbb0e,false,203.72,89.83,286.18,97.87,42;6;2;0,custom,custom,-1,1,2.474,0,1.55,false,false,english,,normal,false,false,false,66f0476a66c51bbe14fbe34c;693b17813540add646bcb3ef,1784661099000
6a5fc465af23e075866cbae3,false,145.13,86.44,244.64,97.11,35;8;4;0,custom,custom,-1,1,2.894,0,0.83,false,false,english,,normal,false,false,false,66f0476a66c51bbe14fbe34c;693b17813540add646bcb3ef,1784661093000
6a5fc461af23e075866cbac7,false,149.79,86.44,252.5,96.1,35;8;4;0,custom,custom,-1,6,2.804,0,9.87,false,false,english,,normal,false,false,false,66f0476a66c51bbe14fbe34c;693b17813540add646bcb3ef,1784661089000
6a5fc451af23e075866cba5a,false,255.5,100,255.5,97.46,59;0;0;0,custom,custom,-1,0,2.771,0,0,false,false,english,,normal,false,false,false,66f0476a66c51bbe14fbe34c;693b17813540add646bcb3ef,1784661073000
6a5fc44daf23e075866cba3a,false,261.06,100,261.06,92.72,59;0;0;0,custom,custom,-1,1,2.712,0,2.73,false,false,english,,normal,false,false,false,66f0476a66c51bbe14fbe34c;693b17813540add646bcb3ef,1784661069000
6a5fc446af23e075866cba02,false,248.68,100,248.68,94.52,59;0;0;0,custom,custom,-1,0,2.847,0,0,false,false,english,,normal,false,false,false,66f0476a66c51bbe14fbe34c;693b17813540add646bcb3ef,1784661062000
6a5fc443af23e075866cb9e3,false,217.09,93.22,272.52,93.69,47;4;2;0,custom,custom,-1,1,2.598,0,2.05,false,false,english,,normal,false,false,false,66f0476a66c51bbe14fbe34c;693b17813540add646bcb3ef,1784661059000
6a5fc43caf23e075866cb9b5,false,256.71,100,256.71,95.09,59;0;0;0,custom,custom,-1,5,2.758,0,8.16,false,false,english,,normal,false,false,false,66f0476a66c51bbe14fbe34c;693b17813540add646bcb3ef,1784661052000
6a5fc42faf23e075866cb942,false,265.87,100,265.87,98.76,59;0;0;0,custom,custom,-1,0,2.663,0,0,false,false,english,,normal,false,false,false,66f0476a66c51bbe14fbe34c;693b17813540add646bcb3ef,1784661039000
6a5fc42caf23e075866cb926,false,238.15,96.61,260.2,93.29,54;2;0;0,custom,custom,-1,0,2.721,0,0,false,false,english,,normal,false,false,false,66f0476a66c51bbe14fbe34c;693b17813540add646bcb3ef,1784661036000
6a5fc427af23e075866cb903,false,259.53,100,259.53,94.95,59;0;0;0,custom,custom,-1,0,2.728,0,0,false,false,english,,normal,false,false,false,66f0476a66c51bbe14fbe34c;693b17813540add646bcb3ef,1784661031000
6a5fc423af23e075866cb8e4,false,252.32,100,252.32,91.15,59;0;0;0,custom,custom,-1,3,2.806,0,3.65,false,false,english,,normal,false,false,false,66f0476a66c51bbe14fbe34c;693b17813540add646bcb3ef,1784661027000
6a5fc41baf23e075866cb896,false,273.15,100,273.15,92.34,59;0;0;0,custom,custom,-1,7,2.592,0,8.27,false,false,english,,normal,false,false,false,66f0476a66c51bbe14fbe34c;693b17813540add646bcb3ef,1784661019000
6a5fc3d4af23e075866cb675,false,270.68,96.61,295.74,95.83,54;2;0;0,custom,custom,-1,2,2.394,0,1.99,false,false,english,,normal,false,false,false,66f0476a66c51bbe14fbe34c;693b17813540add646bcb3ef,1784660948000
6a5fc3ceaf23e075866cb648,false,214.19,80,300.89,96,42;10;2;1,custom,custom,-1,7,2.353,0,10.04,false,false,english,,normal,false,false,false,66f0476a66c51bbe14fbe34c;693b17813540add646bcb3ef,1784660942000
6a5fc3bdaf23e075866cb5d1,false,261.83,100,261.83,96.73,59;0;0;0,custom,custom,-1,0,2.704,0,0,false,false,english,,normal,false,false,false,66f0476a66c51bbe14fbe34c;693b17813540add646bcb3ef,1784660925000
6a5fc3baaf23e075866cb5ac,false,197.53,88.33,242.8,94.23,48;4;2;2,custom,custom,-1,2,2.916,0,4.17,false,false,english,,normal,false,false,false,66f0476a66c51bbe14fbe34c;693b17813540add646bcb3ef,1784660922000
6a5fc3b2af23e075866cb57b,false,103.78,100,103.78,27.75,59;0;0;0,custom,custom,-1,8,6.822,0,10.26,false,false,english,,normal,false,false,false,66f0476a66c51bbe14fbe34c;693b17813540add646bcb3ef,1784660914000
6a5fc39daf23e075866cb4c7,false,199.76,85,280.62,96.87,42;7;2;1,custom,custom,-1,2,2.523,0,3.41,false,false,english,,normal,false,false,false,66f0476a66c51bbe14fbe34c;693b17813540add646bcb3ef,1784660893000
6a5fc394af23e075866cb48e,false,228.06,93.22,286.29,97.87,47;4;2;0,custom,custom,-1,0,2.473,0,0,false,false,english,,normal,false,false,false,66f0476a66c51bbe14fbe34c;693b17813540add646bcb3ef,1784660884000
6a5fc391af23e075866cb478,false,205.13,83.05,288.16,97.87,42;10;2;0,custom,custom,-1,1,2.457,0,1.07,false,false,english,,normal,false,false,false,66f0476a66c51bbe14fbe34c;693b17813540add646bcb3ef,1784660881000
6a5fc38caf23e075866cb45c,false,169.89,81.36,334.12,92.59,30;11;4;0,custom,custom,-1,0,2.119,0,0,false,false,english,,normal,false,false,false,66f0476a66c51bbe14fbe34c;693b17813540add646bcb3ef,1784660876000
6a5fc389af23e075866cb439,false,226.21,89.83,317.77,98.11,42;6;2;0,custom,custom,-1,3,2.228,0,5.46,false,false,english,,normal,false,false,false,66f0476a66c51bbe14fbe34c;693b17813540add646bcb3ef,1784660873000
6a5fc380af23e075866cb3dc,false,155.57,83.05,316.5,98.04,29;10;5;0,custom,custom,-1,2,2.237,0,2.41,false,false,english,,normal,false,false,false,66f0476a66c51bbe14fbe34c;693b17813540add646bcb3ef,1784660864000
6a5fc378af23e075866cb3a8,false,238.11,93.22,292.68,100,48;4;1;0,custom,custom,-1,1,2.419,0,1.55,false,false,english,,normal,false,false,false,66f0476a66c51bbe14fbe34c;693b17813540add646bcb3ef,1784660856000
6a5fc373af23e075866cb379,false,230.45,81.67,329.22,94.55,42;10;2;0,custom,custom,-1,3,2.187,0,2.72,false,false,english,,normal,false,false,false,66f0476a66c51bbe14fbe34c;693b17813540add646bcb3ef,1784660851000
6a5fc36caf23e075866cb33f,false,309.58,100,309.58,96,59;0;0;0,custom,custom,-1,2,2.287,0,2.67,false,false,english,,normal,false,false,false,66f0476a66c51bbe14fbe34c;693b17813540add646bcb3ef,1784660844000
6a5fc365af23e075866cb300,false,276.92,96.61,302.56,96,54;2;0;0,custom,custom,-1,1,2.34,0,1.16,false,false,english,,normal,false,false,false,66f0476a66c51bbe14fbe34c;693b17813540add646bcb3ef,1784660837000
6a5fc360af23e075866cb2d2,false,158.94,83.05,312.58,94.12,30;10;4;0,custom,custom,-1,3,2.265,0,2.63,false,false,english,,normal,false,false,false,66f0476a66c51bbe14fbe34c;693b17813540add646bcb3ef,1784660832000
6a5fc358af23e075866cb297,false,206.82,85,258.53,73.24,48;8;1;0,custom,custom,-1,5,2.785,0,4.12,false,false,english,,normal,false,false,false,66f0476a66c51bbe14fbe34c;693b17813540add646bcb3ef,1784660824000
6a5fc31eaf23e075866cb0b4,false,231.79,93.22,284.91,95.65,48;4;1;0,custom,custom,-1,3,2.485,0,4.14,false,false,english,,normal,false,false,false,66f0476a66c51bbe14fbe34c;693b17813540add646bcb3ef,1784660766000
6a5fc311af23e075866cb053,false,275.81,100,275.81,93.13,59;0;0;0,custom,custom,-1,2,2.567,0,2.31,false,false,english,,normal,false,false,false,66f0476a66c51bbe14fbe34c;693b17813540add646bcb3ef,1784660753000
6a5fc308af23e075866caff7,false,217.99,85,306.23,96,42;6;3;2,custom,custom,-1,0,2.312,0,0,false,false,english,,normal,false,false,false,66f0476a66c51bbe14fbe34c;693b17813540add646bcb3ef,1784660744000
6a5fc304af23e075866cafdf,false,229.48,88.33,282.07,95.75,48;5;1;1,custom,custom,-1,2,2.51,0,2.42,false,false,english,,normal,false,false,false,66f0476a66c51bbe14fbe34c;693b17813540add646bcb3ef,1784660740000
6a5fc2fdaf23e075866cafa5,false,292.32,100,292.32,100,59;0;0;0,custom,custom,-1,0,2.422,0,0,false,false,english,,normal,false,false,false,66f0476a66c51bbe14fbe34c;693b17813540add646bcb3ef,1784660733000
6a5fc2faaf23e075866caf8c,false,223.72,88.14,280.84,94.85,47;6;1;1,custom,custom,-1,2,2.521,0,2.24,false,false,english,,normal,false,false,false,66f0476a66c51bbe14fbe34c;693b17813540add646bcb3ef,1784660730000
6a5fc2f3af23e075866caf5e,false,285.02,100,285.02,97.87,59;0;0;0,custom,custom,-1,2,2.484,0,1.64,false,false,english,,normal,false,false,false,66f0476a66c51bbe14fbe34c;693b17813540add646bcb3ef,1784660723000
6a5fc2eaaf23e075866caf16,false,301.66,100,301.66,100,59;0;0;0,custom,custom,-1,0,2.347,0,0,false,false,english,,normal,false,false,false,66f0476a66c51bbe14fbe34c;693b17813540add646bcb3ef,1784660714000
6a5fc2e4af23e075866caee9,false,287.1,100,287.1,97.87,59;0;0;0,custom,custom,-1,0,2.466,0,0,false,false,english,,normal,false,false,false,66f0476a66c51bbe14fbe34c;693b17813540add646bcb3ef,1784660708000
6a5fc2e1af23e075866caed7,false,176.47,81.36,289.22,93.62,36;10;2;1,custom,custom,-1,2,2.448,0,2.86,false,false,english,,normal,false,false,false,66f0476a66c51bbe14fbe34c;693b17813540add646bcb3ef,1784660705000
6a5fc2dbaf23e075866caea2,false,217.76,88.14,273.36,92.2,47;6;1;1,custom,custom,-1,1,2.59,0,0.55,false,false,english,,normal,false,false,false,66f0476a66c51bbe14fbe34c;693b17813540add646bcb3ef,1784660699000
6a5fc2d7af23e075866cae84,false,222.13,93.22,278.85,92.82,47;4;2;0,custom,custom,-1,1,2.539,0,0.64,false,false,english,,normal,false,false,false,66f0476a66c51bbe14fbe34c;693b17813540add646bcb3ef,1784660695000
6a5fc2d2af23e075866cae5d,false,217.52,93.22,267.37,95.6,48;4;1;0,custom,custom,-1,1,2.648,0,0.69,false,false,english,,normal,false,false,false,66f0476a66c51bbe14fbe34c;693b17813540add646bcb3ef,1784660690000
6a5fc2cdaf23e075866cae3f,false,261.54,100,261.54,93.87,59;0;0;0,custom,custom,-1,0,2.707,0,0,false,false,english,,normal,false,false,false,66f0476a66c51bbe14fbe34c;693b17813540add646bcb3ef,1784660685000
6a5fc2caaf23e075866cae25,false,179.62,88.14,225.48,97.43,47;6;1;1,custom,custom,-1,1,3.14,0,0.65,false,false,english,,normal,false,false,false,66f0476a66c51bbe14fbe34c;693b17813540add646bcb3ef,1784660682000
6a5fc2c5af23e075866cae06,false,180.11,100,180.11,84.59,59;0;0;0,custom,custom,-1,4,3.931,0,101.33,false,false,english,,normal,false,false,false,66f0476a66c51bbe14fbe34c;693b17813540add646bcb3ef,1784660677000
6a5fc233af23e075866ca93e,false,45.48,95.31,45.48,73.55,384;0;0;0,custom,custom,-1,4,101.316,0,8.16,false,false,english,nospace,normal,false,false,false,66f0476a66c51bbe14fbe34c;693b17813540add646bcb3ef,1784660531000
6a5fc1b3af23e075866ca573,false,109.29,96.15,115.99,80.68,49;2;1;0,words,10,-1,8,5.38,0,17.47,false,false,english,,normal,false,false,false,66f0476a66c51bbe14fbe34c;693b17813540add646bcb3ef,1784660403000
6a5fc14caf23e075866ca23b,false,115.97,98,126.05,92.63,46;1;0;1,words,10,-1,2,4.76,0,1.86,false,false,english,,normal,false,false,false,66f0476a66c51bbe14fbe34c;693b17813540add646bcb3ef,1784660300000
6a5fc143af23e075866ca1d9,false,95.64,80,125.24,88.57,42;10;1;0,words,10,-1,10,5.27,0,18.99,false,false,english,,normal,false,false,false,66f0476a66c51bbe14fbe34c;693b17813540add646bcb3ef,1784660291000
6a5fc121af23e075866ca0d6,false,120.45,100,120.45,85,53;0;0;0,words,10,-1,0,5.28,0,0,false,false,english,,normal,false,false,false,66f0476a66c51bbe14fbe34c;693b17813540add646bcb3ef,1784660257000
6a5fc11aaf23e075866ca0a1,false,104.97,87.04,128.83,90.38,44;7;0;1,words,10,-1,1,5.03,0,0.89,false,false,english,,normal,false,false,false,66f0476a66c51bbe14fbe34c;693b17813540add646bcb3ef,1784660250000
6a5fc113af23e075866ca05d,false,89.59,80.85,127.6,93.57,33;9;1;1,words,10,-1,2,4.42,0,2.78,false,false,english,,normal,false,false,false,66f0476a66c51bbe14fbe34c;693b17813540add646bcb3ef,1784660243000
6a5fc108af23e075866c9ffb,false,97.61,91.38,111,79.67,51;5;0;0,words,10,-1,9,6.27,0,16.47,false,false,english,,normal,false,false,false,66f0476a66c51bbe14fbe34c;693b17813540add646bcb3ef,1784660232000
6a5fc092af23e075866c9bee,false,117.54,95.83,131.21,82.14,43;2;0;0,words,10,-1,0,4.39,0,0,false,false,english,,normal,false,false,false,66f0476a66c51bbe14fbe34c;693b17813540add646bcb3ef,1784660114000
6a5fc08baf23e075866c9bb8,false,116.78,100,116.78,87.42,58;0;0;0,words,10,-1,1,5.96,0,3.25,false,false,english,,normal,false,false,false,66f0476a66c51bbe14fbe34c;693b17813540add646bcb3ef,1784660107000
6a5fc010af23e075866c973d,false,115.99,100,115.99,91.49,52;0;0;0,words,10,-1,3,5.38,0,6.95,false,false,english,,normal,false,false,false,66f0476a66c51bbe14fbe34c;693b17813540add646bcb3ef,1784659984000
6a5fc000af23e075866c96ac,false,101.66,98,110.5,84.03,46;1;1;0,words,10,-1,2,5.43,0,1.87,false,false,english,,normal,false,false,false,66f0476a66c51bbe14fbe34c;693b17813540add646bcb3ef,1784659968000
6a5fbff6af23e075866c9643,false,111.92,96.72,126.42,86.59,54;2;1;0,words,10,-1,13,5.79,0,25.32,false,false,english,,normal,false,false,false,66f0476a66c51bbe14fbe34c;693b17813540add646bcb3ef,1784659958000
6a5fbfcbaf23e075866c94c6,false,100.55,98.11,115.85,76.38,46;1;0;1,words,10,-1,11,5.49,0,11.2,false,false,english,,normal,false,false,false,66f0476a66c51bbe14fbe34c;693b17813540add646bcb3ef,1784659915000
6a5fbfb1af23e075866c93b9,false,108.62,96,129.31,93.1,42;2;1;0,words,10,-1,2,4.64,0,2.6,false,false,english,,normal,false,false,false,66f0476a66c51bbe14fbe34c;693b17813540add646bcb3ef,1784659889000
6a5fbfa6af23e075866c9368,false,116.46,97.87,116.46,70.42,46;0;0;0,words,10,-1,5,4.74,0,11.25,false,false,english,,normal,false,false,false,66f0476a66c51bbe14fbe34c;693b17813540add646bcb3ef,1784659878000
6a5fbf91af23e075866c92bb,false,107.5,96.3,118.46,74.83,49;2;0;0,words,10,-1,2,5.47,0,3.91,false,false,english,,normal,false,false,false,66f0476a66c51bbe14fbe34c;693b17813540add646bcb3ef,1784659857000
6a5fbf85af23e075866c9244,false,116.63,100,116.63,88.1,45;0;0;0,words,10,-1,4,4.63,0,3.84,false,false,english,,normal,false,false,false,66f0476a66c51bbe14fbe34c;693b17813540add646bcb3ef,1784659845000
6a5fbf1faf23e075866c8eab,false,79.18,89.27,99.32,74.43,224;21;7;1,words,50,-1,7,33.95,0,39.51,false,false,english,,normal,false,false,false,66f0476a66c51bbe14fbe34c;693b17813540add646bcb3ef,1784659743000
6a5fbed0af23e075866c8c0a,false,74.12,88.19,79.96,69.62,241;10;1;1,words,50,-1,1,39.02,0,0.71,false,false,english,,normal,false,false,false,66f0476a66c51bbe14fbe34c;693b17813540add646bcb3ef,1784659664000
6a5fbe9caf23e075866c8a78,false,92.68,85.71,119.51,87.56,38;6;1;0,words,10,-1,3,4.92,0,16.79,false,false,english,,normal,false,false,false,66f0476a66c51bbe14fbe34c;693b17813540add646bcb3ef,1784659612000
6a5fbe7baf23e075866c895d,false,65.67,88.23,65.67,60.46,525;0;0;0,words,100,-1,9,95.93,0,85.23,false,false,english,,normal,false,false,false,66f0476a66c51bbe14fbe34c;693b17813540add646bcb3ef,1784659579000
6a5fbd77af23e075866c80ec,false,121.95,100,121.95,88.38,50;0;0;0,words,10,-1,12,4.92,0,32.54,false,false,english,,normal,false,false,false,66f0476a66c51bbe14fbe34c;693b17813540add646bcb3ef,1784659319000
6a5fbd48af23e075866c7f44,false,96.35,92.16,111.68,88.1,44;4;1;0,words,10,-1,5,5.48,0,7.18,false,false,english,,normal,false,false,false,66f0476a66c51bbe14fbe34c;693b17813540add646bcb3ef,1784659272000
6a5fbd21af23e075866c7de2,false,79.89,94.23,86.69,64.57,47;2;0;0,words,10,-1,0,7.06,0,0,false,false,english,,normal,false,false,false,66f0476a66c51bbe14fbe34c;693b17813540add646bcb3ef,1784659233000
6a5fbd18af23e075866c7d95,false,62.88,84,85.59,61.39,36;7;1;0,words,10,-1,2,6.87,0,6.21,false,false,english,,normal,false,false,false,66f0476a66c51bbe14fbe34c;693b17813540add646bcb3ef,1784659224000
6a5fbd08af23e075866c7d11,false,54.72,76.92,101.63,70.07,28;9;5;0,words,10,-1,5,6.14,0,5.98,false,false,english,,normal,false,false,false,66f0476a66c51bbe14fbe34c;693b17813540add646bcb3ef,1784659208000
6a5fbcf6af23e075866c7c8c,false,112.89,96.55,121.25,86.61,54;2;0;0,words,10,-1,4,5.74,0,6.86,false,false,english,,normal,false,false,false,66f0476a66c51bbe14fbe34c;693b17813540add646bcb3ef,1784659190000
6a5fbce6af23e075866c7bee,false,124.14,100,124.14,86.99,54;0;0;0,words,10,-1,30,5.22,0,54.11,false,false,english,,normal,false,false,false,66f0476a66c51bbe14fbe34c;693b17813540add646bcb3ef,1784659174000
6a5fbc94af23e075866c7923,false,128.95,100,128.95,81.56,49;0;0;0,words,10,-1,6,4.56,0,8.4,false,false,english,,normal,false,false,false,66f0476a66c51bbe14fbe34c;693b17813540add646bcb3ef,1784659092000
6a5fbc81af23e075866c7863,false,121.67,92.98,135.98,89.59,51;3;1;0,words,10,-1,1,5.03,0,0.64,false,false,english,,normal,false,false,false,66f0476a66c51bbe14fbe34c;693b17813540add646bcb3ef,1784659073000
6a5fbc7aaf23e075866c781e,false,108.18,100,108.18,90.94,54;0;0;0,words,10,-1,4,5.99,0,7.04,false,false,english,,normal,false,false,false,66f0476a66c51bbe14fbe34c;693b17813540add646bcb3ef,1784659066000
6a5fbc69af23e075866c776d,false,118.22,100,118.22,92.36,53;0;0;0,words,10,-1,16,5.38,0,24.94,false,false,english,,normal,false,false,false,66f0476a66c51bbe14fbe34c;693b17813540add646bcb3ef,1784659049000
6a5fbc3eaf23e075866c75ea,false,124.6,100,124.6,91.91,46;0;0;0,words,10,-1,19,4.43,0,33.77,false,false,english,,normal,false,false,false,66f0476a66c51bbe14fbe34c;693b17813540add646bcb3ef,1784659006000
6a5fbbfbaf23e075866c73c7,false,127.5,100,127.5,87.14,51;0;0;0,words,10,-1,4,4.8,0,10.89,false,false,english,,normal,false,false,false,66f0476a66c51bbe14fbe34c;693b17813540add646bcb3ef,1784658939000
6a5fbbe6af23e075866c7301,false,114.97,96.23,126.95,92.31,48;2;0;0,words,10,-1,8,5.01,0,14.26,false,false,english,,normal,false,false,false,66f0476a66c51bbe14fbe34c;693b17813540add646bcb3ef,1784658918000
6a5fbbccaf23e075866c722d,false,87.37,89.13,118.2,87.88,34;5;2;0,words,10,-1,0,4.67,0,0,false,false,english,,normal,false,false,false,66f0476a66c51bbe14fbe34c;693b17813540add646bcb3ef,1784658892000
6a5fbbc6af23e075866c71f6,false,114.87,100,114.87,78.54,47;0;0;0,words,10,-1,17,4.91,0,34.17,false,false,english,,normal,false,false,false,66f0476a66c51bbe14fbe34c;693b17813540add646bcb3ef,1784658886000
6a5fbb90af23e075866c701f,false,112.64,100,112.64,80.91,52;0;0;0,words,10,-1,5,5.54,0,5.95,false,false,english,,normal,false,false,false,66f0476a66c51bbe14fbe34c;693b17813540add646bcb3ef,1784658832000
6a5fbb7daf23e075866c6f88,false,114.29,95.65,131.43,85.71,40;2;1;0,words,10,-1,3,4.2,0,2.88,false,false,english,,normal,false,false,false,66f0476a66c51bbe14fbe34c;693b17813540add646bcb3ef,1784658813000
6a5fbb72af23e075866c6f2c,false,121.15,93.48,129.81,85.63,42;2;0;0,words,10,-1,3,4.16,0,3.79,false,false,english,,normal,false,false,false,66f0476a66c51bbe14fbe34c;693b17813540add646bcb3ef,1784658802000
6a5fbb67af23e075866c6ecf,false,99.8,92,121.7,72.69,41;4;1;0,words,10,-1,9,4.93,0,11.14,false,false,english,,normal,false,false,false,66f0476a66c51bbe14fbe34c;693b17813540add646bcb3ef,1784658791000
6a5fbb4eaf23e075866c6deb,false,92.13,91.37,107.87,83.66,117;9;3;0,words,25,-1,34,15.24,0,85.34,false,false,english,,normal,false,false,false,66f0476a66c51bbe14fbe34c;693b17813540add646bcb3ef,1784658766000
6a5fbacaaf23e075866c6911,false,101.33,96.38,101.33,69.08,133;0;0;0,words,25,-1,51,15.75,0,131.84,false,false,english,,normal,false,false,false,66f0476a66c51bbe14fbe34c;693b17813540add646bcb3ef,1784658634000
6a5cacc4af23e0758653db30,false,91.75,92.91,114.24,79.19,102;9;3;2,words,25,-1,15,13.34,0,46.8,false,false,english,,normal,false,false,false,66f0476a66c51bbe14fbe34c;693b17813540add646bcb3ef,1784458436000
6a5cac72af23e0758653d8d4,false,104.98,97.76,104.98,79.6,130;0;0;0,words,25,-1,4,14.86,0,11.44,false,false,english,,normal,false,false,false,,1784458354000
6a5bddc1af23e075864f54dd,false,89.09,94.81,95.94,70.83,117;3;1;0,words,25,-1,3,15.76,0,22.55,false,false,english,,normal,false,false,false,,1784405441000
6a592e99af23e075863bc24d,false,109.78,95.24,119.24,89.22,116;5;1;1,words,25,-1,0,12.68,0,0,false,false,english,,normal,false,false,false,67a8ccc1c60cdb18429e94ab;66f0476a66c51bbe14fbe34c,1784229529000
6a592e42af23e075863bbf70,false,99.93,96.95,108.19,81.57,121;4;2;0,words,25,-1,9,14.53,0,21.11,false,false,english,,normal,false,false,false,67a8ccc1c60cdb18429e94ab;66f0476a66c51bbe14fbe34c,1784229442000
6a592e19af23e075863bbe2a,false,95.54,95.16,110.71,87.87,107;6;3;0,words,25,-1,0,13.44,0,0,false,false,english,,normal,false,false,false,67a8ccc1c60cdb18429e94ab;66f0476a66c51bbe14fbe34c,1784229401000
6a592e00af23e075863bbd55,false,93.78,91.8,110.17,79.52,103;7;3;0,words,25,-1,0,13.18,0,0,false,false,english,,normal,false,false,false,67a8ccc1c60cdb18429e94ab;66f0476a66c51bbe14fbe34c,1784229376000
6a592df3af23e075863bbcf7,false,100.43,95.38,110.82,79.62,116;4;1;0,words,25,-1,0,13.86,0,0,false,false,english,,normal,false,false,false,67a8ccc1c60cdb18429e94ab;66f0476a66c51bbe14fbe34c,1784229363000
6a592dd2af23e075863bbbc7,false,111.52,99.21,111.52,85.78,125;0;0;0,words,25,-1,4,13.45,0,11.16,false,false,english,,normal,false,false,false,67a8ccc1c60cdb18429e94ab;66f0476a66c51bbe14fbe34c,1784229330000
6a592db7af23e075863bbad4,false,91.84,90,101.63,77.82,122;8;1;1,words,25,-1,9,15.94,0,30.53,false,false,english,,normal,false,false,false,67a8ccc1c60cdb18429e94ab;66f0476a66c51bbe14fbe34c,1784229303000
6a592d6caf23e075863bb7f2,false,105.7,96.8,110.14,72.58,119;2;1;0,words,25,-1,9,13.51,0,12.24,false,false,english,,normal,false,false,false,67a8ccc1c60cdb18429e94ab;66f0476a66c51bbe14fbe34c,1784229228000
6a592d3eaf23e075863bb670,false,92.93,94.53,101.82,74.09,115;4;1;0,words,25,-1,20,14.85,0,53.74,false,false,english,,normal,false,false,false,67a8ccc1c60cdb18429e94ab;66f0476a66c51bbe14fbe34c,1784229182000
6a592ceaaf23e075863bb388,false,102.49,93.53,110.56,79.47,127;7;1;0,words,25,-1,3,14.87,0,11.27,false,false,english,,normal,false,false,false,67a8ccc1c60cdb18429e94ab;66f0476a66c51bbe14fbe34c,1784229098000
6a592ccbaf23e075863bb29d,false,104.98,97.56,111.31,80.46,116;3;1;0,words,25,-1,0,13.26,0,0,false,false,english,,normal,false,false,false,67a8ccc1c60cdb18429e94ab;66f0476a66c51bbe14fbe34c,1784229067000
6a592cacaf23e075863bb1bc,false,110.47,99.28,110.47,77.17,138;0;0;0,words,25,-1,9,14.99,0,31.67,false,false,english,,normal,false,false,false,67a8ccc1c60cdb18429e94ab;66f0476a66c51bbe14fbe34c,1784229036000
6a592c57af23e075863baeea,false,93.14,94.97,97.9,72.18,509;9;4;1,words,100,-1,1,65.58,0,2.61,false,false,english,,normal,false,false,false,67a8ccc1c60cdb18429e94ab;66f0476a66c51bbe14fbe34c,1784228951000
6a592c04af23e075863bac2f,false,116.91,100,116.91,82.71,53;0;0;0,words,10,-1,6,5.44,0,12.04,false,false,english,,normal,false,false,false,,1784228868000
6a592bf1af23e075863bab9a,false,110.56,100,110.56,78.92,48;0;0;0,words,10,-1,38,5.21,0,73.3,false,false,english,,normal,false,false,false,,1784228849000
6a592b7faf23e075863ba847,false,123.46,100,123.46,93.86,50;0;0;0,words,10,-1,2,4.86,0,3.3,false,false,english,,normal,false,false,false,,1784228735000
6a592b73af23e075863ba7ee,false,121.81,96.15,134.77,86.1,47;2;0;0,words,10,-1,3,4.63,0,7.55,false,false,english,,normal,false,false,false,,1784228723000
6a592b63af23e075863ba766,false,117.55,96.3,132.24,91.87,48;2;1;0,words,10,-1,1,4.9,0,2.6,false,false,english,,normal,false,false,false,,1784228707000
6a592b58af23e075863ba720,false,113.48,96.15,125.55,90.42,47;2;0;0,words,10,-1,0,4.97,0,0,false,false,english,,normal,false,false,false,,1784228696000
6a592b54af23e075863ba700,false,88.78,80.49,125.51,79.59,29;8;0;5,words,10,-1,1,3.92,0,1.54,false,false,english,,normal,false,false,false,,1784228692000
6a592b4aaf23e075863ba6b3,false,118.27,95.65,132.69,86.24,41;2;1;0,words,10,-1,4,4.16,0,8.41,false,false,english,,normal,false,false,false,,1784228682000
6a592b39af23e075863ba624,false,112.71,96.49,125.97,90.39,51;2;1;0,words,10,-1,2,5.43,0,4.92,false,false,english,,normal,false,false,false,,1784228665000
6a592b18af23e075863ba53c,false,136.19,100,136.19,85.23,53;0;0;0,words,10,-1,2,4.67,0,2.37,false,false,english,,normal,false,false,false,67a8ccc1c60cdb18429e94ab;66f0476a66c51bbe14fbe34c,1784228632000
6a592b07af23e075863ba4b1,false,122.45,100,122.45,90.39,50;0;0;0,words,10,-1,0,4.9,0,0,false,false,english,,normal,false,false,false,,1784228615000
6a592ad4af23e075863ba332,false,118.57,100,118.57,89,58;0;0;0,words,10,-1,5,5.87,0,6.71,false,false,english,,normal,false,false,false,,1784228564000
6a592ac2af23e075863ba29a,false,121.81,100,121.81,88.36,47;0;0;0,words,10,-1,11,4.63,0,21.92,false,false,english,,normal,false,false,false,,1784228546000
6a592a9aaf23e075863ba158,false,131.07,100,131.07,95.97,45;0;0;0,words,10,-1,7,4.12,0,9.24,false,false,english,,normal,false,false,false,,1784228506000
6a592a84af23e075863ba08f,false,128.48,100,128.48,80.54,50;0;0;0,words,10,-1,2,4.67,0,6.17,false,false,english,,normal,false,false,false,,1784228484000
6a592a74af23e075863ba01b,false,117.48,100,117.48,89.13,56;0;0;0,words,10,-1,0,5.72,0,0,false,false,english,,normal,false,false,false,,1784228468000
6a592a6eaf23e075863b9fe8,false,98.1,94,114.07,78.09,43;3;0;1,words,10,-1,1,5.26,0,3.08,false,false,english,,normal,false,false,false,,1784228462000
6a591b6daf23e075863b19b9,false,109.52,94.23,123.81,85.59,46;3;0;0,words,10,-1,13,5.04,0,20.05,false,false,english,,normal,false,false,false,,1784224621000
6a591b4aaf23e075863b1867,false,120.77,96.15,133.62,86.02,47;2;1;0,words,10,-1,3,4.67,0,4.63,false,false,english,,normal,false,false,false,,1784224586000
6a591b3eaf23e075863b17ef,false,105.22,95.74,117.75,79.8,42;2;1;0,words,10,-1,7,4.79,0,13.41,false,false,english,,normal,false,false,false,,1784224574000
6a59116caf23e075863ab941,false,114.51,94.34,126.44,90.19,48;3;0;0,words,10,-1,0,5.03,0,0,false,false,english,,normal,false,false,false,,1784222060000
6a591166af23e075863ab8fb,false,115.34,97.96,117.79,92.63,47;0;0;2,words,10,-1,1,4.89,0,3.88,false,false,english,,normal,false,false,false,,1784222054000
6a591146af23e075863ab792,false,89.69,90,107.62,71.83,50;5;1;0,words,10,-1,3,6.69,0,3.79,false,false,english,,normal,false,false,false,,1784222022000
6a591138af23e075863ab6f3,false,105.6,98.21,105.6,71.95,55;0;0;0,words,10,-1,11,6.25,0,24.46,false,false,english,,normal,false,false,false,,1784222008000
6a57a2b3af23e075862ed3ce,false,121.8,100,121.8,82.11,54;0;0;0,words,10,-1,11,5.32,0,31.23,false,false,english,,normal,false,false,false,,1784128179000
6a57a285af23e075862ed201,false,116.96,100,116.96,89.38,50;0;0;0,words,10,-1,1,5.13,0,2.48,false,false,english,,normal,false,false,false,,1784128133000
6a57a27caf23e075862ed199,false,105.06,96.08,119.07,82.44,45;2;1;0,words,10,-1,0,5.14,0,0,false,false,english,,normal,false,false,false,,1784128124000
6a57a276af23e075862ed162,false,105.66,98.25,105.66,76.97,56;0;0;0,words,10,-1,0,6.36,0,0,false,false,english,,normal,false,false,false,,1784128118000
6a538c3baf23e075860d9be5,false,116.61,98.21,116.61,72.2,55;0;0;0,words,10,-1,0,5.66,0,0,false,false,english,,normal,false,false,false,,1783860283000
6a538c32af23e075860d9ba4,false,120.65,100,120.65,86.44,56;0;0;0,words,10,-1,1,5.57,0,1.75,false,false,english,,normal,false,false,false,,1783860274000
6a538c28af23e075860d9b68,false,108.71,100,108.71,84.21,52;0;0;0,words,10,-1,0,5.74,0,0,false,false,english,,normal,false,false,false,,1783860264000
6a50e89daf23e07586fbba85,false,108.63,100,108.63,84.58,43;0;0;0,words,10,-1,0,4.75,0,0,false,false,english,,normal,false,false,false,6a34f2b2b7b5429521db59a8,1783687325000
6a50e897af23e07586fbba43,false,93.1,97.83,93.1,63.9,45;0;0;0,words,10,-1,9,5.8,0,24.49,false,false,english,,normal,false,false,false,6a34f2b2b7b5429521db59a8,1783687319000
6a508df7af23e07586f8a4dc,false,88.46,90.91,103.85,80.82,46;3;1;0,words,10,-1,4,6.24,0,13.28,false,false,english,,normal,false,false,false,6a34f2b2b7b5429521db59a8,1783664119000
6a50884faf23e07586f876c5,false,106.36,100,106.36,90.7,46;0;0;0,words,10,-1,14,5.19,0,35.06,false,false,english,,normal,false,false,false,6a34f2b2b7b5429521db59a8,1783662671000
6a50881baf23e07586f87512,false,108.07,100,108.07,92.22,58;0;0;0,words,10,-1,7,6.44,0,9.71,false,false,english,,normal,false,false,false,6a34f2b2b7b5429521db59a8,1783662619000
6a5085e7af23e07586f86448,false,118.76,100,118.76,90.65,48;0;0;0,words,10,-1,0,4.85,0,0,false,false,english,,normal,false,false,false,6a34f2b2b7b5429521db59a8,1783662055000
6a5085dcaf23e07586f863e9,false,89.48,95.56,103.25,77.92,39;2;1;0,words,10,-1,5,5.23,0,4.84,false,false,english,,normal,false,false,false,6a34f2b2b7b5429521db59a8,1783662044000
6a5085cdaf23e07586f86376,false,97.58,96.15,107.96,80.37,47;2;1;0,words,10,-1,4,5.78,0,5.26,false,false,english,,normal,false,false,false,6a34f2b2b7b5429521db59a8,1783662029000
6a5085beaf23e07586f862fa,false,91.92,98.21,91.92,66.26,55;0;0;0,words,10,-1,0,7.18,0,0,false,false,english,,normal,false,false,false,6a34f2b2b7b5429521db59a8,1783662014000
6a4dfc0aaf23e07586e3cb29,false,118.44,100,118.44,94.79,53;0;0;0,words,10,-1,7,5.37,0,9.61,false,false,english,,normal,false,false,false,,1783495690000
6a4dfbf5af23e07586e3ca8a,false,125.91,100,125.91,89,49;0;0;0,words,10,-1,6,4.67,0,12.73,false,false,english,,normal,false,false,false,,1783495669000
6a4dfbdeaf23e07586e3c9c9,false,138.18,100,138.18,89.25,57;0;0;0,words,10,-1,6,4.95,0,10.68,false,false,english,,normal,false,false,false,,1783495646000
6a4dfbc9af23e07586e3c909,false,123.41,100,123.41,87.11,47;0;0;0,words,10,-1,2,4.57,0,1.97,false,false,english,,normal,false,false,false,,1783495625000
6a4dfbc0af23e07586e3c8c0,false,126.63,100,126.63,90.19,42;0;0;0,words,10,-1,12,3.98,0,25.11,false,false,english,,normal,false,false,false,,1783495616000
6a4dfb97af23e07586e3c74d,false,106.12,92,136.05,92.29,39;4;1;0,words,10,-1,4,4.41,0,10.07,false,false,english,,normal,false,false,false,,1783495575000
6a4dfb85af23e07586e3c6be,false,113.43,91.49,140.3,92.47,38;4;1;0,words,10,-1,6,4.02,0,10.63,false,false,english,,normal,false,false,false,,1783495557000
6a4dfb0faf23e07586e3c2ed,false,141.57,100,141.57,89.26,42;0;0;0,words,10,-1,1,3.56,0,0.69,false,false,english,,normal,false,false,false,,1783495439000
6a4dfb09af23e07586e3c2af,false,104.35,95.65,104.35,64.87,44;0;0;0,words,10,-1,0,5.06,0,0,false,false,english,,normal,false,false,false,,1783495433000
6a4dfb03af23e07586e3c280,false,96.39,86,118.07,74.52,40;5;1;1,words,10,-1,3,4.98,0,6.51,false,false,english,,normal,false,false,false,,1783495427000
6a4dfaf4af23e07586e3c1f6,false,129.73,100,129.73,92.29,44;0;0;0,words,10,-1,1,4.07,0,0.8,false,false,english,,normal,false,false,false,,1783495412000
6a4dfaedaf23e07586e3c1b9,false,105.03,96.08,113.97,78.09,47;2;1;0,words,10,-1,5,5.37,0,13.08,false,false,english,,normal,false,false,false,,1783495405000
6a4dfad7af23e07586e3c108,false,104.11,89.36,128.77,91.91,38;5;0;1,words,10,-1,2,4.38,0,5.57,false,false,english,,normal,false,false,false,,1783495383000
6a4dfacbaf23e07586e3c09b,false,108.2,95.83,118.03,88.03,44;2;0;0,words,10,-1,4,4.88,0,6.13,false,false,english,,normal,false,false,false,,1783495371000
6a4dfabcaf23e07586e3c026,false,97.53,92.98,120.85,79.37,46;4;1;0,words,10,-1,2,5.66,0,2.02,false,false,english,,normal,false,false,false,,1783495356000
6a4dfab2af23e07586e3bfba,false,136.56,100,136.56,92.63,47;0;0;0,words,10,-1,4,4.13,0,14.32,false,false,english,,normal,false,false,false,,1783495346000
6a4dfa98af23e07586e3bec8,false,103.65,94.55,103.65,64.29,52;0;0;0,words,10,-1,1,6.02,0,3.07,false,false,english,,normal,false,false,false,,1783495320000
6a4dfa8caf23e07586e3be4d,false,95.82,88,109.51,62.17,42;4;0;0,words,10,-1,14,5.26,0,29.21,false,false,english,,normal,false,false,false,,1783495308000
6a4dfa58af23e07586e3bc79,false,133.06,100,133.06,92.79,55;0;0;0,words,10,-1,9,4.96,0,16.19,false,false,english,,normal,false,false,false,,1783495256000
6a4dfa3caf23e07586e3bb66,false,99.36,93.75,119.75,92.52,39;2;1;2,words,10,-1,10,4.71,0,20.83,false,false,english,,normal,false,false,false,,1783495228000
6a4dfa1baf23e07586e3ba37,false,119.36,100,119.36,82.43,56;0;0;0,words,10,-1,5,5.63,0,8.45,false,false,english,,normal,false,false,false,,1783495195000
6a4dfa08af23e07586e3b99a,false,108.32,96.55,123.19,92.99,51;2;0;0,words,10,-1,2,5.65,0,4.05,false,false,english,,normal,false,false,false,,1783495176000
6a4df9fcaf23e07586e3b934,false,124.03,100,124.03,90.75,40;0;0;0,words,10,-1,7,3.87,0,13.64,false,false,english,,normal,false,false,false,,1783495164000
6a4df9e3af23e07586e3b865,false,191.48,75,268.99,93.2,42;12;3;2,custom,custom,-1,2,2.6321,0,2.73,false,false,english,,normal,false,false,false,,1783495139000
6a4df9dcaf23e07586e3b82f,false,186.63,100,186.63,55.45,59;0;0;0,custom,custom,-1,2,3.7936,0,2.07,false,false,english,,normal,false,false,false,,1783495132000
6a4df9d4af23e07586e3b7d8,false,226.32,100,226.32,84.64,59;0;0;0,custom,custom,-1,12,3.1283000000000003,0,17.84,false,false,english,,normal,false,false,false,,1783495124000
6a4df9b0af23e07586e3b6ae,false,97.35,96.08,107.94,78.91,46;2;1;0,words,10,-1,5,5.67,0,14.09,false,false,english,,normal,false,false,false,,1783495088000
6a4df997af23e07586e3b5d4,false,130.67,100,130.67,92.02,49;0;0;0,words,10,-1,0,4.5,0,0,false,false,english,,normal,false,false,false,,1783495063000
6a4df992af23e07586e3b5a3,false,85.53,85.11,121.81,71.88,33;6;1;1,words,10,-1,5,4.63,0,6.37,false,false,english,,normal,false,false,false,,1783495058000
6a4df982af23e07586e3b50d,false,114.65,93.88,124.84,86.88,45;3;0;1,words,10,-1,0,4.71,0,0,false,false,english,,normal,false,false,false,,1783495042000
6a4df97baf23e07586e3b4e5,false,118.07,100,118.07,67.33,55;0;0;0,words,10,-1,6,5.59,0,11.21,false,false,english,,normal,false,false,false,,1783495035000
6a4df966af23e07586e3b3f7,false,100.41,93.48,110.2,82.71,41;2;0;0,words,10,-1,8,4.9,0,14.13,false,false,english,,normal,false,false,false,,1783495014000
6a4df94baf23e07586e3b2ee,false,138.86,100,138.86,86.98,53;0;0;0,words,10,-1,0,4.58,0,0,false,false,english,,normal,false,false,false,,1783494987000
6a4df940af23e07586e3b283,true,103.61,100,103.61,90.99,43;0;0;0,words,10,-1,3,4.98,0,6,false,false,german,,normal,false,false,false,,1783494976000
6a4df931af23e07586e3b1f2,false,85.44,97.83,85.44,81.25,45;0;0;0,words,10,-1,3,6.32,0,2.92,false,false,german,,normal,false,false,false,,1783494961000
6a4df923af23e07586e3b14f,false,109.8,95.74,122.88,82.27,42;2;0;0,words,10,-1,12,4.59,0,21.01,false,false,english,,normal,false,false,false,,1783494947000
6a4df8f7af23e07586e3afa0,false,90.26,84.75,121.03,81.1,44;9;0;1,words,10,-1,6,5.85,0,12.18,false,false,english,,normal,false,false,false,,1783494903000
6a4df8daaf23e07586e3aea0,false,117.18,95.08,132.37,83.32,54;3;1;0,words,10,-1,8,5.53,0,12.35,false,false,english,,normal,false,false,false,,1783494874000
6a4df8c1af23e07586e3adb9,false,131.47,100,131.47,86.24,47;0;0;0,words,10,-1,12,4.29,0,19.46,false,false,english,,normal,false,false,false,,1783494849000
6a4df89eaf23e07586e3ac4e,false,135.65,100,135.65,85.71,52;0;0;0,words,10,-1,8,4.6,0,13.59,false,false,english,,normal,false,false,false,,1783494814000
6a4df885af23e07586e3ab5e,false,107.84,92.98,130.78,86.96,47;4;1;0,words,10,-1,7,5.23,0,7.82,false,false,english,,normal,false,false,false,,1783494789000
6a4df872af23e07586e3aaa1,false,127.27,96.23,137.66,89.95,49;2;1;0,words,10,-1,2,4.62,0,2.07,false,false,english,,normal,false,false,false,,1783494770000
6a4df869af23e07586e3aa4f,false,114.09,100,114.09,83.39,56;0;0;0,words,10,-1,7,5.89,0,12.69,false,false,english,,normal,false,false,false,,1783494761000
6a4df84faf23e07586e3a95f,false,128.88,96,143.2,92.94,45;2;1;0,words,10,-1,1,4.19,0,0.72,false,false,english,,normal,false,false,false,,1783494735000
6a4df848af23e07586e3a916,false,132.53,100,132.53,94.73,55;0;0;0,words,10,-1,5,4.98,0,8.56,false,false,english,,normal,false,false,false,,1783494728000
6a4df826af23e07586e3a7e3,false,139.13,100,139.13,87.41,48;0;0;0,words,10,-1,1,4.14,0,1.07,false,false,english,,normal,false,false,false,,1783494694000
6a4df81faf23e07586e3a79f,false,120.28,93.75,134.27,92.63,43;3;0;1,words,10,-1,2,4.29,0,6.23,false,false,english,,normal,false,false,false,,1783494687000
6a4df811af23e07586e3a715,false,116.46,96.23,134.18,92.83,46;2;1;0,words,10,-1,3,4.74,0,4.65,false,false,english,,normal,false,false,false,,1783494673000
6a4df804af23e07586e3a6b0,false,131.09,100,131.09,87.31,52;0;0;0,words,10,-1,0,4.76,0,0,false,false,english,,normal,false,false,false,,1783494660000
6a4df7f6af23e07586e3a637,false,110.53,100,110.53,86.75,49;0;0;0,words,10,-1,0,5.32,0,0,false,false,english,,normal,false,false,false,,1783494646000
6a4df7cbaf23e07586e3a4a3,false,90.99,96.36,90.99,73.95,520;0;0;0,words,100,-1,1,68.58,0,0.63,false,false,english,,normal,false,false,false,,1783494603000
6a4df777af23e07586e3a154,true,72.44,93.8,73.47,69.75,562;2;1;0,words,100,-1,0,93.1,0,0,false,false,german,,normal,false,false,false,,1783494519000
6a4b57aa61e093d47bca8f98,false,103.52,92.59,114.08,80.93,49;4;0;0,words,10,-1,13,5.68,0,19.66,false,false,english,,normal,false,false,false,,1783322538000
6a4b578861e093d47bca8e63,false,115.79,100,115.79,83.47,55;0;0;0,words,10,-1,8,5.7,0,16.2,false,false,english,,normal,false,false,false,,1783322504000
6a4b515f61e093d47bca59b1,false,87.41,94.12,87.41,66.39,48;0;0;0,words,10,-1,0,6.59,0,0,false,false,english,,normal,false,false,false,,1783320927000
6a4b515761e093d47bca596b,false,108.9,100,108.9,88.8,53;0;0;0,words,10,-1,11,5.84,0,23.76,false,false,english,,normal,false,false,false,,1783320919000
6a4b512d61e093d47bca5814,false,135.71,100,135.71,85.71,57;0;0;0,words,10,-1,0,5.04,0,0,false,false,english,,normal,false,false,false,,1783320877000
6a4b512661e093d47bca57d9,false,119.49,100,119.49,93.56,47;0;0;0,words,10,-1,1,4.72,0,0.69,false,false,english,,normal,false,false,false,,1783320870000
6a4b511f61e093d47bca579d,false,92.93,92.31,103.03,80.55,46;2;1;0,words,10,-1,7,5.94,0,14.29,false,false,english,,normal,false,false,false,,1783320863000
6a4b4fc161e093d47bca4cd9,false,86.75,88.24,105.34,76.7,42;6;0;1,words,10,-1,3,5.81,0,5.91,false,false,english,,normal,false,false,false,,1783320513000
6a4b4fb261e093d47bca4c5f,false,114.29,100,114.29,80.27,52;0;0;0,words,10,-1,0,5.46,0,0,false,false,english,,normal,false,false,false,,1783320498000
6a4b4fab61e093d47bca4c32,false,111.68,100,111.68,85.57,51;0;0;0,words,10,-1,0,5.48,0,0,false,false,english,,normal,false,false,false,,1783320491000
6a4b4fa461e093d47bca4c02,false,95.09,94.55,104.6,87.24,50;3;0;1,words,10,-1,2,6.31,0,2.46,false,false,english,,normal,false,false,false,,1783320484000
6a4b496b61e093d47bca190c,false,99.66,100,99.66,72.06,49;0;0;0,words,10,-1,0,5.9,0,0,false,false,english,,normal,false,false,false,,1783318891000
6a4b496461e093d47bca18d2,false,86.68,94.12,98.23,79.59,45;2;1;0,words,10,-1,1,6.23,0,3.17,false,false,english,,normal,false,false,false,,1783318884000
6a4b495861e093d47bca186d,false,90.4,96.23,90.4,80.16,51;0;0;0,words,10,-1,5,6.77,0,12.25,false,false,english,,normal,false,false,false,,1783318872000
6a4905af61e093d47bbb8178,false,263.29,100,263.29,95.83,59;0;0;0,custom,custom,-1,0,2.689,0,0,false,false,english,,normal,false,false,false,,1783170479000
6a4905aa61e093d47bbb8151,false,228.12,94.92,253.95,92.19,53;2;1;0,custom,custom,-1,0,2.788,0,0,false,false,english,,normal,false,false,false,,1783170474000
6a4905a761e093d47bbb8135,false,205.57,89.83,252.68,95.31,48;5;1;0,custom,custom,-1,1,2.802,0,1.34,false,false,english,,normal,false,false,false,,1783170471000
6a4905a161e093d47bbb8104,false,193.35,81.67,246.83,91.95,47;8;3;2,custom,custom,-1,1,2.917,0,0.67,false,false,english,,normal,false,false,false,,1783170465000
6a49059c61e093d47bbb80e2,false,249.91,100,249.91,93.62,59;0;0;0,custom,custom,-1,4,2.833,0,5.3,false,false,english,,normal,false,false,false,,1783170460000
6a49059161e093d47bbb8073,false,206.64,86.44,290.28,95.83,42;6;2;0,custom,custom,-1,2,2.439,0,1.38,false,false,english,,normal,false,false,false,,1783170449000
6a49058b61e093d47bbb8049,false,284,100,284,97.87,59;0;0;0,custom,custom,-1,0,2.493,0,0,false,false,english,,normal,false,false,false,,1783170443000
6a49058761e093d47bbb802e,false,247.12,100,247.12,91.6,59;0;0;0,custom,custom,-1,21,2.865,0,33.78,false,false,english,,normal,false,false,false,,1783170439000
6a49054961e093d47bbb7e1d,false,119.47,94,132.74,85.66,45;3;0;0,words,10,-1,2,4.52,0,2.24,false,false,english,,normal,false,false,false,,1783170377000
6a49054061e093d47bbb7dda,false,109.91,100,109.91,76.79,49;0;0;0,words,10,-1,8,5.35,0,18.17,false,false,english,,normal,false,false,false,,1783170368000
6a49052161e093d47bbb7cec,false,122.39,92.16,135.7,86.98,46;3;1;0,words,10,-1,1,4.51,0,2.29,false,false,english,,normal,false,false,false,,1783170337000
6a4904bf61e093d47bbb79cc,false,129.39,100,129.39,83.39,51;0;0;0,words,10,-1,3,4.73,0,8.54,false,false,english,,normal,false,false,false,,1783170239000
6a4904ad61e093d47bbb7939,false,111.24,100,111.24,82.61,47;0;0;0,words,10,-1,0,5.07,0,0,false,false,english,,normal,false,false,false,,1783170221000
6a4904a661e093d47bbb78fe,false,135.1,100,135.1,93.41,51;0;0;0,words,10,-1,0,4.53,0,0,false,false,english,,normal,false,false,false,,1783170214000
6a49049f61e093d47bbb78d4,false,112,98,112,74.29,49;0;0;0,words,10,-1,11,5.25,0,14.52,false,false,english,,normal,false,false,false,,1783170207000
6a49048361e093d47bbb77e9,false,109.35,91.49,135.25,85.63,38;3;1;0,words,10,-1,5,4.17,0,14.18,false,false,english,,normal,false,false,false,,1783170179000
6a49046b61e093d47bbb7745,false,125.52,100,125.52,91.31,50;0;0;0,words,10,-1,0,4.78,0,0,false,false,english,,normal,false,false,false,,1783170155000
6a49046561e093d47bbb7705,false,118.41,100,118.41,80.27,52;0;0;0,words,10,-1,8,5.27,0,10.01,false,false,english,,normal,false,false,false,,1783170149000
6a49044861e093d47bbb7641,false,122.65,100,122.65,96.15,51;0;0;0,words,10,-1,5,4.99,0,11.42,false,false,english,,normal,false,false,false,,1783170120000
6a49043261e093d47bbb75b2,false,92.92,95.92,92.92,65.11,47;0;0;0,words,10,-1,3,6.07,0,6.05,false,false,english,,normal,false,false,false,,1783170098000
6a49042161e093d47bbb7531,false,113.94,100,113.94,89.47,47;0;0;0,words,10,-1,5,4.95,0,12.38,false,false,english,,normal,false,false,false,,1783170081000
6a49040b61e093d47bbb7498,false,103.83,98.11,103.83,76.29,52;0;0;0,words,10,-1,4,6.01,0,6.8,false,false,english,,normal,false,false,false,,1783170059000
6a4903fa61e093d47bbb7428,false,85.87,95.45,92.31,54.41,40;1;0;0,words,10,-1,3,5.59,0,4.07,false,false,english,,normal,false,false,false,,1783170042000
6a4903ed61e093d47bbb73ba,false,119.69,93.18,138.58,90.37,38;2;1;0,words,10,-1,1,3.81,0,0.88,false,false,english,,normal,false,false,false,,1783170029000
6a4903e561e093d47bbb737f,false,105.76,98,105.76,88.49,49;0;0;0,words,10,-1,0,5.56,0,0,false,false,english,,normal,false,false,false,,1783170021000
6a48f3cc61e093d47bbaf425,false,131.97,100,131.97,85.63,43;0;0;0,words,10,-1,2,3.91,0,1.72,false,false,english,,normal,false,false,false,,1783165900000
6a48f3c261e093d47bbaf3cf,false,112,92.45,121.14,90,49;4;0;0,words,10,-1,9,5.25,0,17.99,false,false,english,,normal,false,false,false,,1783165890000
6a48f3a361e093d47bbaf2dd,false,102.02,81.82,133.6,83.06,42;9;1;0,words,10,-1,5,4.94,0,13.14,false,false,english,,normal,false,false,false,,1783165859000
6a48f38b61e093d47bbaf236,false,111.15,100,111.15,73.33,54;0;0;0,words,10,-1,2,5.83,0,6.17,false,false,english,,normal,false,false,false,,1783165835000
6a48f37c61e093d47bbaf1c4,false,92.13,95.24,92.13,69.38,40;0;0;0,words,10,-1,6,5.21,0,11.39,false,false,english,,normal,false,false,false,,1783165820000
6a48f36561e093d47bbaf116,false,111.72,100,111.72,81.28,54;0;0;0,words,10,-1,1,5.8,0,1.38,false,false,english,,normal,false,false,false,,1783165797000
6a48d85261e093d47bba2e01,false,95.73,90,106.86,59.75,43;2;1;0,words,10,-1,20,5.39,0,38.94,false,false,english,,normal,false,false,false,,1783158866000
6a48d80d61e093d47bba2c29,false,109.95,98.31,109.95,78.72,58;0;0;0,words,10,-1,4,6.33,0,5.94,false,false,english,,normal,false,false,false,,1783158797000
6a48d7fc61e093d47bba2bb9,false,100.91,85.42,128.18,93.57,37;6;0;6,words,10,-1,1,4.4,0,1.08,false,false,english,,normal,false,false,false,,1783158780000
6a48d7f561e093d47bba2b81,false,106.19,94.55,116.81,91.35,50;2;1;0,words,10,-1,10,5.65,0,24.03,false,false,english,,normal,false,false,false,,1783158773000
6a4828bb61e093d47bb6821a,false,85.49,93.22,85.49,63.14,267;0;0;0,words,50,-1,17,37.48,0,86.43,false,false,english,,normal,false,false,false,,1783113915000
6a48265561e093d47bb674e1,false,95.44,94.89,95.44,76.8,258;0;0;0,words,50,-1,5,32.44,0,11.73,false,false,english,,normal,false,false,false,,1783113301000
6a48240c61e093d47bb66768,false,95.37,94.92,97.79,70.88,237;2;0;0,words,50,-1,6,29.82,0,11.92,false,false,english,,normal,false,false,false,,1783112716000
6a4823d361e093d47bb66615,false,95.01,98.88,95.01,71.69,262;0;0;0,words,50,-1,3,33.09,0,5.88,false,false,english,,normal,false,false,false,,1783112659000
6a481abf61e093d47bb63057,false,205.93,91.53,253.13,92.59,48;4;1;0,custom,custom,-1,3,2.797,0,3.28,false,false,english,,normal,false,false,false,,1783110335000
6a481aaf61e093d47bb62ff4,false,174.09,81.03,236.27,91.19,42;8;2;3,custom,custom,-1,4,2.895,0,4.1,false,false,english,,normal,false,false,false,,1783110319000
6a481aa561e093d47bb62fac,false,238.79,100,238.79,89.56,59;0;0;0,custom,custom,-1,14,2.965,0,21.41,false,false,english,,normal,false,false,false,,1783110309000
6a481a8361e093d47bb62ec8,false,248.49,88.52,315.79,98.04,48;5;2;0,custom,custom,-1,1,2.318,0,0.6,false,false,english,,normal,false,false,false,,1783110275000
6a481a7e61e093d47bb62ea4,false,267.22,96.61,291.96,100,54;2;0;0,custom,custom,-1,2,2.425,0,3.02,false,false,english,,normal,false,false,false,,1783110270000
6a481a6c61e093d47bb62e3c,false,229.05,100,229.05,97.43,59;0;0;0,custom,custom,-1,9,3.091,0,15.05,false,false,english,,normal,false,false,false,,1783110252000
6a481a5461e093d47bb62da1,false,278.3,100,278.3,98.15,59;0;0;0,custom,custom,-1,1,2.544,0,2.44,false,false,english,,normal,false,false,false,,1783110228000
6a481a4e61e093d47bb62d73,false,205.8,86.44,289.1,100,42;6;2;0,custom,custom,-1,2,2.449,0,1.53,false,false,english,,normal,false,false,false,,1783110222000
6a481a4761e093d47bb62d46,false,266.55,94.92,296.73,100,53;2;1;0,custom,custom,-1,1,2.386,0,0.69,false,false,english,,normal,false,false,false,,1783110215000
6a481a4161e093d47bb62d19,false,277.43,100,277.43,96.29,59;0;0;0,custom,custom,-1,54,2.552,0,237.24,false,false,english,,normal,false,false,false,,1783110209000
6a4818fd61e093d47bb62606,false,96.56,97.58,96.56,69.46,241;0;0;0,words,50,-1,18,29.95,0,78.28,false,false,english,,normal,false,false,false,,1783109885000
6a48187b61e093d47bb622f5,false,81.95,93.4,85.24,61.37,249;4;1;0,words,50,-1,0,36.46,0,0,false,false,english,,normal,false,false,false,,1783109755000
6a48184861e093d47bb621ba,false,92.05,93.79,92.05,68.03,271;0;0;0,words,50,-1,1,35.33,0,2.63,false,false,english,,normal,false,false,false,,1783109704000
6a48181d61e093d47bb620b7,false,89.2,94.46,89.2,69.74,254;0;0;0,words,50,-1,8,34.17,0,34.24,false,false,english,,normal,false,false,false,,1783109661000
6a4817c161e093d47bb61e8d,false,86.52,93.73,86.52,67.27,253;0;0;0,words,50,-1,0,35.09,0,0,false,false,english,,normal,false,false,false,,1783109569000
6a48148361e093d47bb60b84,false,127.56,100,127.56,85.61,54;0;0;0,words,10,-1,5,5.08,0,11.05,false,false,english,,normal,false,false,false,,1783108739000
6a48146e61e093d47bb60aff,false,101.81,94.34,114.8,90.2,47;2;1;0,words,10,-1,5,5.54,0,8.34,false,false,english,,normal,false,false,false,,1783108718000
6a48145a61e093d47bb60a8a,false,124.41,100,124.41,81.16,48;0;0;0,words,10,-1,16,4.63,0,27.43,false,false,english,,normal,false,false,false,,1783108698000
6a48142b61e093d47bb6096a,false,103.23,93.18,113.55,92.52,40;2;1;0,words,10,-1,9,4.65,0,12.05,false,false,english,,normal,false,false,false,,1783108651000
6a48141261e093d47bb608c6,false,117.92,100,117.92,85.86,51;0;0;0,words,10,-1,11,5.19,0,56.6,false,false,english,,normal,false,false,false,,1783108626000
6a48139461e093d47bb605ff,false,123.45,100,123.45,94.73,29;0;0;0,custom,custom,-1,3,2.819,0,5.55,false,false,english,,normal,false,false,false,,1783108500000
6a48136661e093d47bb604f1,false,100.9,100,100.9,80.39,29;0;0;0,custom,custom,-1,2,3.449,0,1.78,false,false,english,,normal,false,false,false,,1783108454000
6a48135e61e093d47bb604bb,false,103.26,100,103.26,69.38,29;0;0;0,custom,custom,-1,1,3.37,0,0.74,false,false,english,,normal,false,false,false,,1783108446000
6a48135861e093d47bb6048e,false,103.33,100,103.33,79.59,29;0;0;0,custom,custom,-1,0,3.368,0,0,false,false,english,,normal,false,false,false,,1783108440000
6a48135361e093d47bb60472,false,99.74,100,99.74,89.79,29;0;0;0,custom,custom,-1,2,3.489,0,2.45,false,false,english,,normal,false,false,false,,1783108435000
6a48134a61e093d47bb60431,false,94.16,100,94.16,76.91,29;0;0;0,custom,custom,-1,1,3.696,0,2.41,false,false,english,,normal,false,false,false,,1783108426000
6a48134261e093d47bb6040c,false,102.11,100,102.11,82.32,29;0;0;0,custom,custom,-1,2,3.408,0,1.37,false,false,english,,normal,false,false,false,,1783108418000
6a48133a61e093d47bb603d5,false,95.15,93.1,102.2,89.79,27;2;0;0,custom,custom,-1,10,3.405,0,11.42,false,false,english,,normal,false,false,false,,1783108410000
6a48131861e093d47bb602e7,false,110.27,100,110.27,84.29,29;0;0;0,custom,custom,-1,2,3.156,0,2.81,false,false,english,,normal,false,false,false,,1783108376000
6a48130a61e093d47bb6028d,false,124.11,100,124.11,95.22,29;0;0;0,custom,custom,-1,9,2.804,0,17.27,false,false,english,,normal,false,false,false,,1783108362000
6a48126561e093d47bb5fe5e,false,60.59,84.03,61.59,56.46,303;1;0;1,time,60,-1,1,60.01,0,0.96,false,false,english,read_ahead,normal,false,false,false,,1783108197000
6a48122561e093d47bb5fcc0,false,62.39,86.52,62.39,52.78,312;0;0;0,time,60,-1,0,60.01,1,0,false,false,english,read_ahead,normal,false,false,false,,1783108133000
6a4811ce61e093d47bb5face,false,64.79,86.88,65.79,53.1,324;3;1;0,time,60,-1,2,60.01,0,6.38,false,false,english,read_ahead,normal,false,false,false,,1783108046000
6a48116861e093d47bb5f86d,false,59.79,89.38,60.79,45.47,299;2;1;0,time,60,-1,8,60.01,0,33.7,false,false,english,read_ahead,normal,false,false,false,,1783107944000
6a47e0dc61e093d47bb478ba,false,131.33,100,131.33,88.37,51;0;0;0,words,10,-1,3,4.66,0,3.44,false,false,english,,normal,false,false,false,,1783095516000
6a47e0d061e093d47bb4784c,false,116.67,100,116.67,85.87,49;0;0;0,words,10,-1,22,5.04,0,42.71,false,false,english,,normal,false,false,false,,1783095504000
6a47e08e61e093d47bb47625,false,110.37,100,110.37,84.77,55;0;0;0,words,10,-1,1,5.98,0,0.76,false,false,english,,normal,false,false,false,,1783095438000
6a46a87461e093d47bab7cbf,false,111.63,97.67,120,87.75,40;1;0;0,words,10,-1,5,4.3,0,10.99,false,false,english,,normal,false,false,false,,1783015540000
6a46a86061e093d47bab7c1c,false,111.46,96.08,120.95,85.86,47;2;0;0,words,10,-1,7,5.06,0,7.19,false,false,english,,normal,false,false,false,,1783015520000
6a46a84b61e093d47bab7b72,false,133.33,100,133.33,93.57,48;0;0;0,words,10,-1,3,4.32,0,4.97,false,false,english,,normal,false,false,false,,1783015499000
6a46a83f61e093d47bab7b16,false,108.84,89.58,131.16,100,39;3;1;2,words,10,-1,7,4.3,0,11.67,false,false,english,,normal,false,false,false,,1783015487000
6a46a82961e093d47bab7a60,false,99.86,100,99.86,77.81,59;0;0;0,words,10,-1,8,7.09,0,14.57,false,false,english,,normal,false,false,false,,1783015465000
6a46a80c61e093d47bab7975,false,104.35,100,104.35,87.33,58;0;0;0,words,10,-1,13,6.67,0,30.15,false,false,english,,normal,false,false,false,,1783015436000
6a46a7dc61e093d47bab77f4,false,126.46,100,126.46,89.35,45;0;0;0,words,10,-1,37,4.27,0,161.29,false,false,english,,normal,false,false,false,,1783015388000
6a46a6da61e093d47bab6f61,false,187.43,76.27,263.29,91.4,42;12;2;0,custom,custom,-1,2,2.689,0,3.88,false,false,english,,normal,false,false,false,,1783015130000
6a46a6d361e093d47bab6f14,false,196.11,81.36,275.49,95.41,42;9;2;0,custom,custom,-1,1,2.57,0,1.59,false,false,english,,normal,false,false,false,,1783015123000
6a46a6ca61e093d47bab6ec7,false,208.8,94.92,232.44,95.7,53;2;1;0,custom,custom,-1,4,3.046,0,7.19,false,false,english,,normal,false,false,false,,1783015114000
6a46a6be61e093d47bab6e4d,false,196.39,100,196.39,89.74,59;0;0;0,custom,custom,-1,4,3.605,0,4.02,false,false,english,,normal,false,false,false,,1783015102000
6a46a6b061e093d47bab6ddd,false,212.59,89.83,266.87,95.78,47;4;2;0,custom,custom,-1,1,2.653,0,1.52,false,false,english,,normal,false,false,false,,1783015088000
6a46a6aa61e093d47bab6d93,false,253.31,100,253.31,96.03,59;0;0;0,custom,custom,-1,2,2.795,0,3.42,false,false,english,,normal,false,false,false,,1783015082000
6a46a6a261e093d47bab6d45,false,150.8,96.61,164.77,63.57,54;2;0;0,custom,custom,-1,3,4.297,0,7.13,false,false,english,,normal,false,false,false,,1783015074000
6a46a69561e093d47bab6cce,false,96.22,100,96.22,75.29,59;0;0;0,custom,custom,-1,2,7.358,0,4.91,false,false,english,,normal,false,false,false,,1783015061000
6a46a68861e093d47bab6c4d,false,200.84,91.53,246.86,90.06,48;4;1;0,custom,custom,-1,31,2.868,0,46.98,false,false,english,,normal,false,false,false,,1783015048000
6a46a64761e093d47bab6a0b,false,244.79,91.53,300.89,97.96,48;4;1;0,custom,custom,-1,1,2.353,0,1.42,false,false,english,,normal,false,false,false,,1783014983000
6a46a64261e093d47bab69df,false,216.59,86.44,304.25,100,42;6;2;0,custom,custom,-1,2,2.327,0,1.7,false,false,english,,normal,false,false,false,,1783014978000
6a46a63c61e093d47bab69b6,false,278.19,100,278.19,93.43,59;0;0;0,custom,custom,-1,2,2.545,0,3.26,false,false,english,,normal,false,false,false,,1783014972000
6a46a63361e093d47bab6967,false,211.23,84.75,296.73,91.67,42;7;2;0,custom,custom,-1,1,2.386,0,1.57,false,false,english,,normal,false,false,false,,1783014963000
6a46a62f61e093d47bab6935,false,237.28,93.22,259.25,95.12,54;4;0;0,custom,custom,-1,0,2.731,0,0,false,false,english,,normal,false,false,false,,1783014959000
6a46a62a61e093d47bab6913,false,256.43,100,256.43,95.2,59;0;0;0,custom,custom,-1,8,2.761,0,11.67,false,false,english,,normal,false,false,false,,1783014954000
6a46a61861e093d47bab687a,false,267.33,96.61,292.08,91.67,54;2;0;0,custom,custom,-1,1,2.424,0,0.77,false,false,english,,normal,false,false,false,,1783014936000
6a46a61161e093d47bab6838,false,214.29,83.05,258.93,91.25,48;8;1;2,custom,custom,-1,3,2.688,0,2.78,false,false,english,,normal,false,false,false,,1783014929000
6a46a60661e093d47bab67df,false,221.88,91.53,272.73,92.62,48;4;1;0,custom,custom,-1,3,2.596,0,2.73,false,false,english,,normal,false,false,false,,1783014918000
6a46a5ff61e093d47bab67a0,false,217.11,91.53,266.87,89,48;4;1;0,custom,custom,-1,5,2.653,0,4.76,false,false,english,,normal,false,false,false,,1783014911000
6a46a54f61e093d47bab6163,false,217.51,100,217.51,92.8,59;0;0;0,custom,custom,-1,5,3.255,0,11.35,false,false,english,,normal,false,false,false,,1783014735000
6a46a53e61e093d47bab60cc,false,194.07,93.22,212.04,95.2,54;4;0;0,custom,custom,-1,4,3.339,0,4.33,false,false,english,,normal,false,false,false,,1783014718000
6a46a53461e093d47bab608e,false,205.49,91.53,252.59,95.31,48;4;1;0,custom,custom,-1,3,2.803,0,6.61,false,false,english,,normal,false,false,false,,1783014708000
6a46a52961e093d47bab601b,false,230.62,100,230.62,94.95,59;0;0;0,custom,custom,-1,3,3.07,0,3,false,false,english,,normal,false,false,false,,1783014697000
6a46a52161e093d47bab5fdb,false,181.56,79.31,246.4,96.27,42;9;2;3,custom,custom,-1,5,2.776,0,6.15,false,false,english,,normal,false,false,false,,1783014689000
6a46a51661e093d47bab5f81,false,237.11,100,237.11,93.07,59;0;0;0,custom,custom,-1,3,2.986,0,3.95,false,false,english,,normal,false,false,false,,1783014678000
6a46a50d61e093d47bab5f2f,false,194.67,100,194.67,81.92,59;0;0;0,custom,custom,-1,3,3.637,0,4.52,false,false,english,,normal,false,false,false,,1783014669000
6a46a50361e093d47bab5ed0,false,170.89,81.36,280.06,91.91,36;8;3;0,custom,custom,-1,3,2.528,0,2.27,false,false,english,,normal,false,false,false,,1783014659000
6a46a4fa61e093d47bab5e85,false,252.28,94.92,280.84,94.85,53;2;1;0,custom,custom,-1,0,2.521,0,0,false,false,english,,normal,false,false,false,,1783014650000
6a46a4f661e093d47bab5e66,false,166.04,91.53,204.09,89.79,48;4;1;0,custom,custom,-1,0,3.469,0,0,false,false,english,,normal,false,false,false,,1783014646000
6a46a4f261e093d47bab5e46,false,170.87,91.53,210.03,77.91,48;4;1;0,custom,custom,-1,0,3.371,0,0,false,false,english,,normal,false,false,false,,1783014642000
6a46a4ec61e093d47bab5e21,false,212.7,91.53,261.45,90.18,48;4;1;0,custom,custom,-1,3,2.708,0,3.18,false,false,english,,normal,false,false,false,,1783014636000
6a46a4e161e093d47bab5db9,false,153.85,77.97,252.14,96.11,36;10;3;0,custom,custom,-1,8,2.808,0,9.3,false,false,english,,normal,false,false,false,,1783014625000
6a46a4ca61e093d47bab5d02,false,245.52,91.53,301.79,96,48;4;1;0,custom,custom,-1,1,2.346,0,0.58,false,false,english,,normal,false,false,false,,1783014602000
6a46a4c461e093d47bab5cc7,false,137.51,77.97,197.88,43.85,41;10;3;2,custom,custom,-1,7,3.578,0,9.18,false,false,english,,normal,false,false,false,,1783014596000
6a46a4b361e093d47bab5c37,false,229.05,100,229.05,97.47,59;0;0;0,custom,custom,-1,1,3.091,0,3.59,false,false,english,,normal,false,false,false,,1783014579000
6a46a4ab61e093d47bab5bfa,false,138.33,91.53,170.03,87.72,48;4;1;0,custom,custom,-1,1,4.164,0,1.45,false,false,english,,normal,false,false,false,,1783014571000
6a46a4a461e093d47bab5bb9,false,205.46,89.83,257.92,98.1,47;4;2;0,custom,custom,-1,6,2.745,0,9.27,false,false,english,,normal,false,false,false,,1783014564000
6a46a49561e093d47bab5b21,false,218.92,100,218.92,100,59;0;0;0,custom,custom,-1,0,3.234,0,0,false,false,english,,normal,false,false,false,,1783014549000
6a46a49161e093d47bab5af9,false,160.58,100,160.58,90.58,59;0;0;0,custom,custom,-1,3,4.409,0,4.15,false,false,english,,normal,false,false,false,,1783014545000
6a46a48561e093d47bab5a91,false,230.02,100,230.02,97.47,59;0;0;0,custom,custom,-1,9,3.078,0,13.37,false,false,english,,normal,false,false,false,,1783014533000
6a46a47161e093d47bab59d5,false,144,76.27,283.2,93.2,30;10;4;0,custom,custom,-1,0,2.5,0,0,false,false,english,,normal,false,false,false,,1783014513000
6a46a46d61e093d47bab59ad,false,239.27,100,239.27,93.1,59;0;0;0,custom,custom,-1,2,2.959,0,3.03,false,false,english,,normal,false,false,false,,1783014509000
6a46a46461e093d47bab5957,false,193.55,100,193.55,88.27,59;0;0;0,custom,custom,-1,0,3.658,0,0,false,false,english,,normal,false,false,false,,1783014500000
6a46a46061e093d47bab592e,false,165.32,94.92,184.04,90.96,53;2;1;0,custom,custom,-1,0,3.847,0,0,false,false,english,,normal,false,false,false,,1783014496000
6a46a45b61e093d47bab5908,false,160.44,100,160.44,100,59;0;0;0,custom,custom,-1,1,4.413,0,1.9,false,false,english,,normal,false,false,false,,1783014491000
6a46a45461e093d47bab58ba,false,209.15,91.53,257.08,94.86,48;4;1;0,custom,custom,-1,3,2.754,0,4.14,false,false,english,,normal,false,false,false,,1783014484000
6a46a44861e093d47bab585a,false,200.07,91.53,245.92,88.09,48;4;1;0,custom,custom,-1,0,2.879,0,0,false,false,english,,normal,false,false,false,,1783014472000
6a46a44361e093d47bab582a,false,202.1,94.92,224.98,100,53;2;1;0,custom,custom,-1,0,3.147,0,0,false,false,english,,normal,false,false,false,,1783014467000
6a46a44061e093d47bab5807,false,178.47,86.44,250.71,93.09,42;6;2;0,custom,custom,-1,10,2.824,0,14.87,false,false,english,,normal,false,false,false,,1783014464000
6a46a42461e093d47bab5717,false,178,77.59,286.77,97.87,36;11;2;1,custom,custom,-1,1,2.427,0,1.27,false,false,english,,normal,false,false,false,,1783014436000
6a46a41f61e093d47bab56f3,false,231.18,96.61,252.59,96.1,54;2;0;0,custom,custom,-1,14,2.803,0,18.75,false,false,english,,normal,false,false,false,,1783014431000
6a46a3f661e093d47bab5576,false,203.74,100,203.74,94.34,59;0;0;0,custom,custom,-1,6,3.475,0,6.79,false,false,english,,normal,false,false,false,,1783014390000
6a46a3e861e093d47bab54e4,false,247.64,100,247.64,95.11,59;0;0;0,custom,custom,-1,2,2.859,0,1.75,false,false,english,,normal,false,false,false,,1783014376000
6a46a3de61e093d47bab5483,false,205.52,100,205.52,97.17,59;0;0;0,custom,custom,-1,11,3.445,0,19.51,false,false,english,,normal,false,false,false,,1783014366000
6a46a3c261e093d47bab5389,false,182.61,86.44,256.52,95.2,42;6;2;0,custom,custom,-1,4,2.76,0,6.95,false,false,english,,normal,false,false,false,,1783014338000
6a46a3b661e093d47bab531b,false,188.89,81.36,309.58,96,36;8;3;0,custom,custom,-1,1,2.287,0,2.25,false,false,english,,normal,false,false,false,,1783014326000
6a46a3af61e093d47bab52dc,false,206.46,84.75,297.1,100,41;6;3;0,custom,custom,-1,1,2.383,0,0.66,false,false,english,,normal,false,false,false,,1783014319000
6a46a3aa61e093d47bab52ae,false,174.55,81.36,286.06,100,36;8;3;0,custom,custom,-1,3,2.475,0,3.22,false,false,english,,normal,false,false,false,,1783014314000
6a46a3a161e093d47bab5266,false,243.65,91.53,299.49,95.83,48;4;1;0,custom,custom,-1,1,2.364,0,0.86,false,false,english,,normal,false,false,false,,1783014305000
6a46a39c61e093d47bab522a,false,217.62,86.44,305.7,93.88,42;6;2;0,custom,custom,-1,2,2.316,0,2.41,false,false,english,,normal,false,false,false,,1783014300000
6a46a39561e093d47bab51e6,false,294.63,100,294.63,95.83,59;0;0;0,custom,custom,-1,1,2.403,0,1.05,false,false,english,,normal,false,false,false,,1783014293000
6a46a38d61e093d47bab5193,false,202.92,100,202.92,94.23,59;0;0;0,custom,custom,-1,3,3.489,0,3.02,false,false,english,,normal,false,false,false,,1783014285000
6a46a38461e093d47bab5142,false,180.83,81.36,296.36,95.83,36;8;3;0,custom,custom,-1,0,2.389,0,0,false,false,english,,normal,false,false,false,,1783014276000
6a46a38161e093d47bab512a,false,214.93,79.31,296.8,93.62,42;11;1;1,custom,custom,-1,2,2.345,0,2.01,false,false,english,,normal,false,false,false,,1783014273000
6a46a37a61e093d47bab50dc,false,227.23,86.44,319.21,100,42;6;2;0,custom,custom,-1,1,2.218,0,0.74,false,false,english,,normal,false,false,false,,1783014266000
6a46a37561e093d47bab50a8,false,305.44,100,305.44,96,59;0;0;0,custom,custom,-1,3,2.318,0,2.68,false,false,english,,normal,false,false,false,,1783014261000
6a46a36b61e093d47bab504b,false,319.35,100,319.35,100,59;0;0;0,custom,custom,-1,1,2.217,0,0.74,false,false,english,,normal,false,false,false,,1783014251000
6a46a36661e093d47bab5016,false,243.96,87.93,289.71,100,48;5;1;3,custom,custom,-1,2,2.361,0,3.23,false,false,english,,normal,false,false,false,,1783014246000
6a46a35561e093d47bab4f87,false,228.17,96.61,249.3,97.14,54;2;0;0,custom,custom,-1,5,2.84,0,7.03,false,false,english,,normal,false,false,false,,1783014229000
6a46a34861e093d47bab4f0d,false,212.21,75.86,288,100,42;11;2;3,custom,custom,-1,2,2.375,0,2.8,false,false,english,,normal,false,false,false,,1783014216000
6a46a34061e093d47bab4ecb,false,284.57,100,284.57,100,59;0;0;0,custom,custom,-1,3,2.488,0,2.49,false,false,english,,normal,false,false,false,,1783014208000
6a46a33661e093d47bab4e80,false,300.38,100,300.38,93.88,59;0;0;0,custom,custom,-1,0,2.357,0,0,false,false,english,,normal,false,false,false,,1783014198000
6a46a33261e093d47bab4e63,false,222.46,94.92,247.64,97.14,53;2;1;0,custom,custom,-1,20,2.859,0,233.76,false,false,english,,normal,false,false,false,,1783014194000
6a46a1cb61e093d47bab4146,false,44.52,99.48,44.52,73.31,384;0;0;0,custom,custom,-1,10,103.51,0,140.61,false,false,english,nospace,normal,false,false,false,,1783013835000
6a46a0a661e093d47bab365a,false,47.14,98.97,47.14,75.39,384;0;0;0,custom,custom,-1,2,97.747,0,47.25,false,false,english,nospace,normal,false,false,false,,1783013542000
6a469fe861e093d47bab2f03,false,45.11,99.74,45.11,73.65,384;0;0;0,custom,custom,-1,0,102.153,0,0,false,false,english,nospace,normal,false,false,false,,1783013352000
6a469f3061e093d47bab280a,false,48.18,96.75,48.18,75.38,384;0;0;0,custom,custom,-1,1,95.633,0,1.38,false,false,english,nospace,normal,false,false,false,,1783013168000
6a469e8c61e093d47bab222d,false,113.48,100,113.48,81.43,47;0;0;0,words,10,-1,5,4.97,0,9.94,false,false,english,,normal,false,false,false,,1783013004000
6a469e4761e093d47bab1fbb,false,139.09,100,139.09,92.63,51;0;0;0,words,10,-1,2,4.4,0,6.38,false,false,english,,normal,false,false,false,,1783012935000
6a4697b661e093d47baadf34,false,180.96,84.48,214.89,92.94,48;7;1;3,custom,custom,-1,4,3.183,0,8,false,false,english,,normal,false,false,false,,1783011254000
6a4697a861e093d47baade9c,false,185.45,85.96,216.36,94.95,48;6;1;4,custom,custom,-1,5,3.106,0,7.62,false,false,english,,normal,false,false,false,,1783011240000
6a46979961e093d47baade05,false,221.61,96.61,242.13,90.38,54;2;0;0,custom,custom,-1,10,2.924,0,16.6,false,false,english,,normal,false,false,false,,1783011225000
6a46978161e093d47baadd0d,false,201.59,100,201.59,78.8,59;0;0;0,custom,custom,-1,7,3.512,0,11.84,false,false,english,,normal,false,false,false,,1783011201000
6a46976d61e093d47baadc3f,false,230.69,94.92,256.8,95.09,53;2;1;0,custom,custom,-1,3,2.757,0,3.43,false,false,english,,normal,false,false,false,,1783011181000
6a46976461e093d47baadbe9,false,230.69,94.92,256.8,96.89,53;2;1;0,custom,custom,-1,2,2.757,0,1.84,false,false,english,,normal,false,false,false,,1783011172000
6a46975a61e093d47baadb7b,false,154.23,78.13,274.19,88.94,36;7;7;0,custom,custom,-1,2,2.801,0,3.58,false,false,english,,normal,false,false,false,,1783011162000
6a46974a61e093d47baadabb,false,228.69,94.92,254.58,93.99,53;2;1;0,custom,custom,-1,3,2.781,0,4.76,false,false,english,,normal,false,false,false,,1783011146000
6a46973f61e093d47baada53,false,211.14,83.05,255.13,94.95,48;8;1;2,custom,custom,-1,1,2.728,0,0.84,false,false,english,,normal,false,false,false,,1783011135000
6a46973861e093d47baada10,false,163.8,77.97,226.19,100,42;10;2;2,custom,custom,-1,4,3.077,0,7.08,false,false,english,,normal,false,false,false,,1783011128000
6a46972a61e093d47baad996,false,202,84.75,283.77,96.48,42;7;2;2,custom,custom,-1,0,2.495,0,0,false,false,english,,normal,false,false,false,,1783011114000
6a46972661e093d47baad978,false,195.09,94.92,217.18,94.56,53;2;1;0,custom,custom,-1,4,3.26,0,6.42,false,false,english,,normal,false,false,false,,1783011110000
6a46971961e093d47baad8f7,false,225.77,100,225.77,95.46,59;0;0;0,custom,custom,-1,3,3.136,0,3.57,false,false,english,,normal,false,false,false,,1783011097000
6a46971161e093d47baad89b,false,184.62,79.31,250.55,93.65,42;9;2;3,custom,custom,-1,3,2.73,0,3.72,false,false,english,,normal,false,false,false,,1783011089000
6a46970861e093d47baad83e,false,230.22,91.53,282.97,98.08,48;4;1;0,custom,custom,-1,1,2.502,0,0.77,false,false,english,,normal,false,false,false,,1783011080000
6a46970361e093d47baad812,false,221.54,84.75,272.31,97.51,48;8;1;0,custom,custom,-1,2,2.6,0,1.76,false,false,english,,normal,false,false,false,,1783011075000
6a4696fc61e093d47baad7ca,false,261.64,100,261.64,93.87,59;0;0;0,custom,custom,-1,0,2.706,0,0,false,false,english,,normal,false,false,false,,1783011068000
6a4696f661e093d47baad78c,false,240.08,100,240.08,95.92,59;0;0;0,custom,custom,-1,0,2.949,0,0,false,false,english,,normal,false,false,false,,1783011062000
6a4696f061e093d47baad74c,false,165.96,100,165.96,91.72,59;0;0;0,custom,custom,-1,0,4.266,0,0,false,false,english,,normal,false,false,false,,1783011056000
6a4696e961e093d47baad6f8,false,175.64,100,175.64,92.29,59;0;0;0,custom,custom,-1,0,4.031,0,0,false,false,english,,normal,false,false,false,,1783011049000
6a4696e261e093d47baad6b8,false,177.55,77.97,255.5,95.49,41;10;3;2,custom,custom,-1,0,2.771,0,0,false,false,english,,normal,false,false,false,,1783011042000
6a4696db61e093d47baad664,false,226.57,93.22,247.55,97.8,54;4;0;0,custom,custom,-1,0,2.86,0,0,false,false,english,,normal,false,false,false,,1783011035000
6a4696d561e093d47baad62a,false,233.28,100,233.28,95.12,59;0;0;0,custom,custom,-1,0,3.035,0,0,false,false,english,,normal,false,false,false,,1783011029000
6a4696ce61e093d47baad5e7,false,180.35,91.53,197.05,86.56,54;5;0;0,custom,custom,-1,0,3.593,0,0,false,false,english,,normal,false,false,false,,1783011022000
6a4696c961e093d47baad5b4,false,153.85,79.31,208.79,92.94,42;10;1;4,custom,custom,-1,1,3.276,0,0.75,false,false,english,,normal,false,false,false,,1783011017000
6a4696bb61e093d47baad50f,false,232.37,94.92,258.68,98.03,53;2;1;0,custom,custom,-1,1,2.737,0,0.69,false,false,english,,normal,false,false,false,,1783011003000
6a4696b261e093d47baad4b3,false,264.77,100,264.77,96.26,59;0;0;0,custom,custom,-1,14,2.674,0,25.36,false,false,english,,normal,false,false,false,,1783010994000
6a46968761e093d47baad305,false,117.6,100,117.6,79.21,49;0;0;0,words,10,-1,41,5,0,64.26,false,false,english,,normal,false,false,false,,1783010951000
6a46961d61e093d47baacebf,false,132.48,100,132.48,84.55,52;0;0;0,words,10,-1,19,4.71,0,30.06,false,false,english,,normal,false,false,false,,1783010845000
6a4695ec61e093d47baacc7b,false,109.09,95.83,124.68,91.84,42;2;0;0,words,10,-1,14,4.62,0,26.78,false,false,english,,normal,false,false,false,,1783010796000
6a4695c161e093d47baacac7,false,124.48,100,124.48,92.31,50;0;0;0,words,10,-1,2,4.82,0,3.16,false,false,english,,normal,false,false,false,,1783010753000
6a4695b661e093d47baaca54,false,104.11,87.5,131.51,91.91,38;5;1;0,words,10,-1,19,4.38,0,27.06,false,false,english,,normal,false,false,false,,1783010742000
6a46958861e093d47baac871,false,112.57,100,112.57,80.27,50;0;0;0,words,10,-1,3,5.33,0,3.24,false,false,english,,normal,false,false,false,,1783010696000
6a46957c61e093d47baac7e1,false,119.46,100,119.46,87.75,44;0;0;0,words,10,-1,26,4.42,0,42.88,false,false,english,,normal,false,false,false,,1783010684000
6a46953961e093d47baac511,false,117.79,90.91,134.97,79.04,48;5;0;1,words,10,-1,3,4.89,0,9.27,false,false,english,,normal,false,false,false,,1783010617000
6a46952761e093d47baac454,false,127.72,100,127.72,85.28,48;0;0;0,words,10,-1,2,4.51,0,3.11,false,false,english,,normal,false,false,false,,1783010599000
6a46951d61e093d47baac3e3,false,120.29,95.56,132.03,86.24,41;2;0;0,words,10,-1,5,4.09,0,8.65,false,false,english,,normal,false,false,false,,1783010589000
6a46950a61e093d47baac322,false,109.54,93.88,121.99,81.68,44;2;1;0,words,10,-1,24,4.82,0,31.83,false,false,english,,normal,false,false,false,,1783010570000
6a4694d361e093d47baac0ce,false,112.25,100,112.25,78.05,42;0;0;0,words,10,-1,30,4.49,0,60.42,false,false,english,,normal,false,false,false,,1783010515000
6a468c8c61e093d47baa6ad8,false,93.16,94.14,97.62,69.26,251;5;2;0,words,50,-1,6,32.33,0,33.18,false,false,english,,normal,false,false,false,,1783008396000
6a468c3061e093d47baa6742,false,109.24,97.81,109.24,77.49,134;0;0;0,words,25,-1,9,14.72,0,25.76,false,false,english,,normal,false,false,false,,1783008304000
6a468bf561e093d47baa64d3,false,108.9,96.61,123.56,92.89,52;2;0;0,words,10,-1,1,5.73,0,1.02,false,false,english,,normal,false,false,false,,1783008245000
6a468beb61e093d47baa6467,false,110.28,90.38,136.54,76.31,42;4;1;0,words,10,-1,34,4.57,0,55.68,false,false,english,,normal,false,false,false,,1783008235000
6a468b8261e093d47baa601f,false,129.19,100,129.19,93.09,52;0;0;0,words,10,-1,2,4.83,0,3.52,false,false,english,,normal,false,false,false,,1783008130000
6a468b7561e093d47baa5faa,false,118.07,100,118.07,87.61,49;0;0;0,words,10,-1,10,4.98,0,14.5,false,false,english,,normal,false,false,false,,1783008117000
6a468b5761e093d47baa5e6b,false,129.95,100,129.95,88.87,47;0;0;0,words,10,-1,21,4.34,0,31.6,false,false,english,,normal,false,false,false,,1783008087000
6a468b2061e093d47baa5c34,false,126.45,100,126.45,83.65,51;0;0;0,words,10,-1,5,4.84,0,7.08,false,false,english,,normal,false,false,false,,1783008032000
6a468b0361e093d47baa5aee,false,125.63,100,125.63,87.24,58;0;0;0,words,10,-1,34,5.54,0,65.19,false,false,english,,normal,false,false,false,,1783008003000
6a468a8761e093d47baa5558,false,131.05,100,131.05,89.2,51;0;0;0,words,10,-1,0,4.67,0,0,false,false,english,,normal,false,false,false,,1783007879000
6a468a8161e093d47baa5510,false,89.87,94.74,100.44,86.19,51;3;0;0,words,10,-1,3,6.81,0,6.14,false,false,english,,normal,false,false,false,,1783007873000
6a464f7b61e093d47ba7ec2f,false,95.6,100,95.6,72.43,58;0;0;0,words,10,-1,1,7.28,0,1.81,false,false,english,,normal,false,false,false,6a34f2b2b7b5429521db59a8,1782992763000
6a4649c561e093d47ba7b59e,false,106.83,93.75,116.77,87.88,43;2;0;2,words,10,-1,1,4.83,0,2.14,false,false,english,,normal,false,false,false,6a34f2b2b7b5429521db59a8,1782991301000
6a4649b961e093d47ba7b525,false,108.71,100,108.71,87.15,52;0;0;0,words,10,-1,7,5.74,0,13.32,false,false,english,,normal,false,false,false,6a34f2b2b7b5429521db59a8,1782991288000
6a461a4c61e093d47ba61217,false,112.82,93.88,125.64,92.53,44;2;1;0,words,10,-1,10,4.68,0,16.32,false,false,english,,normal,false,false,false,6a34f2b2b7b5429521db59a8,1782979148000
6a46192d61e093d47ba60859,false,50.19,100,50.19,84.27,384;0;0;0,custom,custom,-1,6,91.80369999999999,0,11.56,false,false,english,nospace,normal,false,false,false,6a34f2b2b7b5429521db59a8,1782978861000
6a4618bc61e093d47ba60489,false,113.77,100,113.77,88.12,53;0;0;0,words,10,-1,3,5.59,0,8.12,false,false,english,,normal,false,false,false,6a34f2b2b7b5429521db59a8,1782978748000
6a46134061e093d47ba5d746,false,102.34,94.74,114.38,81.95,51;2;1;0,words,10,-1,13,5.98,0,38.52,false,false,english,,normal,false,false,false,6a34f2b2b7b5429521db59a8,1782977344000
6a4564b261e093d47ba17a92,false,107.42,90.2,133.62,89.59,41;4;1;0,words,10,-1,65,4.58,0,124.01,false,false,english,,normal,false,false,false,,1782932658000
6a4563fe61e093d47ba174ec,false,118.86,100,118.86,92.36,52;0;0;0,words,10,-1,12,5.25,0,18.84,false,false,english,,normal,false,false,false,,1782932478000
6a4563da61e093d47ba173bc,false,126.44,100,126.44,90.19,55;0;0;0,words,10,-1,31,5.22,0,49.16,false,false,english,,normal,false,false,false,,1782932442000
6a45636261e093d47ba16fda,false,116.05,100,116.05,79.94,47;0;0;0,words,10,-1,17,4.86,0,30.09,false,false,english,,normal,false,false,false,,1782932322000
6a45633061e093d47ba16e40,false,129.67,100,129.67,90.38,55;0;0;0,words,10,-1,1,5.09,0,0.75,false,false,english,,normal,false,false,false,,1782932272000
6a45632861e093d47ba16de6,false,120,100,120,85.86,54;0;0;0,words,10,-1,0,5.4,0,0,false,false,english,,normal,false,false,false,,1782932264000
6a45631d61e093d47ba16d94,false,128.48,100,128.48,91.72,53;0;0;0,words,10,-1,5,4.95,0,6.92,false,false,english,,normal,false,false,false,,1782932253000
6a45630b61e093d47ba16cfc,false,128.83,100,128.83,87.2,54;0;0;0,words,10,-1,3,5.03,0,9.72,false,false,english,,normal,false,false,false,,1782932235000
6a4562f761e093d47ba16c57,false,130.32,100,130.32,95.24,48;0;0;0,words,10,-1,2,4.42,0,4.05,false,false,english,,normal,false,false,false,,1782932215000
6a4562ea61e093d47ba16be5,false,114.08,94.64,122.85,95.29,52;3;0;0,words,10,-1,22,5.47,0,42.6,false,false,english,,normal,false,false,false,,1782932202000
6a4562a861e093d47ba169c0,false,106.43,84.62,138.36,91.28,40;6;2;0,words,10,-1,17,4.51,0,32.93,false,false,english,,normal,false,false,false,,1782932136000
6a45627361e093d47ba167f3,false,125.99,100,125.99,80.5,61;0;0;0,words,10,-1,3,5.81,0,3.07,false,false,english,,normal,false,false,false,,1782932083000
6a45622a61e093d47ba16547,false,126.32,100,126.32,89.55,42;0;0;0,words,10,-1,5,3.99,0,8.82,false,false,english,,normal,false,false,false,,1782932010000
6a45621661e093d47ba1648b,false,131.81,100,131.81,82.14,48;0;0;0,words,10,-1,0,4.37,0,0,false,false,english,,normal,false,false,false,,1782931990000
6a45621061e093d47ba16450,false,105.58,83.93,144.21,91.39,41;7;2;0,words,10,-1,3,4.66,0,5.28,false,false,english,,normal,false,false,false,,1782931984000
6a4561ff61e093d47ba163a7,false,126.43,100,126.43,84.38,57;0;0;0,words,10,-1,0,5.41,0,0,false,false,english,,normal,false,false,false,,1782931967000
6a4561f761e093d47ba16360,false,122,96.55,128.65,90.19,55;2;0;0,words,10,-1,19,5.41,0,32.31,false,false,english,,normal,false,false,false,,1782931959000
6a4561b961e093d47ba16153,false,125.42,100,125.42,91.91,44;0;0;0,words,10,-1,1,4.21,0,1.16,false,false,english,,normal,false,false,false,,1782931897000
6a4561b261e093d47ba1610b,false,109.69,96.15,109.69,66.31,50;0;0;0,words,10,-1,7,5.47,0,13.89,false,false,english,,normal,false,false,false,,1782931890000
6a45615f61e093d47ba15e67,false,123.64,100,123.64,88.39,51;0;0;0,words,10,-1,10,4.95,0,19.96,false,false,english,,normal,false,false,false,,1782931807000
6a45613d61e093d47ba15d2c,false,108.13,96.49,120.85,87.03,51;2;0;0,words,10,-1,0,5.66,0,0,false,false,english,,normal,false,false,false,,1782931773000
6a45613661e093d47ba15ce7,false,88.4,78.57,121.55,87.35,40;10;1;8,words,10,-1,8,5.43,0,12.99,false,false,english,,normal,false,false,false,,1782931766000
6a45611d61e093d47ba15bf6,false,107.05,91.67,119.5,93.56,43;3;1;0,words,10,-1,14,4.82,0,22.84,false,false,english,,normal,false,false,false,,1782931741000
6a4560f561e093d47ba15a91,false,85.94,92.06,92.19,72.5,55;2;0;0,words,10,-1,9,7.68,0,23.41,false,false,english,,normal,false,false,false,,1782931701000
6a4560cd61e093d47ba15917,false,109.09,89.09,130.43,93.07,46;6;0;1,words,10,-1,9,5.06,0,23.01,false,false,english,,normal,false,false,false,,1782931661000
6a4560a361e093d47ba15795,false,74.78,100,74.78,45.58,42;0;0;0,words,10,-1,4,6.74,1,14.85,false,false,english,nospace,normal,false,false,false,,1782931619000
6a45608961e093d47ba156c2,false,85.88,92.5,92.84,86.58,37;2;0;0,words,10,-1,1,5.17,0,1.01,false,false,english,nospace,normal,false,false,false,,1782931593000
6a45608061e093d47ba1567d,false,78.05,100,78.05,71.66,40;0;0;0,words,10,-1,0,6.15,0,0,false,false,english,nospace,normal,false,false,false,,1782931584000
6a45607061e093d47ba15604,false,72.08,100,72.08,62.43,37;0;0;0,words,10,-1,0,6.16,0,0,false,false,english,nospace,normal,false,false,false,,1782931568000
6a45606961e093d47ba155c8,false,66.57,97.5,66.57,59.58,38;0;0;0,words,10,-1,1,6.85,0,2.29,false,false,english,nospace,normal,false,false,false,,1782931561000
6a45605a61e093d47ba1554a,false,68.42,100,68.42,54.48,39;0;0;0,words,10,-1,1,6.84,0,1.11,false,false,english,nospace,normal,false,false,false,,1782931546000
6a45604f61e093d47ba154e8,false,80.67,100,80.67,60.21,40;0;0;0,words,10,-1,1,5.95,0,0.94,false,false,english,nospace,normal,false,false,false,,1782931535000
6a45604661e093d47ba1548e,false,52.11,90.24,54.93,45.5,37;2;0;0,words,10,-1,0,8.52,0,0,false,false,english,nospace,normal,false,false,false,,1782931526000
6a45603d61e093d47ba15434,false,49.76,77.97,57.86,61.66,43;5;0;0,words,10,-1,1,10.37,0,0.9,false,false,english,nospace,normal,false,false,false,,1782931517000
6a45603061e093d47ba153b3,false,48.58,91.11,48.58,45.88,40;0;0;0,words,10,-1,1,9.88,0,1.01,false,false,english,nospace,normal,false,false,false,,1782931504000
6a45602261e093d47ba1533f,false,86.52,100,86.52,85.11,46;0;0;0,words,10,-1,0,6.38,0,0,false,false,english,nospace,normal,false,false,false,,1782931490000
6a45601a61e093d47ba152eb,false,46.4,97.3,46.4,27.56,36;0;0;0,words,10,-1,1,9.31,0,7.25,false,false,english,nospace,normal,false,false,false,,1782931482000
6a45600761e093d47ba1524e,false,59.61,100,59.61,72.68,38;0;0;0,words,10,-1,3,7.65,0,85.55,false,false,english,nospace,normal,false,false,false,,1782931463000
6a455f8e61e093d47ba14e18,false,46.8,95.31,46.8,74.77,384;0;0;0,custom,custom,-1,1,98.458,0,0.77,false,false,english,nospace,normal,false,false,false,,1782931342000
6a455f2261e093d47ba14a2d,false,115.22,100,115.22,87.14,53;0;0;0,words,10,-1,2,5.52,0,3.13,false,false,english,,normal,false,false,false,,1782931234000
6a455f1761e093d47ba149c0,false,117.88,100,117.88,90,50;0;0;0,words,10,-1,6,5.09,0,10.17,false,false,english,,normal,false,false,false,,1782931223000
6a455efa61e093d47ba148dd,false,65.04,94.74,68.65,83.36,18;1;0;0,custom,custom,-1,1,3.321,0,1.08,false,false,english,,normal,false,false,false,,1782931194000
6a455ef361e093d47ba14891,false,83.55,100,83.55,87.01,19;0;0;0,custom,custom,-1,1,2.729,0,1.16,false,false,english,,normal,false,false,false,,1782931187000
6a455eeb61e093d47ba14858,false,59.13,85,69.57,76.62,17;2;1;0,custom,custom,-1,3,3.45,0,6.87,false,false,english,,normal,false,false,false,,1782931179000
6a455edb61e093d47ba147d2,false,77.29,100,77.29,93.55,19;0;0;0,custom,custom,-1,2,2.95,0,1.27,false,false,english,,normal,false,false,false,,1782931163000
6a455ed461e093d47ba1478c,false,81.25,100,81.25,86.52,19;0;0;0,custom,custom,-1,0,2.806,0,0,false,false,english,,normal,false,false,false,,1782931156000
6a455ecf61e093d47ba1476c,false,85.91,100,85.91,88.86,19;0;0;0,custom,custom,-1,0,2.654,0,0,false,false,english,,normal,false,false,false,,1782931151000
6a455ecc61e093d47ba14749,false,77.84,100,77.84,83.38,19;0;0;0,custom,custom,-1,6,2.929,0,10.63,false,false,english,,normal,false,false,false,,1782931148000
6a455eb761e093d47ba14698,false,84.38,100,84.38,88.37,19;0;0;0,custom,custom,-1,0,2.702,0,0,false,false,english,,normal,false,false,false,,1782931127000
6a455eb361e093d47ba14666,false,74.8,100,74.8,76.43,19;0;0;0,custom,custom,-1,2,3.048,0,2.82,false,false,english,,normal,false,false,false,,1782931123000
6a455ea961e093d47ba14621,false,71.34,100,71.34,91.68,19;0;0;0,custom,custom,-1,5,3.196,0,10.54,false,false,english,,normal,false,false,false,,1782931113000
6a455e9661e093d47ba1458b,false,87.29,100,87.29,81.69,19;0;0;0,custom,custom,-1,0,2.612,0,0,false,false,english,,normal,false,false,false,,1782931094000
6a455e9261e093d47ba14569,false,74.49,100,74.49,86.39,19;0;0;0,custom,custom,-1,0,3.061,0,0,false,false,english,,normal,false,false,false,,1782931090000
6a455e8e61e093d47ba1454a,false,66.03,100,66.03,91.16,19;0;0;0,custom,custom,-1,8,3.453,0,13.83,false,false,english,,normal,false,false,false,,1782931086000
6a455e7361e093d47ba14477,false,70.64,85,88.3,86.16,16;2;1;0,custom,custom,-1,0,2.718,0,0,false,false,english,,normal,false,false,false,,1782931059000
6a455e6f61e093d47ba14448,false,69.98,100,69.98,91.68,19;0;0;0,custom,custom,-1,3,3.258,0,3.08,false,false,english,,normal,false,false,false,,1782931055000
6a455e6561e093d47ba143e8,false,84.13,100,84.13,99.44,19;0;0;0,custom,custom,-1,0,2.71,0,0,false,false,english,,normal,false,false,false,,1782931045000
6a455e6061e093d47ba143c2,false,87.95,94.74,92.83,80,18;1;0;0,custom,custom,-1,0,2.456,0,0,false,false,english,,normal,false,false,false,,1782931040000
6a455e5c61e093d47ba1439a,false,76.87,100,76.87,84.31,19;0;0;0,custom,custom,-1,6,2.966,0,46.87,false,false,english,,normal,false,false,false,,1782931036000
6a455e0d61e093d47ba140c9,false,208.83,96.61,228.17,100,54;2;0;0,custom,custom,-1,0,3.103,0,0,false,false,english,,normal,false,false,false,,1782930957000
6a455e0761e093d47ba14090,false,210.67,94.92,234.51,80.49,53;2;1;0,custom,custom,-1,0,3.019,0,0,false,false,english,,normal,false,false,false,,1782930951000
6a455e0461e093d47ba14074,false,187.22,82.46,254.09,87.42,42;9;1;2,custom,custom,-1,6,2.692,0,7.03,false,false,english,,normal,false,false,false,,1782930948000
6a455df661e093d47ba13ff6,false,183.28,75.44,290.2,91.67,36;12;2;2,custom,custom,-1,5,2.357,0,4.32,false,false,english,,normal,false,false,false,,1782930934000
6a455dda61e093d47ba13ec5,false,177.89,100,177.89,86.38,59;0;0;0,custom,custom,-1,6,3.98,0,9.42,false,false,english,,normal,false,false,false,,1782930906000
6a455dc661e093d47ba13e13,false,191.04,84.75,234.83,97.44,48;8;1;0,custom,custom,-1,10,3.015,0,20.38,false,false,english,,normal,false,false,false,,1782930886000
6a455da961e093d47ba13d41,false,157.93,100,157.93,93.5,59;0;0;0,custom,custom,-1,1,4.483,0,1.21,false,false,english,,normal,false,false,false,,1782930857000
6a455da261e093d47ba13d0a,false,155.06,100,155.06,81.56,59;0;0;0,custom,custom,-1,6,4.566,0,7.79,false,false,english,,normal,false,false,false,,1782930850000
6a455d9361e093d47ba13c71,false,211.63,96.61,231.22,95.7,54;2;0;0,custom,custom,-1,2,3.062,0,1.73,false,false,english,,normal,false,false,false,,1782930835000
6a455d8c61e093d47ba13c38,false,214.21,96.61,234.05,95.12,54;2;0;0,custom,custom,-1,0,3.025,0,0,false,false,english,,normal,false,false,false,,1782930828000
6a455d8861e093d47ba13c16,false,154.67,79.66,253.49,99.07,36;9;3;0,custom,custom,-1,0,2.793,0,0,false,false,english,,normal,false,false,false,,1782930824000
6a455d8461e093d47ba13bfa,false,183.32,100,183.32,84.69,59;0;0;0,custom,custom,-1,3,3.862,0,5.62,false,false,english,,normal,false,false,false,,1782930820000
6a455d7861e093d47ba13b90,false,186.74,81.03,253.43,94.37,42;8;2;3,custom,custom,-1,4,2.699,0,4.22,false,false,english,,normal,false,false,false,,1782930808000
6a455d6e61e093d47ba13b2f,false,176.12,100,176.12,78.16,59;0;0;0,custom,custom,-1,3,4.02,0,5.01,false,false,english,,normal,false,false,false,,1782930798000
6a455d6361e093d47ba13acc,false,175.68,100,175.68,94.18,59;0;0;0,custom,custom,-1,6,4.03,0,11.11,false,false,english,,normal,false,false,false,,1782930787000
6a455d5161e093d47ba13a0d,false,188.15,96.61,205.57,97.11,54;2;0;0,custom,custom,-1,12,3.444,0,25.78,false,false,english,,normal,false,false,false,,1782930769000
6a455d2861e093d47ba1389b,false,135.05,84.75,194.35,90.84,41;6;3;0,custom,custom,-1,4,3.643,0,8.74,false,false,english,,normal,false,false,false,,1782930728000
6a455d1961e093d47ba13809,false,187.29,86.44,263.1,96.2,42;6;2;0,custom,custom,-1,1,2.691,0,1.5,false,false,english,,normal,false,false,false,,1782930713000
6a455d1361e093d47ba137cf,false,144,75.44,228,90.91,36;12;2;2,custom,custom,-1,3,3,0,2.53,false,false,english,,normal,false,false,false,,1782930707000
6a455d0c61e093d47ba13791,false,214.77,84.75,263.98,90.95,48;8;1;0,custom,custom,-1,6,2.682,0,4.4,false,false,english,,normal,false,false,false,,1782930700000
6a455cf661e093d47ba136c8,false,242.88,94.92,265.37,92.5,54;3;0;0,custom,custom,-1,1,2.668,0,0.65,false,false,english,,normal,false,false,false,,1782930678000
6a455cef61e093d47ba13698,false,217.31,100,217.31,85.14,59;0;0;0,custom,custom,-1,1,3.258,0,1.71,false,false,english,,normal,false,false,false,,1782930671000
6a455ce961e093d47ba13663,false,191.94,88.14,235.92,94.74,48;6;1;0,custom,custom,-1,4,3.001,0,6.58,false,false,english,,normal,false,false,false,,1782930665000
6a455cde61e093d47ba135fb,false,214.93,94.92,234.83,95.12,54;3;0;0,custom,custom,-1,0,3.015,0,0,false,false,english,,normal,false,false,false,,1782930654000
6a455cda61e093d47ba135d6,false,201.82,100,201.82,89.5,59;0;0;0,custom,custom,-1,4,3.508,0,7.19,false,false,english,,normal,false,false,false,,1782930650000
6a455ccc61e093d47ba13540,false,202.25,83.05,248.6,94.52,48;9;1;0,custom,custom,-1,1,2.848,0,0.6,false,false,english,,normal,false,false,false,,1782930636000
6a455cc061e093d47ba134cc,false,207.96,96.61,227.21,93.32,54;2;0;0,custom,custom,-1,6,3.116,0,8.5,false,false,english,,normal,false,false,false,,1782930624000
6a455cb061e093d47ba1342a,false,179.36,83.05,251.96,91.46,42;8;2;0,custom,custom,-1,7,2.81,0,9.52,false,false,english,,normal,false,false,false,,1782930608000
6a455c9f61e093d47ba1337c,false,207.07,86.44,290.88,95.83,42;6;2;0,custom,custom,-1,16,2.434,0,20.32,false,false,english,,normal,false,false,false,,1782930591000
6a455c6e61e093d47ba1317f,false,274.74,100,274.74,92.77,59;0;0;0,custom,custom,-1,1,2.577,0,2.28,false,false,english,,normal,false,false,false,,1782930542000
6a455c6861e093d47ba13138,false,170.03,94.92,185.78,83.16,54;3;0;0,custom,custom,-1,1,3.811,0,1.78,false,false,english,,normal,false,false,false,,1782930536000
6a455c5f61e093d47ba130e0,false,213.88,88.14,268.49,95.09,47;5;2;0,custom,custom,-1,2,2.637,0,3.43,false,false,english,,normal,false,false,false,,1782930527000
6a455c5661e093d47ba1309a,false,175.61,84.75,246.69,95.81,42;7;2;0,custom,custom,-1,3,2.87,0,3.5,false,false,english,,normal,false,false,false,,1782930518000
6a455c4a61e093d47ba1301e,false,169.01,96.61,184.66,89.3,54;2;0;0,custom,custom,-1,1,3.834,0,1.18,false,false,english,,normal,false,false,false,,1782930506000
6a455c4461e093d47ba12ff4,false,174.7,83.05,214.74,97.33,48;9;1;0,custom,custom,-1,1,3.297,0,2.75,false,false,english,,normal,false,false,false,,1782930500000
6a455c3c61e093d47ba12fb2,false,189.22,88.14,232.59,97.56,48;6;1;0,custom,custom,-1,0,3.044,0,0,false,false,english,,normal,false,false,false,,1782930492000
6a455c3861e093d47ba12f9a,false,195.39,94.92,217.51,100,53;2;1;0,custom,custom,-1,6,3.255,0,7.03,false,false,english,,normal,false,false,false,,1782930488000
6a455c2661e093d47ba12ef6,false,201.52,81.36,283.09,98.08,42;9;2;0,custom,custom,-1,3,2.501,0,2.74,false,false,english,,normal,false,false,false,,1782930470000
6a455c1861e093d47ba12e89,false,215.02,88.14,269.92,94.37,47;6;1;1,custom,custom,-1,7,2.623,0,11.72,false,false,english,,normal,false,false,false,,1782930456000
6a455c0661e093d47ba12df1,false,174.05,93.22,190.17,91.16,54;4;0;0,custom,custom,-1,17,3.723,0,27.63,false,false,english,,normal,false,false,false,,1782930438000
6a455bcd61e093d47ba12c0a,false,145.06,81.36,237.74,72.2,36;8;3;0,custom,custom,-1,5,2.978,0,7.55,false,false,english,,normal,false,false,false,,1782930381000
6a455bbf61e093d47ba12b93,false,179.43,75.44,249.45,95.71,41;12;2;2,custom,custom,-1,2,2.742,0,1.49,false,false,english,,normal,false,false,false,,1782930367000
6a455bb961e093d47ba12b5b,false,207.57,89.83,255.14,95.66,48;5;1;0,custom,custom,-1,0,2.775,0,0,false,false,english,,normal,false,false,false,,1782930360000
6a455bb561e093d47ba12b43,false,164.89,81.36,270.23,89.62,36;8;3;0,custom,custom,-1,0,2.62,0,0,false,false,english,,normal,false,false,false,,1782930357000
6a455bb261e093d47ba12b1f,false,159.8,91.53,174.6,92.35,54;5;0;0,custom,custom,-1,10,4.055,0,13.51,false,false,english,,normal,false,false,false,,1782930354000
6a455b9b61e093d47ba12a55,false,186.46,77.97,261.93,93.23,42;11;2;0,custom,custom,-1,3,2.703,0,2.94,false,false,english,,normal,false,false,false,,1782930331000
6a455b8a61e093d47ba12999,false,169.08,79.66,277.1,96.37,36;9;3;0,custom,custom,-1,3,2.555,0,6.52,false,false,english,,normal,false,false,false,,1782930314000
6a455b7f61e093d47ba12931,false,203.98,88.14,256.06,97.25,47;6;1;1,custom,custom,-1,0,2.765,0,0,false,false,english,,normal,false,false,false,,1782930303000
6a455b7b61e093d47ba1291d,false,164.57,79.66,269.71,95.84,36;10;2;1,custom,custom,-1,4,2.625,0,3.08,false,false,english,,normal,false,false,false,,1782930299000
6a455b6e61e093d47ba128af,false,224.25,89.83,281.51,95.53,47;4;2;0,custom,custom,-1,6,2.515,0,5.48,false,false,english,,normal,false,false,false,,1782930286000
6a455b5b61e093d47ba1281b,false,258.3,100,258.3,94.37,59;0;0;0,custom,custom,-1,3,2.741,0,6.9,false,false,english,,normal,false,false,false,,1782930267000
6a455b4861e093d47ba12779,false,46.32,86.21,47.24,71.53,50;1;0;0,custom,custom,-1,3,12.954,0,13.43,false,false,english,,normal,false,false,false,,1782930248000
6a455b2861e093d47ba1267d,false,66.7,94.34,68.03,65.5,50;1;0;0,custom,custom,-1,5,8.996,0,6.49,false,false,english,,normal,false,false,false,,1782930216000
6a455b0661e093d47ba1254e,false,74.06,100,74.06,80.82,51;0;0;0,custom,custom,-1,4,8.264,0,14.73,false,false,english,,normal,false,false,false,,1782930182000
6a455aeb61e093d47ba12461,false,56.32,89.29,57.44,54.98,50;1;0;0,custom,custom,-1,3,10.654,0,4.2,false,false,english,,normal,false,false,false,,1782930155000
6a455ad161e093d47ba1238e,false,65.05,92.59,66.35,79.68,50;1;0;0,custom,custom,-1,20,9.224,0,59.01,false,false,english,,normal,false,false,false,,1782930129000
6a455a7b61e093d47ba12099,false,64.63,94.23,70.02,77.69,48;2;1;0,custom,custom,-1,2,8.912,0,1.9,false,false,english,,normal,false,false,false,,1782930043000
6a455a6461e093d47ba11fbb,false,56.19,96.23,56.19,78.42,51;0;0;0,custom,custom,-1,3,10.891,0,7.74,false,false,english,,normal,false,false,false,,1782930020000
6a455a4f61e093d47ba11eff,false,59.48,96.23,59.48,77.73,51;0;0;0,custom,custom,-1,7,10.29,0,18.24,false,false,english,,normal,false,false,false,,1782929999000
6a455a2d61e093d47ba11dd0,false,54.19,89.47,54.19,82.94,51;0;0;0,custom,custom,-1,11,11.294,0,27.86,false,false,english,,normal,false,false,false,,1782929965000
6a4559fe61e093d47ba11bd1,false,69.92,92.59,71.32,73.31,50;1;0;0,custom,custom,-1,2,8.581,0,1.52,false,false,english,,normal,false,false,false,,1782929918000
6a4559ec61e093d47ba11b0a,false,58.6,98.11,58.6,67.85,51;0;0;0,custom,custom,-1,0,10.443,0,0,false,false,english,,normal,false,false,false,,1782929900000
6a4559de61e093d47ba11a83,false,42.84,82.26,43.7,64.75,50;1;0;0,custom,custom,-1,0,14.006,0,0,false,false,english,,normal,false,false,false,,1782929886000
6a4559cf61e093d47ba119ea,false,45.02,88.14,45.92,49.92,50;1;0;0,custom,custom,-1,16,13.328,0,37.11,false,false,english,,normal,false,false,false,,1782929871000
6a45599061e093d47ba11789,false,59.21,92.73,60.4,65.66,50;1;0;0,custom,custom,-1,7,10.133,0,16.11,false,false,english,,normal,false,false,false,,1782929808000
6a45596361e093d47ba115d5,false,54.86,94.44,54.86,63.72,51;0;0;0,custom,custom,-1,5,11.156,0,23.52,false,false,english,,normal,false,false,false,,1782929763000
6a45593b61e093d47ba11458,false,51.07,87.72,52.09,70.95,50;1;0;0,custom,custom,-1,5,11.749,0,15.01,false,false,english,,normal,false,false,false,,1782929723000
6a45591c61e093d47ba11315,false,49.02,83.87,49.02,61.55,51;0;0;0,custom,custom,-1,6,12.485,0,14.71,false,false,english,,normal,false,false,false,,1782929692000
6a4558fc61e093d47ba1119c,false,61.71,92.59,65.48,80.67,49;1;1;0,custom,custom,-1,8,9.529,0,32.46,false,false,english,,normal,false,false,false,,1782929660000
6a4558cc61e093d47ba10f56,false,60.78,90.91,62,77.13,50;1;0;0,custom,custom,-1,1,9.871,0,1.01,false,false,english,,normal,false,false,false,,1782929612000
6a4558bf61e093d47ba10eb6,false,60.63,91.38,60.63,60.75,51;0;0;0,custom,custom,-1,0,10.094,0,0,false,false,english,,normal,false,false,false,,1782929599000
6a4558ae61e093d47ba10de5,false,58.46,91.07,59.63,76.29,50;1;0;0,custom,custom,-1,2,10.263,0,7.69,false,false,english,,normal,false,false,false,,1782929582000
6a45589961e093d47ba10ccf,false,53.4,90.91,54.47,73.72,50;1;0;0,custom,custom,-1,2,11.236,0,4.74,false,false,english,,normal,false,false,false,,1782929561000
6a45588561e093d47ba10be5,false,53.4,83.61,53.4,69.41,51;0;0;0,custom,custom,-1,1,11.461,0,3.8,false,false,english,,normal,false,false,false,,1782929541000
6a45586c61e093d47ba10ad0,false,51.66,94.34,52.7,69.07,50;1;0;0,custom,custom,-1,2,11.614,0,9.27,false,false,english,,normal,false,false,false,,1782929516000
6a45585461e093d47ba109c8,false,48.13,87.72,49.09,73.12,50;1;0;0,custom,custom,-1,1,12.467,0,2.38,false,false,english,,normal,false,false,false,,1782929492000
6a45584361e093d47ba108ed,false,32.36,78.46,33.01,63.09,50;1;0;0,custom,custom,-1,9,18.54,0,18.7,false,false,english,,normal,false,false,false,,1782929475000
6a45580c61e093d47ba10631,false,54.98,96.23,54.98,71.35,51;0;0;0,custom,custom,-1,9,11.131,0,26.27,false,false,english,,normal,false,false,false,,1782929420000
6a4557af61e093d47ba101c3,false,68.78,90,80.92,72.67,17;1;1;0,custom,custom,-1,3,2.966,0,4.54,false,false,english,,normal,false,false,false,,1782929327000
6a4557a261e093d47ba10120,false,85.11,100,85.11,97.79,19;0;0;0,custom,custom,-1,1,2.679,0,2.96,false,false,english,,normal,false,false,false,,1782929314000
6a45579961e093d47ba100a9,false,59.18,75,84.54,88.37,14;3;2;0,custom,custom,-1,0,2.839,0,0,false,false,english,,normal,false,false,false,,1782929305000
6a45579561e093d47ba10078,false,70.46,100,70.46,77.99,19;0;0;0,custom,custom,-1,6,3.236,0,9.93,false,false,english,,normal,false,false,false,,1782929301000
6a45578161e093d47ba0ff8e,false,79.66,100,79.66,91.68,19;0;0;0,custom,custom,-1,6,2.862,0,5.75,false,false,english,,normal,false,false,false,,1782929281000
6a45577161e093d47ba0feb6,false,72.4,100,72.4,83.36,19;0;0;0,custom,custom,-1,0,3.149,0,0,false,false,english,,normal,false,false,false,,1782929265000
6a45576d61e093d47ba0fe87,false,63.21,90.48,63.21,80.48,19;0;0;0,custom,custom,-1,8,3.607,0,9.78,false,false,english,,normal,false,false,false,,1782929261000
6a45575761e093d47ba0fd6f,false,85.55,100,85.55,88.14,19;0;0;0,custom,custom,-1,2,2.665,0,4.52,false,false,english,,normal,false,false,false,,1782929239000
6a45574d61e093d47ba0fcf4,false,72.08,100,72.08,83.36,19;0;0;0,custom,custom,-1,2,3.163,0,5.01,false,false,english,,normal,false,false,false,,1782929229000
6a45574161e093d47ba0fc6a,false,76.54,100,76.54,79.31,19;0;0;0,custom,custom,-1,1,2.979,0,3.78,false,false,english,,normal,false,false,false,,1782929217000
6a45573961e093d47ba0fbf0,false,61.56,95,61.56,72.7,19;0;0;0,custom,custom,-1,1,3.704,0,1.18,false,false,english,,normal,false,false,false,,1782929209000
6a45573161e093d47ba0fb96,false,49.12,90,57.79,82.54,17;1;1;0,custom,custom,-1,0,4.153,0,0,false,false,english,,normal,false,false,false,,1782929201000
6a45572c61e093d47ba0fb58,false,55.11,86.36,55.11,84.21,19;0;0;0,custom,custom,-1,0,4.137,0,0,false,false,english,,normal,false,false,false,,1782929196000
6a45572661e093d47ba0fb0b,false,74.22,100,74.22,64.01,19;0;0;0,custom,custom,-1,0,3.072,0,0,false,false,english,,normal,false,false,false,,1782929190000
6a45572161e093d47ba0facd,false,55.01,90.48,55.01,75.51,19;0;0;0,custom,custom,-1,0,4.145,0,0,false,false,english,,normal,false,false,false,,1782929185000
6a45571c61e093d47ba0fa7f,false,74.9,100,74.9,86.39,19;0;0;0,custom,custom,-1,3,3.044,0,4.93,false,false,english,,normal,false,false,false,,1782929180000
6a45571061e093d47ba0f9ef,false,64.31,90,75.66,80.31,17;1;1;0,custom,custom,-1,0,3.172,0,0,false,false,english,,normal,false,false,false,,1782929168000
6a45570561e093d47ba0f96d,false,78.19,100,78.19,93.72,19;0;0;0,custom,custom,-1,2,2.916,0,1.82,false,false,english,,normal,false,false,false,,1782929157000
6a4556fc61e093d47ba0f903,false,71.88,100,71.88,86.39,19;0;0;0,custom,custom,-1,1,3.172,0,1.44,false,false,english,,normal,false,false,false,,1782929148000
6a4556f861e093d47ba0f8c5,false,71.9,100,71.9,91.68,19;0;0;0,custom,custom,-1,0,3.171,0,0,false,false,english,,normal,false,false,false,,1782929144000
6a4556f161e093d47ba0f870,false,61.4,94.74,64.81,79.86,18;1;0;0,custom,custom,-1,0,3.518,0,0,false,false,english,,normal,false,false,false,,1782929137000
6a4556eb61e093d47ba0f82d,false,58.99,90,69.4,91.68,17;1;1;0,custom,custom,-1,1,3.458,0,0.85,false,false,english,,normal,false,false,false,,1782929131000
6a4556e461e093d47ba0f7d0,false,50.24,86.36,50.24,58.93,19;0;0;0,custom,custom,-1,0,4.538,0,0,false,false,english,,normal,false,false,false,,1782929124000
6a4556de61e093d47ba0f788,false,73.52,100,73.52,86.39,19;0;0;0,custom,custom,-1,2,3.101,0,3.44,false,false,english,,normal,false,false,false,,1782929118000
6a4556ce61e093d47ba0f6af,false,80.37,100,80.37,92.34,19;0;0;0,custom,custom,-1,1,2.837,0,0.64,false,false,english,,normal,false,false,false,,1782929102000
6a4556c861e093d47ba0f65b,false,62.14,100,62.14,75.26,19;0;0;0,custom,custom,-1,1,3.669,0,0.78,false,false,english,,normal,false,false,false,,1782929096000
6a4556c161e093d47ba0f5f5,false,55.81,90,65.66,84.08,17;1;1;0,custom,custom,-1,4,3.655,0,6.39,false,false,english,,normal,false,false,false,,1782929089000
6a45569c61e093d47ba0f3ff,false,47.19,96.17,47.19,72.5,199;0;0;0,custom,custom,-1,0,50.604,0,0,false,false,english,,normal,false,false,false,,1782929052000
6a45565f61e093d47ba0f078,false,48.05,90.05,48.05,73.18,199;0;0;0,custom,custom,-1,7,49.701,0,31.67,false,false,english,,normal,false,false,false,,1782928991000
6a4555fc61e093d47ba0eb41,false,41.08,84.68,41.08,61.24,199;0;0;0,custom,custom,-1,1,58.132,1,0.9,false,false,english,,normal,false,false,false,,1782928892000
6a4555ac61e093d47ba0e7a6,false,44.39,88.11,44.39,70.45,199;0;0;0,custom,custom,-1,1,53.796,0,8.84,false,false,english,,normal,false,false,false,66f0476a66c51bbe14fbe34c;693b17813540add646bcb3ef,1782928812000
6a45555961e093d47ba0e45a,false,39.88,86.03,40.28,70.71,197;1;1;0,custom,custom,-1,18,59.285,0,31.78,false,false,english,,normal,false,false,false,,1782928729000
6a4554e461e093d47ba0dfcf,false,127.55,100,127.55,84.07,49;0;0;0,words,10,-1,5,4.61,0,7.66,false,false,english,,normal,false,false,false,,1782928612000
6a453a0061e093d47b9fe564,false,89.07,86,123.71,86.16,36;6;1;1,words,10,-1,13,4.85,0,28.32,false,false,english,,normal,false,false,false,,1782921728000
6a4539d461e093d47b9fe3cc,false,116.7,100,116.7,88.25,46;0;0;0,words,10,-1,10,4.73,0,20.15,false,false,english,,normal,false,false,false,,1782921684000
6a4539b361e093d47b9fe284,false,90.57,83.58,137.91,82.66,44;9;2;0,words,10,-1,4,5.83,0,6.3,false,false,english,,normal,false,false,false,,1782921651000
6a4539a361e093d47b9fe1d9,false,108.43,95.92,118.07,72.18,45;2;0;0,words,10,-1,15,4.98,0,27.08,false,false,english,,normal,false,false,false,,1782921635000
6a45397661e093d47b9fe023,false,100,90.57,120.45,80.21,44;4;1;0,words,10,-1,7,5.28,0,9.99,false,false,english,,normal,false,false,false,,1782921590000
6a45396161e093d47b9fdf4e,false,114.29,100,114.29,73.91,52;0;0;0,words,10,-1,10,5.46,0,15.49,false,false,english,,normal,false,false,false,,1782921569000
6a45394361e093d47b9fde10,false,104.35,96.15,123.32,83.13,44;2;0;1,words,10,-1,1,5.06,0,3.8,false,false,english,,normal,false,false,false,,1782921539000
6a45393761e093d47b9fdda7,false,135.12,95.56,144.77,93.97,42;2;0;0,words,10,-1,8,3.73,0,10.09,false,false,english,,normal,false,false,false,,1782921527000
6a45392261e093d47b9fdcc3,false,117.5,100,117.5,76.62,47;0;0;0,words,10,-1,8,4.8,0,12.67,false,false,english,,normal,false,false,false,,1782921506000
6a45390761e093d47b9fdbb7,false,135.44,100,135.44,88.45,50;0;0;0,words,10,-1,0,4.43,0,0,false,false,english,,normal,false,false,false,,1782921479000
6a45390161e093d47b9fdb74,false,124.22,100,124.22,82.03,53;0;0;0,words,10,-1,3,5.12,0,9.45,false,false,english,,normal,false,false,false,,1782921473000
6a4538ee61e093d47b9fdab3,false,125.89,100,125.89,95.24,47;0;0;0,words,10,-1,0,4.48,0,0,false,false,english,,normal,false,false,false,,1782921454000
6a45388561e093d47b9fd691,false,112.94,94.34,124.71,79.06,48;2;1;0,words,10,-1,5,5.1,0,5.24,false,false,english,,normal,false,false,false,,1782921349000
6a45387661e093d47b9fd603,false,103.67,91.84,127,79.62,40;3;1;0,words,10,-1,32,4.63,0,50.33,false,false,english,,normal,false,false,false,,1782921334000
6a45382661e093d47b9fd2eb,false,131.87,100,131.87,87.2,50;0;0;0,words,10,-1,5,4.55,0,6.91,false,false,english,,normal,false,false,false,,1782921254000
6a45381661e093d47b9fd245,false,94.27,91.11,114.65,85.89,37;4;0;1,words,10,-1,7,4.71,0,11.37,false,false,english,,normal,false,false,false,,1782921238000
6a4537fe61e093d47b9fd157,false,129.16,100,129.16,85.88,55;0;0;0,words,10,-1,4,5.11,0,8.04,false,false,english,,normal,false,false,false,,1782921214000
6a4537eb61e093d47b9fd0ac,false,124.14,100,124.14,79.24,48;0;0;0,words,10,-1,3,4.64,0,7.31,false,false,english,,normal,false,false,false,,1782921195000
6a4537dc61e093d47b9fd018,false,123.08,96.15,133.33,88.29,48;2;0;0,words,10,-1,27,4.68,0,50.81,false,false,english,,normal,false,false,false,,1782921180000
6a45379061e093d47b9fcd04,false,101.03,88.24,125.67,91.64,41;5;1;0,words,10,-1,4,4.87,0,14.45,false,false,english,,normal,false,false,false,,1782921104000
6a45377761e093d47b9fcc06,false,123.92,100,123.92,87.87,60;0;0;0,words,10,-1,7,5.81,0,14.9,false,false,english,,normal,false,false,false,,1782921079000
6a45375c61e093d47b9fcafd,false,100,94.23,115.56,80.68,45;2;1;0,words,10,-1,6,5.4,0,9.59,false,false,english,,normal,false,false,false,,1782921052000
6a45374861e093d47b9fca1a,false,130.38,100,130.38,88.59,54;0;0;0,words,10,-1,3,4.97,0,7.7,false,false,english,,normal,false,false,false,,1782921032000
6a4536d961e093d47b9fc566,false,117.42,100,117.42,81.84,50;0;0;0,words,10,-1,9,5.11,0,22.1,false,false,english,,normal,false,false,false,,1782920921000
6a4536b661e093d47b9fc3cd,false,93.63,84.31,125.67,85.25,38;7;1;1,words,10,-1,0,4.87,0,0,false,false,english,,normal,false,false,false,,1782920886000
6a4536af61e093d47b9fc38b,false,109.27,100,109.27,83.03,56;0;0;0,words,10,-1,12,6.15,0,23.16,false,false,english,,normal,false,false,false,,1782920879000
6a45368861e093d47b9fc1e5,false,112.06,92.45,123.74,86.96,48;4;0;0,words,10,-1,9,5.14,0,25.14,false,false,english,,normal,false,false,false,,1782920840000
6a45366261e093d47b9fc04c,false,117.7,87.76,140.67,95.65,41;4;2;0,words,10,-1,0,4.18,0,0,false,false,english,,normal,false,false,false,,1782920802000
6a45365c61e093d47b9fc009,false,115.48,100,115.48,73.52,46;0;0;0,words,10,-1,5,4.78,0,14.52,false,false,english,,normal,false,false,false,,1782920796000
6a45364461e093d47b9fbf1a,false,130.38,100,130.38,90.48,49;0;0;0,words,10,-1,6,4.51,0,9.42,false,false,english,,normal,false,false,false,,1782920772000
6a45362d61e093d47b9fbe26,false,129.67,100,129.67,87.2,55;0;0;0,words,10,-1,6,5.09,0,12.45,false,false,english,,normal,false,false,false,,1782920749000
6a45361661e093d47b9fbd24,false,94.61,87.76,121.99,92.66,38;4;2;0,words,10,-1,6,4.82,0,7.47,false,false,english,,normal,false,false,false,,1782920726000
6a45360461e093d47b9fbc64,false,117.01,91.49,127.89,89.35,43;4;0;0,words,10,-1,10,4.41,0,23.8,false,false,english,,normal,false,false,false,,1782920708000
6a4535df61e093d47b9fbabb,false,102.58,95.16,120,82.97,53;2;1;0,words,10,-1,22,6.2,0,41.48,false,false,english,,normal,false,false,false,,1782920671000
6a45359d61e093d47b9fb7fb,false,131.97,95.56,138.11,76.46,43;2;0;0,words,10,-1,0,3.91,0,0,false,false,english,,normal,false,false,false,,1782920605000
6a45359761e093d47b9fb7b4,false,132.13,100,132.13,92.63,49;0;0;0,words,10,-1,1,4.45,0,1.62,false,false,english,,normal,false,false,false,,1782920599000
6a45358e61e093d47b9fb763,false,121.37,100,121.37,90,53;0;0;0,words,10,-1,11,5.24,0,21.95,false,false,english,,normal,false,false,false,,1782920590000
6a45356961e093d47b9fb5dd,false,113.25,100,113.25,79.13,52;0;0;0,words,10,-1,3,5.51,0,6.55,false,false,english,,normal,false,false,false,,1782920553000
6a45355a61e093d47b9fb524,false,116.55,100,116.55,83.11,54;0;0;0,words,10,-1,0,5.56,0,0,false,false,english,,normal,false,false,false,,1782920538000
6a45355361e093d47b9fb4e1,false,125.2,100,125.2,96.08,53;0;0;0,words,10,-1,2,5.08,0,3.54,false,false,english,,normal,false,false,false,,1782920531000
6a45354861e093d47b9fb47a,false,121.21,100,121.21,87.76,50;0;0;0,words,10,-1,5,4.95,0,7.68,false,false,english,,normal,false,false,false,,1782920520000
6a45353761e093d47b9fb3b3,false,129.73,93.75,141.52,87.41,44;3;0;0,words,10,-1,5,4.07,0,12.08,false,false,english,,normal,false,false,false,,1782920503000
6a4534e861e093d47b9fb090,false,109.09,90.2,120.95,85.86,46;5;0;0,words,10,-1,4,5.06,0,5.97,false,false,english,,normal,false,false,false,,1782920424000
6a4534d961e093d47b9faff7,false,99.79,90.2,127.23,90.14,40;4;1;0,words,10,-1,6,4.81,0,13.88,false,false,english,,normal,false,false,false,,1782920409000
6a4534c261e093d47b9faf0f,false,94.06,89.13,131.12,87.92,33;4;1;0,words,10,-1,6,4.21,0,14.91,false,false,english,,normal,false,false,false,,1782920386000
6a4534a961e093d47b9fae12,false,105.81,93.88,126.45,87.98,41;2;1;0,words,10,-1,0,4.65,0,0,false,false,english,,normal,false,false,false,,1782920361000
6a4534a361e093d47b9fadce,false,113.17,100,113.17,79.93,53;0;0;0,words,10,-1,12,5.62,0,18.77,false,false,english,,normal,false,false,false,,1782920355000
6a45348161e093d47b9fac8b,false,92.86,100,92.86,69.7,52;0;0;0,words,10,-1,11,6.72,0,19.37,false,false,english,,normal,false,false,false,,1782920321000
6a45345d61e093d47b9faafb,false,114.86,91.11,136.02,86.05,38;4;0;0,words,10,-1,15,3.97,0,24.18,false,false,english,,normal,false,false,false,,1782920285000
6a45343161e093d47b9fa92a,false,124.91,100,124.91,87.2,56;0;0;0,words,10,-1,4,5.38,0,7.42,false,false,english,,normal,false,false,false,,1782920241000
6a45332b61e093d47b9f9eb4,false,128.21,100,128.21,81.97,50;0;0;0,words,10,-1,4,4.68,0,4.43,false,false,english,,normal,false,false,false,,1782919979000
6a45331e61e093d47b9f9e2b,false,127,94.44,139.96,79.98,49;2;1;0,words,10,-1,0,4.63,0,0,false,false,english,,normal,false,false,false,,1782919966000
6a45331861e093d47b9f9dec,false,90.23,94.12,115.04,81.3,40;3;0;1,words,10,-1,18,5.32,0,38.32,false,false,english,,normal,false,false,false,,1782919960000
6a4532d961e093d47b9f9b69,false,113.03,96.08,122.65,85.74,47;2;0;1,words,10,-1,1,4.99,0,0.94,false,false,english,,normal,false,false,false,,1782919897000
6a4532d161e093d47b9f9b24,false,113.92,94,126.58,88.16,45;2;1;0,words,10,-1,8,4.74,0,20.45,false,false,english,,normal,false,false,false,,1782919889000
6a4532a561e093d47b9f9988,false,132.26,100,132.26,89.91,55;0;0;0,words,10,-1,3,4.99,0,9.46,false,false,english,,normal,false,false,false,,1782919845000
6a45328e61e093d47b9f98a8,false,105.62,89.66,130.34,84.67,47;5;1;0,words,10,-1,0,5.34,0,0,false,false,english,,normal,false,false,false,,1782919822000
6a45328761e093d47b9f985f,false,117.14,93.48,131.43,87.92,41;2;1;0,words,10,-1,1,4.2,0,2.4,false,false,english,,normal,false,false,false,,1782919815000
6a45327261e093d47b9f9781,false,43.43,95,43.43,74.16,38;0;0;0,words,10,-1,2,10.5,0,2.17,false,false,english,gibberish,normal,false,false,false,,1782919794000
6a45322861e093d47b9f9467,false,42.39,99.22,42.39,71.65,384;0;0;0,custom,custom,-1,17,108.703,0,163.06,false,false,english,nospace,normal,false,false,false,,1782919720000
6a4514cd61e093d47b9e52f6,false,133.02,100,133.02,93.57,47;0;0;0,words,10,-1,4,4.24,0,10.03,false,false,english,,normal,false,false,false,,1782912205000
6a4514bb61e093d47b9e5234,false,103.17,89.13,124.89,89.35,38;4;1;0,words,10,-1,5,4.42,0,6.14,false,false,english,,normal,false,false,false,,1782912187000
6a4514ab61e093d47b9e518b,false,108.9,96.43,115.07,89.14,53;2;0;0,words,10,-1,9,5.84,0,16.19,false,false,english,,normal,false,false,false,,1782912171000
6a45148d61e093d47b9e5046,false,118.81,96.43,133.07,89.2,50;2;0;0,words,10,-1,6,5.05,0,13.56,false,false,english,,normal,false,false,false,,1782912141000
6a45147561e093d47b9e4f34,false,110.83,100,110.83,84.16,52;0;0;0,words,10,-1,13,5.63,0,25.65,false,false,english,,normal,false,false,false,,1782912117000
6a45141261e093d47b9e4abe,false,124.04,100,124.04,89.37,46;0;0;0,words,10,-1,0,4.45,0,0,false,false,english,,normal,false,false,false,,1782912018000
6a4513fd61e093d47b9e49e6,false,109.09,94.55,122.45,85.86,49;2;1;0,words,10,-1,1,5.39,0,0.42,false,false,english,,normal,false,false,false,,1782911997000
6a4513f561e093d47b9e499a,false,103.08,91.49,124.23,80.73,39;3;1;0,words,10,-1,1,4.54,0,2.24,false,false,english,,normal,false,false,false,,1782911989000
6a4513ed61e093d47b9e4923,false,97.09,94.83,112.62,85.34,50;2;1;0,words,10,-1,11,6.18,0,28.33,false,false,english,,normal,false,false,false,,1782911981000
6a4512cb61e093d47b9e3c7d,false,133.04,100,133.04,79.06,51;0;0;0,words,10,-1,3,4.6,0,4.09,false,false,english,,normal,false,false,false,66f0476a66c51bbe14fbe34c;693b17813540add646bcb3ef,1782911691000
6a4512ad61e093d47b9e3b4a,false,134.23,100,134.23,87.92,50;0;0;0,words,10,-1,0,4.47,0,0,false,false,english,,normal,false,false,false,66f0476a66c51bbe14fbe34c;693b17813540add646bcb3ef,1782911661000
6a4512a761e093d47b9e3b18,false,119.72,100,119.72,90.88,43;0;0;0,words,10,-1,2,4.31,0,1.53,false,false,english,,normal,false,false,false,66f0476a66c51bbe14fbe34c;693b17813540add646bcb3ef,1782911655000
6a45129561e093d47b9e3a61,false,116.3,95.83,126.87,87.48,44;2;0;0,words,10,-1,0,4.54,0,0,false,false,english,,normal,false,false,false,66f0476a66c51bbe14fbe34c;693b17813540add646bcb3ef,1782911637000
6a45128f61e093d47b9e3a15,false,110.46,95.92,123.01,94.17,44;2;0;0,words,10,-1,6,4.78,0,9.94,false,false,english,,normal,false,false,false,66f0476a66c51bbe14fbe34c;693b17813540add646bcb3ef,1782911631000
6a45127a61e093d47b9e3927,false,121.85,100,121.85,58.41,46;0;0;0,words,10,-1,0,4.53,0,0,false,false,english,,normal,false,false,false,66f0476a66c51bbe14fbe34c;693b17813540add646bcb3ef,1782911610000
6a45127461e093d47b9e38ef,false,94.36,92.31,106.67,53.91,46;3;1;0,words,10,-1,1,5.85,0,0.94,false,false,english,,normal,false,false,false,66f0476a66c51bbe14fbe34c;693b17813540add646bcb3ef,1782911604000
6a45126b61e093d47b9e38a1,false,122.94,100,122.94,89.35,46;0;0;0,words,10,-1,1,4.49,0,1.76,false,false,english,,normal,false,false,false,66f0476a66c51bbe14fbe34c;693b17813540add646bcb3ef,1782911595000
6a44d6a761e093d47b9c1619,false,92.99,88.46,115.13,74.83,42;6;0;1,words,10,-1,6,5.42,0,10.37,false,false,english,,normal,false,false,false,,1782896295000
6a44d69361e093d47b9c155f,false,89.45,88.68,115.64,89.68,41;6;0;1,words,10,-1,34,5.5,0,51.96,false,false,english,,normal,false,false,false,,1782896275000
6a44d62461e093d47b9c1153,false,134.42,100,134.42,87.59,55;0;0;0,words,10,-1,22,4.91,0,38.53,false,false,english,,normal,false,false,false,,1782896164000
6a44d5b661e093d47b9c0d1f,false,111.26,93.88,129.8,89.52,42;3;0;1,words,10,-1,5,4.53,0,8.43,false,false,english,,normal,false,false,false,,1782896054000
6a44d5a561e093d47b9c0c6c,false,111.79,89.66,132.32,90.93,49;5;1;0,words,10,-1,1,5.26,0,1.15,false,false,english,,normal,false,false,false,,1782896037000
6a44d59d61e093d47b9c0c20,false,110.56,95.65,124.04,84.21,41;2;0;0,words,10,-1,5,4.45,0,5.13,false,false,english,,normal,false,false,false,,1782896029000
6a44d57461e093d47b9c0ac1,false,114.42,93.62,131.16,83.39,41;2;1;0,words,10,-1,7,4.3,0,12.66,false,false,english,,normal,false,false,false,,1782895988000
6a44d55d61e093d47b9c09e0,false,92.68,83.64,134.15,91.36,38;7;2;0,words,10,-1,24,4.92,0,46.52,false,false,english,,normal,false,false,false,,1782895965000
6a44d50d61e093d47b9c06c9,false,123.94,93.88,138.03,96.15,44;2;1;0,words,10,-1,5,4.26,0,8.22,false,false,english,,normal,false,false,false,,1782895885000
6a44d4fc61e093d47b9c0619,false,90,77.19,129.23,84.07,39;11;1;3,words,10,-1,2,5.2,0,1.72,false,false,english,,normal,false,false,false,,1782895868000
6a44d4f161e093d47b9c05b8,false,120.48,100,120.48,83.62,50;0;0;0,words,10,-1,6,4.98,0,9.37,false,false,english,,normal,false,false,false,,1782895857000
6a44d4de61e093d47b9c0501,false,109.76,94,121.95,81.86,45;2;1;0,words,10,-1,15,4.92,0,30.49,false,false,english,,normal,false,false,false,,1782895838000
6a44d4ae61e093d47b9c0350,false,102.94,83.33,141.18,90.31,35;7;1;1,words,10,-1,8,4.08,0,8.9,false,false,english,,normal,false,false,false,,1782895790000
6a44d49961e093d47b9c02a5,false,135.58,100,135.58,88.87,47;0;0;0,words,10,-1,8,4.16,0,11.11,false,false,english,,normal,false,false,false,,1782895769000
6a44d43a61e093d47b9bff94,false,120.24,100,120.24,89.05,51;0;0;0,words,10,-1,7,5.09,0,7.91,false,false,english,,normal,false,false,false,,1782895674000
6a44d42761e093d47b9bfefe,false,118.25,100,118.25,91.67,54;0;0;0,words,10,-1,0,5.48,0,0,false,false,english,,normal,false,false,false,,1782895655000
6a44d42161e093d47b9bfec0,false,97.37,85.37,117.42,85.96,34;6;0;1,words,10,-1,11,4.19,0,24.03,false,false,english,,normal,false,false,false,,1782895649000
6a44d3fc61e093d47b9bfd6d,false,113.68,96.43,113.68,74.96,54;0;0;0,words,10,-1,14,5.7,0,32.36,false,false,english,,normal,false,false,false,,1782895612000
6a44d08f61e093d47b9bdf47,false,130.15,100,130.15,81.41,50;0;0;0,words,10,-1,6,4.61,0,11.2,false,false,english,,normal,false,false,false,,1782894735000
6a44d07761e093d47b9bde79,false,128.48,100,128.48,81.33,53;0;0;0,words,10,-1,1,4.95,0,3.7,false,false,english,,normal,false,false,false,,1782894711000
6a44d06961e093d47b9bddff,false,117.21,92,139.53,78.8,42;4;0;1,words,10,-1,1,4.3,0,3.34,false,false,english,,normal,false,false,false,,1782894697000
6a44d05f61e093d47b9bdda7,false,82.76,80.95,113.1,84.21,30;6;1;4,words,10,-1,2,4.35,0,4.14,false,false,english,,normal,false,false,false,,1782894687000
6a44d05461e093d47b9bdd4b,false,127.15,100,127.15,87.04,48;0;0;0,words,10,-1,2,4.53,0,1.52,false,false,english,,normal,false,false,false,,1782894676000
6a44d04b61e093d47b9bdd01,false,131.34,100,131.34,83.39,44;0;0;0,words,10,-1,1,4.02,0,0.6,false,false,english,,normal,false,false,false,,1782894667000
6a44d04561e093d47b9bdcb6,false,124.25,93.33,147.14,94.75,38;2;1;0,words,10,-1,1,3.67,0,1.01,false,false,english,,normal,false,false,false,,1782894661000
6a44d03e61e093d47b9bdc84,false,113.92,94,126.58,91.65,45;2;1;0,words,10,-1,1,4.74,0,1.06,false,false,english,,normal,false,false,false,,1782894654000
6a44cfe161e093d47b9bd94c,false,95.97,91.91,108.36,80.7,240;15;6;0,time,30,-1,0,30.01,0,0,false,false,english,,normal,false,false,false,,1782894561000
6a43889c61e093d47b91c0a8,false,82.57,95.74,82.57,69.84,45;0;0;0,words,10,-1,0,6.54,0,0,false,false,english,,normal,false,false,false,6a34f2b2b7b5429521db59a8,1782810780000
6a43889461e093d47b91c054,false,89.81,100,89.81,82.99,47;0;0;0,words,10,-1,4,6.28,0,16.72,false,false,english,,normal,false,false,false,6a34f2b2b7b5429521db59a8,1782810772000
6a43887961e093d47b91bf52,false,73.79,87.76,95.15,89.79,38;4;2;0,words,10,-1,0,6.18,0,0,false,false,english,,normal,false,false,false,6a34f2b2b7b5429521db59a8,1782810745000
6a422c1961e093d47b86ac62,false,97.45,100,97.45,83.86,51;0;0;0,words,10,-1,11,6.28,0,29.31,false,false,english,,normal,false,false,false,,1782721561000
6a422bdf61e093d47b86aa09,false,109.09,96.15,109.09,73.01,50;0;0;0,words,10,-1,4,5.5,0,9.59,false,false,english,,normal,false,false,false,,1782721503000
6a422bcb61e093d47b86a963,false,90.71,97.96,90.71,79.15,48;0;0;0,words,10,-1,3,6.35,0,4.71,false,false,english,,normal,false,false,false,,1782721483000
6a422bbd61e093d47b86a8d9,false,107.87,94.55,123.6,90.39,48;2;1;0,words,10,-1,0,5.34,0,0,false,false,english,,normal,false,false,false,,1782721469000
6a422bb661e093d47b86a899,false,86.81,96.3,86.81,56.36,51;0;0;0,words,10,-1,10,7.05,0,21.85,false,false,english,,normal,false,false,false,,1782721462000
6a422b8461e093d47b86a6e3,false,120.62,93.33,139.18,88.39,39;2;1;0,words,10,-1,1,3.88,0,3.78,false,false,english,,normal,false,false,false,67a9de60c60cdb1842a8bfa8;6936888fdd1047f2055ce204,1782721412000
6a422b7a61e093d47b86a698,false,106.27,89.29,123.99,83.13,48;5;1;0,words,10,-1,3,5.42,0,4.02,false,false,english,,normal,false,false,false,,1782721402000
6a422b6d61e093d47b86a614,false,96.19,81.48,129.86,93.24,40;8;2;0,words,10,-1,0,4.99,0,0,false,false,english,,normal,false,false,false,,1782721389000
6a422b6661e093d47b86a5d9,false,118.97,100,118.97,84.53,46;0;0;0,words,10,-1,1,4.64,0,1.38,false,false,english,,normal,false,false,false,,1782721382000
6a422b5761e093d47b86a54a,false,43.15,100,43.15,64.6,52;0;0;0,words,10,-1,1,14.46,0,17.97,false,false,english,,normal,false,false,false,,1782721367000
6a422b2a61e093d47b86a3b0,false,121.19,100,121.19,85.86,51;0;0;0,words,10,-1,3,5.05,0,2.07,false,false,english,,normal,false,false,false,,1782721322000
6a422b1f61e093d47b86a345,false,105.31,91.11,124.71,91.91,38;3;1;0,words,10,-1,2,4.33,0,2.78,false,false,english,,normal,false,false,false,,1782721311000
6a422b1561e093d47b86a2fb,false,115.75,100,115.75,91.49,49;0;0;0,words,10,-1,6,5.08,0,9.76,false,false,english,,normal,false,false,false,,1782721301000
6a422b0061e093d47b86a229,false,102.65,91.84,117.31,84.44,42;3;0;3,words,10,-1,7,4.91,0,11.5,false,false,english,,normal,false,false,false,,1782721280000
6a422ae961e093d47b86a13b,false,113.94,100,113.94,82.25,47;0;0;0,words,10,-1,1,4.95,0,0.5,false,false,english,,normal,false,false,false,,1782721257000
6a4224c661e093d47b8669d9,false,83.52,93.18,96.7,73.78,38;2;1;0,words,10,-1,2,5.46,0,2.69,false,false,english,,normal,false,false,false,,1782719686000
6a4223b761e093d47b8660a7,false,106.67,96,121.21,86.57,44;1;1;0,words,10,-1,1,4.95,0,4.36,false,false,english,,normal,false,false,false,,1782719415000
6a3ed09461e093d47b71194a,false,126.46,100,126.46,89.35,47;0;0;0,words,10,-1,9,4.46,0,27.13,false,false,english,,normal,false,false,false,6a34f2b2b7b5429521db59a8,1782501524000
6a3ed06b61e093d47b711843,false,109.98,100,109.98,84.03,45;0;0;0,words,10,-1,0,4.91,0,0,false,false,english,,normal,false,false,false,6a34f2b2b7b5429521db59a8,1782501483000
6a3ed06461e093d47b71181b,false,120.22,100,120.22,87.35,55;0;0;0,words,10,-1,2,5.49,0,4.33,false,false,english,,normal,false,false,false,6a34f2b2b7b5429521db59a8,1782501476000
6a3ed05761e093d47b7117c6,false,103.41,100,103.41,78.57,48;0;0;0,words,10,-1,1,5.57,0,4.23,false,false,english,,normal,false,false,false,6a34f2b2b7b5429521db59a8,1782501463000
6a3ed04b61e093d47b71176e,false,106.51,94.23,123.08,89.05,45;2;1;0,words,10,-1,4,5.07,0,8.55,false,false,english,,normal,false,false,false,6a34f2b2b7b5429521db59a8,1782501451000
6a3ed03761e093d47b7116e8,false,117.95,100,117.95,83.76,46;0;0;0,words,10,-1,2,4.68,0,8.48,false,false,english,,normal,false,false,false,6a34f2b2b7b5429521db59a8,1782501431000
6a3e56be61e093d47b6ca356,false,117.65,96.23,124.71,90.19,50;2;0;0,words,10,-1,6,5.1,0,13.77,false,false,english,,normal,false,false,false,6a34f2b2b7b5429521db59a8,1782470334000
6a3e56a561e093d47b6ca263,false,110.13,100,110.13,75.16,48;0;0;0,words,10,-1,15,5.23,0,30.38,false,false,english,,normal,false,false,false,6a34f2b2b7b5429521db59a8,1782470309000
6a3e565161e093d47b6c9f72,false,135.04,100,135.04,92.63,44;0;0;0,words,10,-1,2,3.91,0,3.99,false,false,english,,normal,false,false,false,6a34f2b2b7b5429521db59a8,1782470225000
6a3e564561e093d47b6c9efd,false,113.21,100,113.21,76.22,45;0;0;0,words,10,-1,6,4.77,0,9.45,false,false,english,,normal,false,false,false,6a34f2b2b7b5429521db59a8,1782470213000
6a3e563061e093d47b6c9e41,false,114.74,100,114.74,85.57,48;0;0;0,words,10,-1,4,5.02,0,6.5,false,false,english,,normal,false,false,false,6a34f2b2b7b5429521db59a8,1782470192000
6a3e561f61e093d47b6c9d8c,false,117.16,100,117.16,90.46,66;0;0;0,words,10,-1,0,6.76,0,0,false,false,english,,normal,false,false,false,6a34f2b2b7b5429521db59a8,1782470175000
6a3e561661e093d47b6c9d3a,false,94.53,84.31,133.92,88.1,36;7;1;1,words,10,-1,0,4.57,0,0,false,false,english,,normal,false,false,false,6a34f2b2b7b5429521db59a8,1782470166000
6a3e543f61e093d47b6c8c6d,false,101.27,93.48,116.46,92.29,40;2;1;0,words,10,-1,2,4.74,0,2.49,false,false,english,,normal,false,false,false,6a34f2b2b7b5429521db59a8,1782469695000
6a3e543461e093d47b6c8bfa,false,108.15,93.75,123.61,92.64,42;2;1;0,words,10,-1,2,4.66,0,1.52,false,false,english,,normal,false,false,false,6a34f2b2b7b5429521db59a8,1782469684000
6a3e542c61e093d47b6c8ba8,false,109.98,100,109.98,77.78,56;0;0;0,words,10,-1,0,6.11,0,0,false,false,english,,normal,false,false,false,6a34f2b2b7b5429521db59a8,1782469676000
6a3e542461e093d47b6c8b63,false,113.09,100,113.09,86.85,54;0;0;0,words,10,-1,1,5.73,0,2.63,false,false,english,,normal,false,false,false,6a34f2b2b7b5429521db59a8,1782469668000
6a3e541961e093d47b6c8b01,false,107.6,92.16,119.3,94.9,46;4;0;1,words,10,-1,1,5.13,0,0.5,false,false,english,,normal,false,false,false,6a34f2b2b7b5429521db59a8,1782469657000
6a3e541161e093d47b6c8ab2,false,123.98,100,123.98,85.61,53;0;0;0,words,10,-1,4,5.13,0,12.55,false,false,english,,normal,false,false,false,6a34f2b2b7b5429521db59a8,1782469649000
6a3e53eb61e093d47b6c8970,false,112.37,100,112.37,84.4,53;0;0;0,words,10,-1,4,5.66,0,7.92,false,false,english,,normal,false,false,false,6a34f2b2b7b5429521db59a8,1782469611000
6a3e53d961e093d47b6c88d2,false,111.11,94.44,120,79.59,50;2;1;0,words,10,-1,0,5.4,0,0,false,false,english,,normal,false,false,false,6a34f2b2b7b5429521db59a8,1782469593000
6a3e53d161e093d47b6c8889,false,90.57,92.45,109.09,83.04,44;3;1;1,words,10,-1,4,5.83,0,7.06,false,false,english,,normal,false,false,false,6a34f2b2b7b5429521db59a8,1782469585000
6a3e53bf61e093d47b6c8803,false,94.98,90.57,122.78,86.46,41;4;1;0,words,10,-1,0,5.18,0,0,false,false,english,,normal,false,false,false,6a34f2b2b7b5429521db59a8,1782469567000
6a3e53b961e093d47b6c87d3,false,120.59,93.48,135.29,84.13,41;2;1;0,words,10,-1,5,4.08,0,17.4,false,false,english,,normal,false,false,false,6a34f2b2b7b5429521db59a8,1782469561000
6a3e537361e093d47b6c858f,false,110.64,100,110.64,78.07,52;0;0;0,words,10,-1,4,5.64,0,11.96,false,false,english,,normal,false,false,false,6a34f2b2b7b5429521db59a8,1782469491000
6a3e535761e093d47b6c8499,false,110.34,94.34,121.84,89.86,48;2;1;0,words,10,-1,0,5.22,0,0,false,false,english,,normal,false,false,false,6a34f2b2b7b5429521db59a8,1782469463000
6a3e535061e093d47b6c845d,false,128,100,128,89.06,48;0;0;0,words,10,-1,0,4.5,0,0,false,false,english,,normal,false,false,false,6a34f2b2b7b5429521db59a8,1782469456000
6a3e530c61e093d47b6c81f6,false,101.95,90.91,116.81,88.83,48;5;0;0,words,10,-1,5,5.65,0,8.27,false,false,english,,normal,false,false,false,6a34f2b2b7b5429521db59a8,1782469388000
6a3e52f461e093d47b6c8138,false,131.51,100,131.51,92.29,48;0;0;0,words,10,-1,2,4.38,0,6.06,false,false,english,,normal,false,false,false,6a34f2b2b7b5429521db59a8,1782469364000
6a3e52e461e093d47b6c80b4,false,116.86,91.11,128.27,92.29,41;4;0;0,words,10,-1,3,4.21,0,4.89,false,false,english,,normal,false,false,false,6a34f2b2b7b5429521db59a8,1782469348000
6a3e52d561e093d47b6c8033,false,93.98,93.33,108.43,81.46,39;3;0;1,words,10,-1,1,4.98,0,1.15,false,false,english,,normal,false,false,false,6a34f2b2b7b5429521db59a8,1782469333000
6a3e52ca61e093d47b6c7fce,false,119.07,100,119.07,88.23,51;0;0;0,words,10,-1,3,5.14,0,5.79,false,false,english,,normal,false,false,false,6a34f2b2b7b5429521db59a8,1782469322000
6a3e52b861e093d47b6c7f3d,false,121.74,100,121.74,80.99,49;0;0;0,words,10,-1,4,4.83,0,12.62,false,false,english,,normal,false,false,false,6a34f2b2b7b5429521db59a8,1782469304000
6a3e52a261e093d47b6c7e78,false,80.23,88.33,104.65,85.24,46;5;2;0,words,10,-1,1,6.88,0,1.23,false,false,english,,normal,false,false,false,6a34f2b2b7b5429521db59a8,1782469282000
6a3e529461e093d47b6c7deb,false,127.39,100,127.39,79.73,50;0;0;0,words,10,-1,3,4.71,0,4.76,false,false,english,,normal,false,false,false,6a34f2b2b7b5429521db59a8,1782469268000
6a3e528661e093d47b6c7d7b,false,92.04,93.22,102.65,65.61,52;3;0;0,words,10,-1,1,6.78,0,3.61,false,false,english,,normal,false,false,false,6a34f2b2b7b5429521db59a8,1782469254000
6a3e527961e093d47b6c7cfb,false,112.15,100,112.15,84.03,50;0;0;0,words,10,-1,3,5.35,0,6.46,false,false,english,,normal,false,false,false,6a34f2b2b7b5429521db59a8,1782469241000
6a3e526861e093d47b6c7c70,false,88.13,96.08,95.62,77.38,47;2;0;1,words,10,-1,4,6.4,0,9.48,false,false,english,,normal,false,false,false,6a34f2b2b7b5429521db59a8,1782469224000
6a3e525461e093d47b6c7bad,false,113.61,94.23,123.08,91.06,48;3;0;1,words,10,-1,1,5.07,0,1.75,false,false,english,,normal,false,false,false,6a34f2b2b7b5429521db59a8,1782469204000
6a3e522461e093d47b6c79f5,false,121.32,100,121.32,78.2,46;0;0;0,words,10,-1,0,4.55,0,0,false,false,english,,normal,false,false,false,6a34f2b2b7b5429521db59a8,1782469156000
6a3e521d61e093d47b6c79bd,false,89.67,98.21,89.67,76.74,55;0;0;0,words,10,-1,1,7.36,0,2.61,false,false,english,,normal,false,false,false,6a34f2b2b7b5429521db59a8,1782469149000
6a3e521061e093d47b6c7946,false,97.35,94.44,114.29,82.08,46;2;1;0,words,10,-1,7,5.67,0,17.86,false,false,english,,normal,false,false,false,6a34f2b2b7b5429521db59a8,1782469136000
6a3e51ef61e093d47b6c7833,false,116.57,100,116.57,87.5,51;0;0;0,words,10,-1,5,5.25,0,13.29,false,false,english,,normal,false,false,false,6a34f2b2b7b5429521db59a8,1782469103000
6a3e51d661e093d47b6c775e,false,110.2,94.23,127.35,86.91,45;2;1;0,words,10,-1,1,4.9,0,1.17,false,false,english,,normal,false,false,false,6a34f2b2b7b5429521db59a8,1782469078000
6a3e51cd61e093d47b6c771b,false,110.5,100,110.5,85.57,50;0;0;0,words,10,-1,13,5.43,0,25.04,false,false,english,,normal,false,false,false,6a34f2b2b7b5429521db59a8,1782469069000
6a3e518061e093d47b6c7446,false,117.39,94.12,133.04,90.21,45;2;1;0,words,10,-1,0,4.6,0,0,false,false,english,,normal,false,false,false,6a34f2b2b7b5429521db59a8,1782468992000
6a3e512761e093d47b6c711d,false,122.11,100,122.11,90.39,52;0;0;0,words,10,-1,4,5.11,0,9.16,false,false,english,,normal,false,false,false,6a34f2b2b7b5429521db59a8,1782468903000
6a3e511361e093d47b6c706c,false,112.37,100,112.37,87.33,53;0;0;0,words,10,-1,0,5.66,0,0,false,false,english,,normal,false,false,false,6a34f2b2b7b5429521db59a8,1782468883000
6a3e50b461e093d47b6c6cf5,false,95.11,96.08,103.2,84.8,47;2;0;0,words,10,-1,0,5.93,0,0,false,false,english,,normal,false,false,false,6a34f2b2b7b5429521db59a8,1782468788000
6a3e50ac61e093d47b6c6cb3,false,90.61,82.35,124.9,85.04,37;7;2;0,words,10,-1,3,4.9,0,6.43,false,false,english,,normal,false,false,false,6a34f2b2b7b5429521db59a8,1782468780000
6a3e509e61e093d47b6c6c1c,false,87.75,82.35,111.88,87.32,40;9;0;2,words,10,-1,0,5.47,0,0,false,false,english,,normal,false,false,false,6a34f2b2b7b5429521db59a8,1782468765000
6a3e509661e093d47b6c6bd9,false,83.19,100,83.19,86.03,40;0;0;0,words,10,-1,6,5.77,0,11.58,false,false,english,,normal,false,false,false,6a34f2b2b7b5429521db59a8,1782468758000
6a3e507861e093d47b6c6ad7,false,121.78,100,121.78,87.61,48;0;0;0,words,10,-1,4,4.73,0,9.02,false,false,english,,normal,false,false,false,6a34f2b2b7b5429521db59a8,1782468728000
6a3e506461e093d47b6c6a1a,false,115.99,100,115.99,90.15,55;0;0;0,words,10,-1,1,5.69,0,3.87,false,false,english,,normal,false,false,false,6a34f2b2b7b5429521db59a8,1782468708000
6a3e331e61e093d47b6b68d2,false,114.16,96.08,129.39,85.78,45;2;0;0,words,10,-1,2,4.73,0,7.35,false,false,english,,normal,false,false,false,6a34f2b2b7b5429521db59a8,1782461214000
6a3e330f61e093d47b6b6859,false,104.61,100,104.61,87.24,53;0;0;0,words,10,-1,0,6.08,0,0,false,false,english,,normal,false,false,false,6a34f2b2b7b5429521db59a8,1782461199000
6a3e330761e093d47b6b6815,false,95.11,100,95.11,74.43,47;0;0;0,words,10,-1,0,5.93,0,0,false,false,english,,normal,false,false,false,6a34f2b2b7b5429521db59a8,1782461191000
6a3e321b61e093d47b6b60ef,false,112.82,100,112.82,87.46,55;0;0;0,words,10,-1,1,5.85,0,3.3,false,false,english,,normal,false,false,false,6a34f2b2b7b5429521db59a8,1782460955000
6a3e320f61e093d47b6b6098,false,89.29,92.16,111.07,88.17,41;3;1;1,words,10,-1,0,5.51,0,0,false,false,english,,normal,false,false,false,6a34f2b2b7b5429521db59a8,1782460943000
6a3e320661e093d47b6b6055,false,116.2,100,116.2,91.49,52;0;0;0,words,10,-1,2,5.37,0,3.22,false,false,english,,normal,false,false,false,6a34f2b2b7b5429521db59a8,1782460934000
6a3e31fb61e093d47b6b5fdf,false,85.97,97.96,85.97,77.25,48;0;0;0,words,10,-1,3,6.7,0,3.48,false,false,english,,normal,false,false,false,6a34f2b2b7b5429521db59a8,1782460923000
6a3e31ec61e093d47b6b5f5d,false,110.94,100,110.94,91.87,49;0;0;0,words,10,-1,1,5.3,0,0.97,false,false,english,,normal,false,false,false,6a34f2b2b7b5429521db59a8,1782460908000
6a3cba8561e093d47b5f6f3a,false,82.47,94.44,90.88,61.36,49;3;0;1,words,10,-1,3,7.13,0,11.18,false,false,english,,normal,false,false,false,6a34f2b2b7b5429521db59a8,1782364805000
6a3cba6f61e093d47b5f6e77,false,110.49,100,110.49,85.93,43;0;0;0,words,10,-1,1,4.67,0,1.65,false,false,english,,normal,false,false,false,6a34f2b2b7b5429521db59a8,1782364783000
6a3b854861e093d47b55a45a,false,124.22,100,124.22,90.19,50;0;0;0,words,10,-1,19,4.83,0,31.05,false,false,english,,normal,false,false,false,67a9de60c60cdb1842a8bfa8;6936888fdd1047f2055ce204,1782285640000
6a3b851661e093d47b55a291,false,116.27,95,131.63,86.39,53;2;1;0,words,10,-1,0,5.47,0,0,false,false,english,,normal,false,false,false,67a9de60c60cdb1842a8bfa8;6936888fdd1047f2055ce204,1782285590000
6a3b850f61e093d47b55a254,false,107.26,94.34,118.44,89.38,48;2;1;0,words,10,-1,6,5.37,0,8.94,false,false,english,,normal,false,false,false,67a9de60c60cdb1842a8bfa8;6936888fdd1047f2055ce204,1782285583000
6a3b84fc61e093d47b55a1a7,false,121.74,93.62,136.23,88.45,42;2;1;0,words,10,-1,8,4.14,0,11.68,false,false,english,,normal,false,false,false,67a9de60c60cdb1842a8bfa8;6936888fdd1047f2055ce204,1782285564000
6a3b84e561e093d47b55a0d6,false,112.5,88.68,141.96,87.41,42;4;2;0,words,10,-1,1,4.48,0,1.87,false,false,english,,normal,false,false,false,67a9de60c60cdb1842a8bfa8;6936888fdd1047f2055ce204,1782285541000
6a3b84dc61e093d47b55a08a,false,103.7,84.62,128.4,84.07,42;7;1;0,words,10,-1,0,4.86,0,0,false,false,english,,normal,false,false,false,67a9de60c60cdb1842a8bfa8;6936888fdd1047f2055ce204,1782285532000
6a3b84d561e093d47b55a042,false,123.27,98,123.27,78.38,49;0;0;0,words,10,-1,1,4.77,0,1.37,false,false,english,,normal,false,false,false,67a9de60c60cdb1842a8bfa8;6936888fdd1047f2055ce204,1782285525000
6a3b84bc61e093d47b559f70,false,126.15,100,126.15,94.83,41;0;0;0,words,10,-1,16,3.9,0,22.84,false,false,english,,normal,false,false,false,67a9de60c60cdb1842a8bfa8;6936888fdd1047f2055ce204,1782285500000
6a3b849361e093d47b559deb,false,110.11,89.29,125.84,80.2,49;6;0;0,words,10,-1,1,5.34,0,0.95,false,false,english,,normal,false,false,false,67a9de60c60cdb1842a8bfa8;6936888fdd1047f2055ce204,1782285459000
6a3b848b61e093d47b559d97,false,112.66,84.91,138.86,92.05,43;7;1;1,words,10,-1,19,4.58,0,39.9,false,false,english,,normal,false,false,false,67a9de60c60cdb1842a8bfa8;6936888fdd1047f2055ce204,1782285451000
6a3b83c761e093d47b55967e,false,131.74,100,131.74,92.29,46;0;0;0,words,10,-1,27,4.19,0,49.17,false,false,english,,normal,false,false,false,67a9de60c60cdb1842a8bfa8;6936888fdd1047f2055ce204,1782285255000
6a3b835561e093d47b55928e,false,104.76,90.38,123.81,88.57,44;4;1;0,words,10,-1,6,5.04,0,6.59,false,false,english,,normal,false,false,false,67a9de60c60cdb1842a8bfa8;6936888fdd1047f2055ce204,1782285141000
6a3b834461e093d47b5591de,false,124.89,100,124.89,85.71,46;0;0;0,words,10,-1,10,4.42,0,16.18,false,false,english,,normal,false,false,false,67a9de60c60cdb1842a8bfa8;6936888fdd1047f2055ce204,1782285124000
6a3b81ea61e093d47b558577,false,104.23,88,140.85,92.63,37;4;2;0,words,10,-1,13,4.26,0,22.11,false,false,english,,normal,false,false,false,67a9de60c60cdb1842a8bfa8;6936888fdd1047f2055ce204,1782284778000
6a3b81c561e093d47b55840c,false,125.17,94,136.05,92.63,46;2;1;0,words,10,-1,3,4.41,0,8.15,false,false,english,,normal,false,false,false,67a9de60c60cdb1842a8bfa8;6936888fdd1047f2055ce204,1782284741000
6a3b81b561e093d47b55838e,false,106.61,90.2,126.45,87.95,43;4;1;0,words,10,-1,14,4.84,0,24.13,false,false,english,,normal,false,false,false,67a9de60c60cdb1842a8bfa8;6936888fdd1047f2055ce204,1782284725000
6a3b818861e093d47b5581f9,false,114.94,100,114.94,78.09,50;0;0;0,words,10,-1,6,5.22,0,12.12,false,false,english,,normal,false,false,false,67a9de60c60cdb1842a8bfa8;6936888fdd1047f2055ce204,1782284680000
6a3b817161e093d47b55812b,false,107.05,88.46,129.46,83.87,43;4;2;0,words,10,-1,1,4.82,0,1.89,false,false,english,,normal,false,false,false,67a9de60c60cdb1842a8bfa8;6936888fdd1047f2055ce204,1782284657000
6a3b816861e093d47b5580dd,false,127.61,100,127.61,83.63,52;0;0;0,words,10,-1,34,4.89,0,66.92,false,false,english,,normal,false,false,false,67a9de60c60cdb1842a8bfa8;6936888fdd1047f2055ce204,1782284648000
6a3b810161e093d47b557d6f,false,138.13,100,138.13,90.28,48;0;0;0,words,10,-1,5,4.17,0,12.97,false,false,english,,normal,false,false,false,67a9de60c60cdb1842a8bfa8;6936888fdd1047f2055ce204,1782284545000
6a3b80eb61e093d47b557c98,false,101.45,86.67,130.43,91.75,35;6;0;1,words,10,-1,6,4.14,0,7.21,false,false,english,,normal,false,false,false,67a9de60c60cdb1842a8bfa8;6936888fdd1047f2055ce204,1782284523000
6a3b80dc61e093d47b557bfc,false,101.1,87.04,112.09,81.45,46;3;1;0,words,10,-1,7,5.46,0,7.76,false,false,english,,normal,false,false,false,67a9de60c60cdb1842a8bfa8;6936888fdd1047f2055ce204,1782284508000
6a3b80c961e093d47b557b55,false,115.34,96.15,127.61,90.2,47;2;0;0,words,10,-1,2,4.89,0,2.2,false,false,english,,normal,false,false,false,67a9de60c60cdb1842a8bfa8;6936888fdd1047f2055ce204,1782284489000
6a3b80bf61e093d47b557af9,false,127.12,100,127.12,88.35,50;0;0;0,words,10,-1,0,4.72,0,0,false,false,english,,normal,false,false,false,67a9de60c60cdb1842a8bfa8;6936888fdd1047f2055ce204,1782284479000
6a3b809b61e093d47b55799f,false,133.33,100,133.33,89.87,54;0;0;0,words,10,-1,1,4.86,0,2.5,false,false,english,,normal,false,false,false,67a9de60c60cdb1842a8bfa8;6936888fdd1047f2055ce204,1782284443000
6a3b809261e093d47b55794a,false,108.47,94.44,122.03,90.39,48;2;1;0,words,10,-1,4,5.31,0,4.02,false,false,english,,normal,false,false,false,67a9de60c60cdb1842a8bfa8;6936888fdd1047f2055ce204,1782284434000
6a3b808461e093d47b5578d3,false,131,100,131,91.87,50;0;0;0,words,10,-1,1,4.58,0,4.47,false,false,english,,normal,false,false,false,67a9de60c60cdb1842a8bfa8;6936888fdd1047f2055ce204,1782284420000
6a3b807961e093d47b55786b,false,128.03,100,128.03,92.79,51;0;0;0,words,10,-1,5,4.78,0,9.37,false,false,english,,normal,false,false,false,67a9de60c60cdb1842a8bfa8;6936888fdd1047f2055ce204,1782284409000
6a3b806361e093d47b5577a6,false,133.33,100,133.33,93.57,45;0;0;0,words,10,-1,0,4.05,0,0,false,false,english,,normal,false,false,false,67a9de60c60cdb1842a8bfa8;6936888fdd1047f2055ce204,1782284387000
6a3b805e61e093d47b557774,false,106.45,91.84,118.55,81.75,44;4;0;1,words,10,-1,10,4.96,0,21.69,false,false,english,,normal,false,false,false,67a9de60c60cdb1842a8bfa8;6936888fdd1047f2055ce204,1782284382000
6a3b803b61e093d47b557644,false,127.78,100,127.78,80.37,46;0;0;0,words,10,-1,0,4.32,0,0,false,false,english,,normal,false,false,false,67a9de60c60cdb1842a8bfa8;6936888fdd1047f2055ce204,1782284347000
6a3b802f61e093d47b5575e6,false,135.85,100,135.85,90.28,48;0;0;0,words,10,-1,3,4.24,0,5.2,false,false,english,,normal,false,false,false,67a9de60c60cdb1842a8bfa8;6936888fdd1047f2055ce204,1782284335000
6a3b7ff661e093d47b5573d3,false,123.62,95.56,135.68,96.33,41;2;0;0,words,10,-1,3,3.98,0,3.63,false,false,english,,normal,false,false,false,67a9de60c60cdb1842a8bfa8;6936888fdd1047f2055ce204,1782284278000
6a3b7fd661e093d47b5572b4,false,138.46,100,138.46,86.96,51;0;0;0,words,10,-1,2,4.42,0,2.88,false,false,english,,normal,false,false,false,67a9de60c60cdb1842a8bfa8;6936888fdd1047f2055ce204,1782284246000
6a3b7fca61e093d47b557249,false,102.86,91.84,129.23,89.2,39;3;1;1,words,10,-1,1,4.55,0,4.18,false,false,english,,normal,false,false,false,67a9de60c60cdb1842a8bfa8;6936888fdd1047f2055ce204,1782284234000
6a3b7fab61e093d47b557126,false,114.97,90.91,131.74,79.75,48;5;0;1,words,10,-1,1,5.01,0,0.51,false,false,english,,normal,false,false,false,67a9de60c60cdb1842a8bfa8;6936888fdd1047f2055ce204,1782284203000
6a3b7fa261e093d47b5570d7,false,120,96,130.43,82.97,46;2;0;0,words,10,-1,4,4.6,0,5.4,false,false,english,,normal,false,false,false,67a9de60c60cdb1842a8bfa8;6936888fdd1047f2055ce204,1782284194000
6a3b7f9461e093d47b557053,false,112.37,100,112.37,88.26,53;0;0;0,words,10,-1,18,5.66,0,28.35,false,false,english,,normal,false,false,false,67a9de60c60cdb1842a8bfa8;6936888fdd1047f2055ce204,1782284180000
6a3b7f5e61e093d47b556e60,false,108.84,93.75,133.95,86.24,39;3;0;1,words,10,-1,0,4.3,0,0,false,false,english,,normal,false,false,false,67a9de60c60cdb1842a8bfa8;6936888fdd1047f2055ce204,1782284126000
6a3b7f5861e093d47b556e24,false,107.1,96.15,126.57,90.77,44;2;0;1,words,10,-1,0,4.93,0,0,false,false,english,,normal,false,false,false,67a9de60c60cdb1842a8bfa8;6936888fdd1047f2055ce204,1782284120000
6a3b7f5261e093d47b556df5,false,100,80.77,133.33,93.72,39;9;1;1,words,10,-1,3,4.68,0,8.7,false,false,english,,normal,false,false,false,67a9de60c60cdb1842a8bfa8;6936888fdd1047f2055ce204,1782284114000
6a3b7f2961e093d47b556ca0,false,98.94,77.78,140.43,94.06,31;8;1;3,words,10,-1,1,3.76,0,0.91,false,false,english,,normal,false,false,false,67a9de60c60cdb1842a8bfa8;6936888fdd1047f2055ce204,1782284073000
6a3b7f2361e093d47b556c6a,false,104.73,94.55,120,80.33,48;2;1;0,words,10,-1,7,5.5,0,9.51,false,false,english,,normal,false,false,false,67a9de60c60cdb1842a8bfa8;6936888fdd1047f2055ce204,1782284067000
6a3b7f0b61e093d47b556b7f,false,107.05,93.88,121.99,85.59,43;2;1;0,words,10,-1,9,4.82,0,19.53,false,false,english,,normal,false,false,false,67a9de60c60cdb1842a8bfa8;6936888fdd1047f2055ce204,1782284043000
6a3b7eec61e093d47b556a51,false,109.5,92.86,125.14,88.46,49;3;1;0,words,10,-1,1,5.37,0,2.41,false,false,english,,normal,false,false,false,67a9de60c60cdb1842a8bfa8;6936888fdd1047f2055ce204,1782284012000
6a3b7ee361e093d47b556a01,false,109.73,94,116.73,76.38,47;2;1;0,words,10,-1,6,5.14,0,9.48,false,false,english,,normal,false,false,false,67a9de60c60cdb1842a8bfa8;6936888fdd1047f2055ce204,1782284003000
6a3b7ece61e093d47b556936,false,122.94,92.31,138.98,88.45,46;3;1;0,words,10,-1,3,4.49,0,5.19,false,false,english,,normal,false,false,false,67a9de60c60cdb1842a8bfa8;6936888fdd1047f2055ce204,1782283982000
6a3b7ebe61e093d47b5568ae,false,113.57,96.36,113.57,68.53,53;0;0;0,words,10,-1,7,5.6,0,8.17,false,false,english,,normal,false,false,false,67a9de60c60cdb1842a8bfa8;6936888fdd1047f2055ce204,1782283966000
6a3b7ea861e093d47b5567f7,false,117.65,94.23,135.95,91.44,45;2;1;0,words,10,-1,3,4.59,0,5.16,false,false,english,,normal,false,false,false,67a9de60c60cdb1842a8bfa8;6936888fdd1047f2055ce204,1782283944000
6a3b7e9b61e093d47b556783,false,104.44,94.55,117.23,81.85,49;2;1;0,words,10,-1,6,5.63,0,11.14,false,false,english,,normal,false,false,false,67a9de60c60cdb1842a8bfa8;6936888fdd1047f2055ce204,1782283931000
6a3b7e7061e093d47b556621,false,127.6,100,127.6,82.14,47;0;0;0,words,10,-1,2,4.42,0,3.44,false,false,english,,normal,false,false,false,67a9de60c60cdb1842a8bfa8;6936888fdd1047f2055ce204,1782283888000
6a3b7e6461e093d47b5565b0,false,111.01,93.75,126.87,74.97,42;2;1;0,words,10,-1,1,4.54,0,0.93,false,false,english,,normal,false,false,false,67a9de60c60cdb1842a8bfa8;6936888fdd1047f2055ce204,1782283876000
6a3b7e5961e093d47b556548,false,110.09,96.77,110.09,57.92,60;0;0;0,words,10,-1,0,6.54,0,0,false,false,english,,normal,false,false,false,67a9de60c60cdb1842a8bfa8;6936888fdd1047f2055ce204,1782283865000
6a3b7e5161e093d47b5564fe,false,93.98,83.02,127.71,92.3,39;7;2;0,words,10,-1,3,4.98,0,5.29,false,false,english,,normal,false,false,false,67a9de60c60cdb1842a8bfa8;6936888fdd1047f2055ce204,1782283857000
6a3b7e3761e093d47b55640e,false,126.04,100,126.04,89.97,48;0;0;0,words,10,-1,5,4.57,0,3.7,false,false,english,,master,false,false,false,,1782283831000
6a3ae29261e093d47b516e1d,false,119.03,100,119.03,93.4,49;0;0;0,words,10,-1,10,4.94,0,15.84,false,false,english,,master,false,false,false,,1782243986000
6a3ae26d61e093d47b516ce4,false,123.08,100,123.08,84.63,48;0;0;0,words,10,-1,11,4.68,0,21.33,false,false,english,,master,false,false,false,,1782243949000
6a3ae24061e093d47b516b81,false,117.6,100,117.6,80.9,54;0;0;0,words,10,-1,1,5.51,0,4.82,false,false,english,,master,false,false,false,,1782243904000
6a3ae23261e093d47b516b1c,false,114.84,100,114.84,81.45,49;0;0;0,words,10,-1,4,5.12,0,6.81,false,false,english,,master,false,false,false,,1782243890000
6a3ae21e61e093d47b516a74,false,119.08,100,119.08,93.68,52;0;0;0,words,10,-1,6,5.24,0,8.71,false,false,english,,master,false,false,false,,1782243870000
6a3ae20461e093d47b51699a,false,101.27,100,101.27,73.99,40;0;0;0,words,10,-1,5,4.74,0,14.51,false,false,english,,master,false,false,false,,1782243844000
6a3ae1e661e093d47b5168ac,false,120.46,100,120.46,92.36,52;0;0;0,words,10,-1,4,5.18,0,6.48,false,false,english,,master,false,false,false,,1782243814000
6a3ae1b161e093d47b51671c,true,130.86,100,130.86,93.91,53;0;0;0,words,10,-1,4,4.86,0,10.63,false,false,english,,master,false,false,false,66f0476a66c51bbe14fbe34c;693b17813540add646bcb3ef,1782243761000
6a3ae18961e093d47b5165f9,false,101.05,100,101.05,82.15,56;0;0;0,words,10,-1,21,6.65,0,43.42,false,false,english,,expert,false,false,false,,1782243721000
6a3ae13d61e093d47b5163e3,false,90.79,96,98.68,74.11,46;2;0;0,words,10,-1,0,6.08,0,0,false,false,english,,expert,false,false,false,,1782243645000
6a3ae13561e093d47b51639e,false,114.4,100,114.4,68.48,47;0;0;0,words,10,-1,5,4.93,0,6.76,false,false,english,,expert,false,false,false,,1782243637000
6a3ae12361e093d47b516304,false,81.9,94,91.43,75.1,43;2;0;0,words,10,-1,0,6.3,0,0,false,false,english,,expert,false,false,false,,1782243619000
6a3ae11361e093d47b516277,false,110.99,100,110.99,84.03,53;0;0;0,words,10,-1,2,5.73,0,5.89,false,false,english,,expert,false,false,false,,1782243603000
6a3ae10061e093d47b5161e0,false,82.57,95.74,82.57,55.86,45;0;0;0,words,10,-1,5,6.54,0,11.39,false,false,english,,expert,false,false,false,,1782243584000
6a3ae0c461e093d47b516024,false,107.02,96.15,111.4,76.73,122;3;0;0,words,25,-1,2,13.68,0,3.07,false,false,english,,normal,false,false,false,,1782243524000
6a3ae0b061e093d47b515f9d,false,80.17,83.61,105.17,87.68,93;15;5;0,words,25,-1,29,13.92,0,105.58,false,false,english,,normal,false,false,false,,1782243504000
6a3ae01461e093d47b515b0b,false,74.31,84.35,97.92,64.68,107;12;6;0,words,25,-1,9,17.28,0,24.98,false,false,english,,normal,false,false,false,,1782243348000
6a3adfdf61e093d47b5159b4,false,94.15,91.18,108.51,80.63,118;10;2;1,words,25,-1,0,15.04,0,0,false,false,english,,normal,false,false,false,,1782243295000
6a3adfc061e093d47b5158e2,false,119.53,100,119.53,86.46,51;0;0;0,words,10,-1,0,5.12,0,0,false,false,english,,normal,false,false,false,,1782243264000
6a3adfba61e093d47b5158ab,false,90.94,87.93,114.66,80.07,46;6;1;0,words,10,-1,0,6.07,0,0,false,false,english,,normal,false,false,false,,1782243258000
6a3a164a61e093d47b49b0a2,false,101.38,100,101.38,90.87,43;0;0;0,words,10,-1,1,5.09,0,5.93,false,false,english,,normal,false,false,false,6a34f2b2b7b5429521db59a8,1782191690000
6a396d9f61e093d47b452684,false,99.47,88.33,126.98,91.33,47;5;2;0,words,10,-1,17,5.67,0,23.01,false,false,english,,normal,false,false,false,,1782148511000
6a396d7461e093d47b45250c,false,114.56,88.46,148.93,96.47,40;5;1;0,words,10,-1,1,4.19,0,1.31,false,false,english,,normal,false,false,false,,1782148468000
6a396d6861e093d47b452494,false,128.93,100,128.93,90.93,52;0;0;0,words,10,-1,5,4.84,0,7.74,false,false,english,,normal,false,false,false,,1782148456000
6a396d4761e093d47b452383,false,130.91,100,130.91,94.01,54;0;0;0,words,10,-1,1,4.95,0,0.68,false,false,english,,normal,false,false,false,,1782148423000
6a396d3f61e093d47b452345,false,97.1,88,124.48,89.91,39;4;2;0,words,10,-1,1,4.82,0,6.47,false,false,english,,normal,false,false,false,,1782148415000
6a3921a861e093d47b41e96b,false,76.68,88.24,95.85,70.88,40;4;1;2,words,10,-1,2,6.26,0,3.12,false,false,english,,normal,false,false,false,6a34f2b2b7b5429521db59a8,1782129064000
6a39219b61e093d47b41e8ea,false,97.67,93.1,113.62,78.3,49;2;1;0,words,10,-1,2,6.02,0,4.96,false,false,english,,normal,false,false,false,6a34f2b2b7b5429521db59a8,1782129051000
6a39218e61e093d47b41e87a,false,77.78,86.44,85.71,64.98,49;2;1;0,words,10,-1,4,7.56,0,6.95,false,false,english,,normal,false,false,false,6a34f2b2b7b5429521db59a8,1782129038000
6a39200161e093d47b41d864,false,95.14,91.91,108.73,81.41,119;9;2;1,time,15,-1,0,15.01,0,0,false,false,english,,normal,false,false,false,6a34f2b2b7b5429521db59a8,1782128641000
6a38011761e093d47b39afec,false,98.33,94.07,107.93,79.31,123;6;2;0,time,15,-1,4,15.01,0,22.26,false,false,english,,normal,false,false,false,66f0476a66c51bbe14fbe34c;693b17813540add646bcb3ef,1782055191000
6a3800ed61e093d47b39ae8d,false,76.75,76.76,113.52,61.28,96;26;7;4,time,15,-1,4,15.01,0,10.73,false,false,english,,normal,false,false,false,66f0476a66c51bbe14fbe34c;693b17813540add646bcb3ef,1782055149000
6a37eff261e093d47b3915b4,false,75.1,91.96,87.08,69.13,94;5;2;0,time,15,-1,7,15.02,0,22.14,false,false,english,,normal,false,false,false,66f0476a66c51bbe14fbe34c;693b17813540add646bcb3ef,1782050802000
6a37efae61e093d47b391367,false,92.74,95.97,99.13,71.9,116;3;2;0,time,15,-1,3,15.01,0,14.57,false,false,english,,normal,false,false,false,66f0476a66c51bbe14fbe34c;693b17813540add646bcb3ef,1782050734000
6a37ef7561e093d47b391128,false,115.59,100,115.59,80.49,55;0;0;0,words,10,-1,18,5.71,0,42.06,false,false,english,,normal,false,false,false,66f0476a66c51bbe14fbe34c;693b17813540add646bcb3ef,1782050677000
6a37dca661e093d47b3873e2,false,100.43,85.71,126.18,90.18,39;6;1;0,words,10,-1,1,4.66,0,2.48,false,false,english,,normal,false,false,false,66f0476a66c51bbe14fbe34c;693b17813540add646bcb3ef,1782045862000
6a37dc9d61e093d47b387397,false,115.11,95.56,129.5,84.75,40;1;1;0,words,10,-1,1,4.17,0,2.34,false,false,english,,normal,false,false,false,66f0476a66c51bbe14fbe34c;693b17813540add646bcb3ef,1782045853000
6a37dc9561e093d47b387352,false,101.96,95.45,115.03,83.69,39;1;1;0,words,10,-1,0,4.59,0,0,false,false,english,,normal,false,false,false,66f0476a66c51bbe14fbe34c;693b17813540add646bcb3ef,1782045845000
6a37dc8f61e093d47b387319,false,103.23,93.55,110.6,86.46,56;2;0;0,words,10,-1,6,6.51,0,14.84,false,false,english,,normal,false,false,false,66f0476a66c51bbe14fbe34c;693b17813540add646bcb3ef,1782045839000
6a37dc7261e093d47b387252,false,124.59,100,124.59,83.27,57;0;0;0,words,10,-1,0,5.49,0,0,false,false,english,,normal,false,false,false,66f0476a66c51bbe14fbe34c;693b17813540add646bcb3ef,1782045810000
6a37dc6b61e093d47b387215,false,126.17,100,126.17,87.33,45;0;0;0,words,10,-1,7,4.28,0,9.21,false,false,english,,normal,false,false,false,66f0476a66c51bbe14fbe34c;693b17813540add646bcb3ef,1782045803000
6a37dc5561e093d47b387150,false,69.53,91.35,78.91,74.51,89;4;2;0,quote,6855,0,0,15.36,0,0,false,false,english,,normal,false,false,false,66f0476a66c51bbe14fbe34c;693b17813540add646bcb3ef,1782045781000
6a37dc4461e093d47b3870c6,false,73.77,95.79,73.77,56.09,90;0;0;0,quote,1289,0,1,14.64,0,1.08,false,false,english,,normal,false,false,false,66f0476a66c51bbe14fbe34c;693b17813540add646bcb3ef,1782045764000
6a37dc3161e093d47b387004,false,81.8,95.92,81.8,67.72,94;0;0;0,quote,5648,0,0,13.79,0,0,false,false,english,,normal,false,false,false,66f0476a66c51bbe14fbe34c;693b17813540add646bcb3ef,1782045745000
6a37dba561e093d47b386b75,false,102.99,96,111.94,75.66,46;2;0;0,words,10,-1,7,5.36,0,16.14,false,false,english,,normal,false,false,false,66f0476a66c51bbe14fbe34c;693b17813540add646bcb3ef,1782045605000
6a37db8861e093d47b386a8b,false,97.56,90.57,129.27,92.7,40;4;1;0,words,10,-1,1,4.92,0,1.79,false,false,english,,normal,false,false,false,66f0476a66c51bbe14fbe34c;693b17813540add646bcb3ef,1782045576000
6a37db7f61e093d47b386a3a,false,96.81,92.73,110.92,82.98,48;3;1;0,words,10,-1,4,5.95,0,5.22,false,false,english,,normal,false,false,false,66f0476a66c51bbe14fbe34c;693b17813540add646bcb3ef,1782045567000
6a37db5a61e093d47b386905,false,117.34,100,117.34,84.08,53;0;0;0,words,10,-1,12,5.42,0,18.55,false,false,english,,normal,false,false,false,66f0476a66c51bbe14fbe34c;693b17813540add646bcb3ef,1782045530000
6a37db3861e093d47b3867e2,false,102.72,97.92,112.06,91.87,44;1;0;0,words,10,-1,1,5.14,0,0.76,false,false,english,,normal,false,false,false,66f0476a66c51bbe14fbe34c;693b17813540add646bcb3ef,1782045496000
6a37db3161e093d47b3867a5,false,96.77,87.93,124.73,87.72,45;6;1;0,words,10,-1,20,5.58,0,42.07,false,false,english,,normal,false,false,false,66f0476a66c51bbe14fbe34c;693b17813540add646bcb3ef,1782045489000
6a37daf061e093d47b3865c2,false,135.63,100,135.63,87.14,46;0;0;0,words,10,-1,15,4.07,0,28.42,false,false,english,,normal,false,false,false,66f0476a66c51bbe14fbe34c;693b17813540add646bcb3ef,1782045424000
6a37dac261e093d47b38644e,false,111.07,94.12,123.14,89.09,46;2;1;0,words,10,-1,8,4.97,0,9.69,false,false,english,,normal,false,false,false,66f0476a66c51bbe14fbe34c;693b17813540add646bcb3ef,1782045378000
6a37daad61e093d47b386391,false,100.2,95.92,116.9,82.71,42;1;1;0,words,10,-1,0,5.03,0,0,false,false,english,,normal,false,false,false,66f0476a66c51bbe14fbe34c;693b17813540add646bcb3ef,1782045357000
6a37daa661e093d47b38636b,false,125.42,93.88,139.67,86.85,44;2;1;0,words,10,-1,2,4.21,0,2.75,false,false,english,,normal,false,false,false,66f0476a66c51bbe14fbe34c;693b17813540add646bcb3ef,1782045350000
6a37da9d61e093d47b38631e,false,115.97,96.15,131.09,86.95,46;2;0;0,words,10,-1,3,4.76,0,4.18,false,false,english,,normal,false,false,false,66f0476a66c51bbe14fbe34c;693b17813540add646bcb3ef,1782045341000
6a37da9061e093d47b3862c1,false,120.46,100,120.46,89.05,52;0;0;0,words,10,-1,0,5.18,0,0,false,false,english,,normal,false,false,false,66f0476a66c51bbe14fbe34c;693b17813540add646bcb3ef,1782045328000
6a37da8a61e093d47b386287,false,128.18,100,128.18,89.86,47;0;0;0,words,10,-1,6,4.4,0,11.08,false,false,english,,normal,false,false,false,66f0476a66c51bbe14fbe34c;693b17813540add646bcb3ef,1782045322000
6a37da7461e093d47b3861d3,false,130.12,100,130.12,95.97,45;0;0;0,words,10,-1,0,4.15,0,0,false,false,english,,normal,false,false,false,66f0476a66c51bbe14fbe34c;693b17813540add646bcb3ef,1782045300000
6a37da6661e093d47b386161,false,110.56,92.59,124.38,83.27,48;4;0;0,words,10,-1,1,5.21,0,3.76,false,false,english,,normal,false,false,false,66f0476a66c51bbe14fbe34c;693b17813540add646bcb3ef,1782045286000
6a37da5b61e093d47b386108,false,105.73,91.49,124.23,77.2,40;3;1;0,words,10,-1,0,4.54,0,0,false,false,english,,normal,false,false,false,66f0476a66c51bbe14fbe34c;693b17813540add646bcb3ef,1782045275000
6a37da5561e093d47b3860e3,false,126.71,100,126.71,82.41,51;0;0;0,words,10,-1,5,4.83,0,8.82,false,false,english,,normal,false,false,false,66f0476a66c51bbe14fbe34c;693b17813540add646bcb3ef,1782045269000
6a37da4361e093d47b386049,false,105.22,96.15,116.42,76.12,47;2;0;0,words,10,-1,10,5.36,0,11.61,false,false,english,,normal,false,false,false,66f0476a66c51bbe14fbe34c;693b17813540add646bcb3ef,1782045251000
6a37da2861e093d47b385f71,false,133.04,100,133.04,89.88,51;0;0;0,words,10,-1,1,4.6,0,3.85,false,false,english,,normal,false,false,false,66f0476a66c51bbe14fbe34c;693b17813540add646bcb3ef,1782045224000
6a37da1e61e093d47b385f2a,false,98.8,91.67,115.66,94.42,41;3;1;0,words,10,-1,2,4.98,0,1.42,false,false,english,,normal,false,false,false,66f0476a66c51bbe14fbe34c;693b17813540add646bcb3ef,1782045214000
6a37da1561e093d47b385eee,false,94.27,87.76,124.84,83.08,37;5;1;0,words,10,-1,1,4.71,0,1.11,false,false,english,,normal,false,false,false,66f0476a66c51bbe14fbe34c;693b17813540add646bcb3ef,1782045205000
6a37d9fe61e093d47b385e38,false,141.35,100,141.35,90.34,47;0;0;0,words,10,-1,1,3.99,0,3.25,false,false,english,,normal,false,false,false,66f0476a66c51bbe14fbe34c;693b17813540add646bcb3ef,1782045182000
6a37d9f461e093d47b385de1,false,115.07,100,115.07,90.95,56;0;0;0,words,10,-1,8,5.84,0,13.26,false,false,english,,normal,false,false,false,66f0476a66c51bbe14fbe34c;693b17813540add646bcb3ef,1782045172000
6a37d9d961e093d47b385ce4,false,95.4,87.76,123.01,79.06,38;5;1;0,words,10,-1,0,4.78,0,0,false,false,english,,normal,false,false,false,66f0476a66c51bbe14fbe34c;693b17813540add646bcb3ef,1782045145000
6a37d9d261e093d47b385ca8,false,105.26,93.88,114.62,81.45,45;2;1;0,words,10,-1,3,5.13,0,8.64,false,false,english,,normal,false,false,false,66f0476a66c51bbe14fbe34c;693b17813540add646bcb3ef,1782045138000
6a37d9c061e093d47b385c1b,false,132.47,98.11,135.06,88.44,51;0;0;3,words,10,-1,3,4.62,0,9.06,false,false,english,,normal,false,false,false,66f0476a66c51bbe14fbe34c;693b17813540add646bcb3ef,1782045120000
6a37d9a461e093d47b385b2e,false,114.4,96.43,130.74,94.25,49;2;0;0,words,10,-1,10,5.14,0,19.72,false,false,english,,normal,false,false,false,66f0476a66c51bbe14fbe34c;693b17813540add646bcb3ef,1782045092000
6a37d98361e093d47b385a19,false,112.94,92.31,122.35,90.39,48;3;1;0,words,10,-1,2,5.1,0,3.49,false,false,english,,normal,false,false,false,66f0476a66c51bbe14fbe34c;693b17813540add646bcb3ef,1782045059000
6a37d97861e093d47b3859b6,false,114.63,96,121.95,81.9,47;1;1;0,words,10,-1,5,4.92,0,13.51,false,false,english,,normal,false,false,false,66f0476a66c51bbe14fbe34c;693b17813540add646bcb3ef,1782045048000
6a37d96161e093d47b38590a,false,101.55,92.86,116.06,75.36,49;4;0;1,words,10,-1,3,5.79,0,3.99,false,false,english,,normal,false,false,false,66f0476a66c51bbe14fbe34c;693b17813540add646bcb3ef,1782045025000
6a37d95361e093d47b3858a3,false,129.59,100,129.59,89.58,50;0;0;0,words,10,-1,5,4.63,0,12.36,false,false,english,,normal,false,false,false,66f0476a66c51bbe14fbe34c;693b17813540add646bcb3ef,1782045011000
6a37d93d61e093d47b385806,false,113.68,89.58,151.58,84.94,36;3;2;0,words,10,-1,2,3.8,0,2.31,false,false,english,,normal,false,false,false,66f0476a66c51bbe14fbe34c;693b17813540add646bcb3ef,1782044989000
6a37d93461e093d47b3857ae,false,104.58,90.57,138.56,85.1,40;4;1;0,words,10,-1,0,4.59,0,0,false,false,english,,normal,false,false,false,66f0476a66c51bbe14fbe34c;693b17813540add646bcb3ef,1782044980000
6a37d92c61e093d47b38577b,false,134.63,100,134.63,90.31,46;0;0;0,words,10,-1,1,4.1,0,3.59,false,false,english,,normal,false,false,false,66f0476a66c51bbe14fbe34c;693b17813540add646bcb3ef,1782044972000
6a37d92361e093d47b385747,false,101.78,92.45,125.44,86.99,43;3;1;0,words,10,-1,6,5.07,0,9.68,false,false,english,,normal,false,false,false,66f0476a66c51bbe14fbe34c;693b17813540add646bcb3ef,1782044963000
6a37d90e61e093d47b385694,false,118.18,95.56,136.36,93.98,39;2;0;0,words,10,-1,0,3.96,0,0,false,false,english,,normal,false,false,false,66f0476a66c51bbe14fbe34c;693b17813540add646bcb3ef,1782044942000
6a37d90661e093d47b385645,false,118.18,100,118.18,86.46,52;0;0;0,words,10,-1,1,5.28,0,0.96,false,false,english,,normal,false,false,false,66f0476a66c51bbe14fbe34c;693b17813540add646bcb3ef,1782044934000
6a37d8fd61e093d47b38560b,false,107.32,96.08,124.39,81.53,44;2;0;0,words,10,-1,5,4.92,0,8.48,false,false,english,,normal,false,false,false,66f0476a66c51bbe14fbe34c;693b17813540add646bcb3ef,1782044925000
6a37d8eb61e093d47b38557a,false,95.15,94.23,95.15,51.41,49;0;0;0,words,10,-1,1,6.18,0,0.84,false,false,english,,normal,false,false,false,66f0476a66c51bbe14fbe34c;693b17813540add646bcb3ef,1782044907000
6a37d8e261e093d47b38552e,false,107.23,88.46,132.77,87.01,42;4;2;0,words,10,-1,2,4.7,0,7.57,false,false,english,,normal,false,false,false,66f0476a66c51bbe14fbe34c;693b17813540add646bcb3ef,1782044898000
6a37d8d261e093d47b3854ac,false,120,93.62,134.29,85.63,42;2;1;0,words,10,-1,2,4.2,0,1.94,false,false,english,,normal,false,false,false,66f0476a66c51bbe14fbe34c;693b17813540add646bcb3ef,1782044882000
6a37d8c961e093d47b38546d,false,106.83,92,124.22,85.46,43;3;1;0,words,10,-1,0,4.83,0,0,false,false,english,,normal,false,false,false,66f0476a66c51bbe14fbe34c;693b17813540add646bcb3ef,1782044873000
6a37d8c061e093d47b38542b,false,117.95,94.12,130.77,87.38,46;2;1;0,words,10,-1,21,4.68,0,41.05,false,false,english,,normal,false,false,false,66f0476a66c51bbe14fbe34c;693b17813540add646bcb3ef,1782044864000
6a37d87f61e093d47b385247,false,129.36,100,129.36,95.97,47;0;0;0,words,10,-1,0,4.36,0,0,false,false,english,,normal,false,false,false,66f0476a66c51bbe14fbe34c;693b17813540add646bcb3ef,1782044799000
6a37d87961e093d47b385219,false,113.83,100,113.83,94.79,48;0;0;0,words,10,-1,0,5.06,0,0,false,false,english,,normal,false,false,false,66f0476a66c51bbe14fbe34c;693b17813540add646bcb3ef,1782044793000
6a37d87361e093d47b3851ed,false,109.6,90,140.52,92.63,39;4;1;0,words,10,-1,7,4.27,0,14.74,false,false,english,,normal,false,false,false,66f0476a66c51bbe14fbe34c;693b17813540add646bcb3ef,1782044787000
6a37d85a61e093d47b385122,false,106.62,88.52,127.53,89.49,51;6;1;0,words,10,-1,0,5.74,0,0,false,false,english,,normal,false,false,false,66f0476a66c51bbe14fbe34c;693b17813540add646bcb3ef,1782044762000
6a37d85261e093d47b3850f5,false,111.08,98.55,111.08,77.07,66;0;0;0,words,10,-1,0,7.13,0,0,false,false,english,,normal,false,false,false,66f0476a66c51bbe14fbe34c;693b17813540add646bcb3ef,1782044754000
6a37d84a61e093d47b3850c2,false,98.36,88.68,130.33,87.6,40;5;1;1,words,10,-1,11,4.88,0,23.63,false,false,english,,normal,false,false,false,66f0476a66c51bbe14fbe34c;693b17813540add646bcb3ef,1782044746000
6a37d82561e093d47b384fb6,false,99.84,96.49,111.58,90.21,51;2;0;0,words,10,-1,0,6.13,0,0,false,false,english,,normal,false,false,false,66f0476a66c51bbe14fbe34c;693b17813540add646bcb3ef,1782044709000
6a37d81d61e093d47b384f7d,false,105.58,94.74,115.74,84.26,52;2;1;0,words,10,-1,5,5.91,0,10.98,false,false,english,,normal,false,false,false,66f0476a66c51bbe14fbe34c;693b17813540add646bcb3ef,1782044701000
6a37d80761e093d47b384edd,false,121.58,100,121.58,83.27,54;0;0;0,words,10,-1,5,5.33,0,10.08,false,false,english,,normal,false,false,false,66f0476a66c51bbe14fbe34c;693b17813540add646bcb3ef,1782044679000
6a37d7f261e093d47b384e45,false,127.06,93.88,138.35,90.28,45;2;1;0,words,10,-1,5,4.25,0,11.94,false,false,english,,normal,false,false,false,66f0476a66c51bbe14fbe34c;693b17813540add646bcb3ef,1782044658000
6a37d7da61e093d47b384d91,false,100,80,136.36,87.04,33;7;2;0,words,10,-1,0,3.96,0,0,false,false,english,,normal,false,false,false,66f0476a66c51bbe14fbe34c;693b17813540add646bcb3ef,1782044634000
6a37d7d561e093d47b384d79,false,122.25,100,122.25,85.48,49;0;0;0,words,10,-1,4,4.81,0,6.63,false,false,english,,normal,false,false,false,66f0476a66c51bbe14fbe34c;693b17813540add646bcb3ef,1782044629000
6a37d7ba61e093d47b384cb1,false,136.49,100,136.49,92.63,48;0;0;0,words,10,-1,0,4.22,0,0,false,false,english,,normal,false,false,false,66f0476a66c51bbe14fbe34c;693b17813540add646bcb3ef,1782044602000
6a37d7b561e093d47b384c8d,false,87.32,77.78,134.72,87.82,35;10;2;1,words,10,-1,12,4.81,0,28.83,false,false,english,,normal,false,false,false,66f0476a66c51bbe14fbe34c;693b17813540add646bcb3ef,1782044597000
6a37d78a61e093d47b384b74,false,113.94,90.74,130.91,90.56,47;4;1;0,words,10,-1,0,4.95,0,0,false,false,english,,normal,false,false,false,66f0476a66c51bbe14fbe34c;693b17813540add646bcb3ef,1782044554000
6a37d77d61e093d47b384b10,false,85.58,97.92,85.58,39.05,47;0;0;0,words,10,-1,1,6.59,1,2.58,false,false,english,,normal,false,false,false,66f0476a66c51bbe14fbe34c;693b17813540add646bcb3ef,1782044541000
6a37d77161e093d47b384ac6,false,105.74,97.96,120.49,82.94,43;1;0;1,words,10,-1,6,4.88,0,12.39,false,false,english,,normal,false,false,false,66f0476a66c51bbe14fbe34c;693b17813540add646bcb3ef,1782044529000
6a37d75a61e093d47b384a2a,false,132.69,100,132.69,90.31,46;0;0;0,words,10,-1,0,4.16,0,0,false,false,english,,normal,false,false,false,66f0476a66c51bbe14fbe34c;693b17813540add646bcb3ef,1782044506000
6a37d75461e093d47b384a04,false,118.99,94.23,131.65,80.18,47;2;1;0,words,10,-1,5,4.74,0,4.65,false,false,english,,normal,false,false,false,66f0476a66c51bbe14fbe34c;693b17813540add646bcb3ef,1782044500000
6a37d74561e093d47b38498f,false,108.87,86.79,131.13,83.28,44;6;1;1,words,10,-1,3,4.85,0,5.9,false,false,english,,normal,false,false,false,66f0476a66c51bbe14fbe34c;693b17813540add646bcb3ef,1782044485000
6a37d73161e093d47b384906,false,124.8,86.96,147.2,92.6,39;5;1;0,words,10,-1,0,3.75,0,0,false,false,english,,normal,false,false,false,66f0476a66c51bbe14fbe34c;693b17813540add646bcb3ef,1782044465000
6a37d72b61e093d47b3848c9,false,118.17,100,118.17,83.74,58;0;0;0,words,10,-1,8,5.89,0,13.05,false,false,english,,normal,false,false,false,66f0476a66c51bbe14fbe34c;693b17813540add646bcb3ef,1782044459000
6a37d71261e093d47b38481d,false,103.17,87.76,133.03,95.24,38;4;2;0,words,10,-1,1,4.42,0,2.98,false,false,english,,normal,false,false,false,66f0476a66c51bbe14fbe34c;693b17813540add646bcb3ef,1782044434000
6a37d70861e093d47b3847d1,false,94.68,83.33,123.5,83.91,46;9;1;1,words,10,-1,2,5.83,0,2.01,false,false,english,,normal,false,false,false,66f0476a66c51bbe14fbe34c;693b17813540add646bcb3ef,1782044424000
6a37d6f761e093d47b384762,false,91.11,81.63,127.55,86.84,35;7;2;1,words,10,-1,0,4.61,0,0,false,false,english,,normal,false,false,false,66f0476a66c51bbe14fbe34c;693b17813540add646bcb3ef,1782044407000
6a37d6f061e093d47b384734,false,119.24,94.23,131.92,91.37,47;2;1;0,words,10,-1,9,4.73,0,17.12,false,false,english,,normal,false,false,false,66f0476a66c51bbe14fbe34c;693b17813540add646bcb3ef,1782044400000
6a37d6d361e093d47b38467c,false,118.08,89.58,131.81,89.35,43;4;1;0,words,10,-1,2,4.37,0,4.75,false,false,english,,normal,false,false,false,66f0476a66c51bbe14fbe34c;693b17813540add646bcb3ef,1782044371000
6a37d6b961e093d47b3845e1,false,82,92.65,82,64.17,520;0;0;0,words,100,-1,9,76.1,0,247.19,false,false,english,,normal,false,false,false,66f0476a66c51bbe14fbe34c;693b17813540add646bcb3ef,1782044345000
6a37d52b61e093d47b383ab9,true,101.75,100,101.75,75.55,58;0;0;0,words,10,-1,9,6.84,0,32.26,false,false,english,,master,false,false,false,66f0476a66c51bbe14fbe34c;693b17813540add646bcb3ef,1782043947000
6a37d4a561e093d47b383711,false,180.77,86.44,253.94,98.7,42;6;2;0,custom,custom,-1,2,2.7881,0,2.99,false,false,english,,normal,false,false,false,66f0476a66c51bbe14fbe34c;693b17813540add646bcb3ef,1782043813000
6a37d49c61e093d47b3836de,false,195.78,94.92,217.95,100,53;2;1;0,custom,custom,-1,1,3.2485,0,1.05,false,false,english,,normal,false,false,false,66f0476a66c51bbe14fbe34c;693b17813540add646bcb3ef,1782043804000
6a37d49761e093d47b3836b1,false,163.74,81.03,231.63,97.3,41;9;2;1,custom,custom,-1,4,3.0048000000000004,0,7.23,false,false,english,,normal,false,false,false,66f0476a66c51bbe14fbe34c;693b17813540add646bcb3ef,1782043799000
6a37d48661e093d47b38363a,false,219.05,100,219.05,95.46,59;0;0;0,custom,custom,-1,3,3.2321,0,5.59,false,false,english,,normal,false,false,false,66f0476a66c51bbe14fbe34c;693b17813540add646bcb3ef,1782043782000
6a37d47a61e093d47b3835e4,false,136.13,76.27,267.72,97.37,30;10;4;0,custom,custom,-1,4,2.6446,0,3.49,false,false,english,,normal,false,false,false,66f0476a66c51bbe14fbe34c;693b17813540add646bcb3ef,1782043770000
6a37d46e61e093d47b383597,false,210.46,91.53,258.69,95.47,48;4;1;0,custom,custom,-1,6,2.7369,0,4.66,false,false,english,,normal,false,false,false,66f0476a66c51bbe14fbe34c;693b17813540add646bcb3ef,1782043758000
6a37d45f61e093d47b383516,false,246.53,94.92,274.44,91.48,53;2;1;0,custom,custom,-1,1,2.5798,0,1.61,false,false,english,,normal,false,false,false,66f0476a66c51bbe14fbe34c;693b17813540add646bcb3ef,1782043743000
6a37d45a61e093d47b3834fe,false,174.99,81.36,286.79,91.67,36;8;3;0,custom,custom,-1,0,2.4686999999999997,0,0,false,false,english,,normal,false,false,false,66f0476a66c51bbe14fbe34c;693b17813540add646bcb3ef,1782043738000
6a37d45661e093d47b3834e3,false,183.77,81.67,268.94,92.34,41;8;3;1,custom,custom,-1,0,2.6772,0,0,false,false,english,,normal,false,false,false,66f0476a66c51bbe14fbe34c;693b17813540add646bcb3ef,1782043734000
6a37d45361e093d47b3834c6,false,201.95,81.03,285.69,97.87,41;9;2;1,custom,custom,-1,1,2.4362,0,1.05,false,false,english,,normal,false,false,false,66f0476a66c51bbe14fbe34c;693b17813540add646bcb3ef,1782043731000
6a37d44d61e093d47b38349a,false,199.76,100,199.76,88.45,59;0;0;0,custom,custom,-1,30,3.5442,0,340.39,false,false,english,,normal,false,false,false,66f0476a66c51bbe14fbe34c;693b17813540add646bcb3ef,1782043725000
6a37d27461e093d47b382780,false,46.8,96.73,46.8,74.77,384;0;0;0,custom,custom,-1,0,98.4526,0,0,false,false,english,nospace,normal,false,false,false,66f0476a66c51bbe14fbe34c;693b17813540add646bcb3ef,1782043252000
6a37d1fc61e093d47b3823fd,false,48.18,97.46,48.68,71.32,380;1;0;0,custom,custom,-1,1,94.65,1,7.04,false,false,english,nospace,normal,false,false,false,66f0476a66c51bbe14fbe34c;693b17813540add646bcb3ef,1782043132000
6a37d16f61e093d47b381fc8,false,44.1,92.09,44.77,71.82,197;1;1;0,custom,custom,-1,0,53.6085,0,0,false,false,english,,normal,false,false,false,66f0476a66c51bbe14fbe34c;693b17813540add646bcb3ef,1782042991000
6a37d12661e093d47b381db4,false,84.74,86.05,101.53,68.57,106;13;3;0,time,15,-1,12,15.01,0,17.3,false,false,english,,normal,false,false,false,66f0476a66c51bbe14fbe34c;693b17813540add646bcb3ef,1782042918000
6a37d0f961e093d47b381c5f,false,94.34,90.14,111.13,76.9,118;9;3;1,time,15,-1,3,15.01,0,2.24,false,false,english,,normal,false,false,false,66f0476a66c51bbe14fbe34c;693b17813540add646bcb3ef,1782042873000
6a37d0e361e093d47b381bad,false,86.4,87.79,103.2,80.63,108;10;4;0,time,15,-1,15,15,0,41.79,false,false,english,,normal,false,false,false,66f0476a66c51bbe14fbe34c;693b17813540add646bcb3ef,1782042851000
6a37d09c61e093d47b38198b,false,93.6,93.18,104,73.37,117;5;2;1,time,15,-1,4,15,0,17.42,false,false,english,,normal,false,false,false,66f0476a66c51bbe14fbe34c;693b17813540add646bcb3ef,1782042780000
6a37d02b61e093d47b3815e3,true,104.5,97.12,106.46,77.6,267;3;0;0,words,50,-1,7,30.66,0,28.92,false,false,english,,normal,false,false,false,66f0476a66c51bbe14fbe34c;693b17813540add646bcb3ef,1782042667000
6a37cfdf61e093d47b3813a1,false,93.35,95.09,95.13,69.39,262;2;1;0,words,50,-1,5,33.68,0,9.35,false,false,english,,normal,false,false,false,66f0476a66c51bbe14fbe34c;693b17813540add646bcb3ef,1782042591000
6a37cf9461e093d47b38116f,false,91.74,94.68,92.48,71.42,496;3;0;0,words,100,-1,5,64.88,0,38.46,false,false,english,,normal,false,false,false,66f0476a66c51bbe14fbe34c;693b17813540add646bcb3ef,1782042516000
6a37cef561e093d47b380ce2,false,88.5,91.85,96.38,70.36,483;15;5;1,words,100,-1,7,65.49,0,17.87,false,false,english,,normal,false,false,false,66f0476a66c51bbe14fbe34c;693b17813540add646bcb3ef,1782042357000
6a37ce9061e093d47b3809f1,false,87.66,92.67,89.48,64.45,530;4;2;0,words,100,-1,0,72.55,0,0,false,false,english,,normal,false,false,false,66f0476a66c51bbe14fbe34c;693b17813540add646bcb3ef,1782042256000
6a37ce3a61e093d47b38074f,false,83.97,89.41,94.47,70.19,472;30;9;1,words,100,-1,4,67.45,0,24.68,false,false,english,,normal,false,false,false,66f0476a66c51bbe14fbe34c;693b17813540add646bcb3ef,1782042170000
6a37cdc461e093d47b380401,false,127.61,100,127.61,90.2,52;0;0;0,words,10,-1,9,4.89,0,12.87,false,false,english,,normal,false,false,false,66f0476a66c51bbe14fbe34c;693b17813540add646bcb3ef,1782042052000
6a37cdaa61e093d47b380359,false,104.68,87.76,122.55,85.67,41;2;3;4,words,10,-1,2,4.7,0,5.26,false,false,english,,normal,false,false,false,66f0476a66c51bbe14fbe34c;693b17813540add646bcb3ef,1782042026000
6a37cd9d61e093d47b3802f2,false,124.68,90.74,140.26,91.52,48;4;1;0,words,10,-1,5,4.62,0,9.36,false,false,english,,normal,false,false,false,66f0476a66c51bbe14fbe34c;693b17813540add646bcb3ef,1782042013000
6a37cd8961e093d47b380272,false,117.02,96.43,128.49,83.55,51;2;0;0,words,10,-1,2,5.23,0,2.39,false,false,english,,normal,false,false,false,66f0476a66c51bbe14fbe34c;693b17813540add646bcb3ef,1782041993000
6a37cd7761e093d47b3801f0,false,119.44,100,119.44,91.84,64;0;0;0,words,10,-1,1,6.43,0,0.65,false,false,english,,normal,false,false,false,66f0476a66c51bbe14fbe34c;693b17813540add646bcb3ef,1782041975000
6a37cd6d61e093d47b3801a1,false,104.85,94.83,112.62,85.27,54;3;0;0,words,10,-1,0,6.18,0,0,false,false,english,,normal,false,false,false,66f0476a66c51bbe14fbe34c;693b17813540add646bcb3ef,1782041965000