_id,isPb,wpm,acc,rawWpm,consistency,charStats,mode,mode2,quoteLength,restartCount,testDuration,afkDuration,incompleteTestSeconds,punctuation,numbers,language,funbox,difficulty,lazyMode,blindMode,bailedOut,tags,timestamp
6a611acaaf23e0758677f232,false,108.7,96.43,119.36,84.98,51;2;0;0,words,10,-1,13,5.63,0,16.41,false,false,english,,normal,false,false,false,66f0476a66c51bbe14fbe34c;693b17813540add646bcb3ef,1784748745869
6a611aa9af23e0758677f149,false,104.25,96.15,115.34,75.19,47;2;0;0,words,10,-1,8,5.41,0,11.78,false,false,english,,normal,false,false,false,66f0476a66c51bbe14fbe34c;693b17813540add646bcb3ef,1784748713268
6a611a91af23e0758677f07f,false,104.55,96,113.64,85.57,46;2;0;1,words,10,-1,9,5.28,0,13.9,false,false,english,,normal,false,false,false,66f0476a66c51bbe14fbe34c;693b17813540add646bcb3ef,1784748688633
6a611a76af23e0758677efb0,false,128.95,100,128.95,87.71,49;0;0;0,words,10,-1,19,4.56,0,23.97,false,false,english,,normal,false,false,false,66f0476a66c51bbe14fbe34c;693b17813540add646bcb3ef,1784748661983
6a611a3daf23e0758677edd2,false,131.51,100,131.51,87.2,56;0;0;0,words,10,-1,15,5.11,0,20.67,false,false,english,,normal,false,false,false,66f0476a66c51bbe14fbe34c;693b17813540add646bcb3ef,1784748604930
6a611a16af23e0758677eca6,false,112.57,96,119.76,92.36,47;2;1;0,words,10,-1,0,5.01,0,0,false,false,english,,normal,false,false,false,66f0476a66c51bbe14fbe34c;693b17813540add646bcb3ef,1784748566678
6a611a10af23e0758677ec81,false,116.5,100,116.5,88.56,60;0;0;0,words,10,-1,12,6.18,0,17.95,false,false,english,,normal,false,false,false,66f0476a66c51bbe14fbe34c;693b17813540add646bcb3ef,1784748560428
6a6119e2af23e0758677eb1b,false,131.78,100,131.78,89.35,47;0;0;0,words,10,-1,9,4.28,0,11.47,false,false,english,,normal,false,false,false,66f0476a66c51bbe14fbe34c;693b17813540add646bcb3ef,1784748514094
6a6119b3af23e0758677e9a8,false,116.06,100,116.06,90,53;0;0;0,words,10,-1,13,5.48,0,26.69,false,false,english,,normal,false,false,false,66f0476a66c51bbe14fbe34c;693b17813540add646bcb3ef,1784748466908
6a611986af23e0758677e86a,false,121.85,100,121.85,88.01,46;0;0;0,words,10,-1,5,4.53,0,10.25,false,false,english,,normal,false,false,false,66f0476a66c51bbe14fbe34c;693b17813540add646bcb3ef,1784748422407
6a611973af23e0758677e7dd,false,116.79,95.65,134.31,90.31,40;2;1;0,words,10,-1,0,4.11,0,0,false,false,english,,normal,false,false,false,66f0476a66c51bbe14fbe34c;693b17813540add646bcb3ef,1784748402923
6a61196daf23e0758677e7b8,false,104.68,94.83,104.68,65.85,54;0;0;0,words,10,-1,0,6.19,0,0,false,false,english,,normal,false,false,false,66f0476a66c51bbe14fbe34c;693b17813540add646bcb3ef,1784748397673
6a611966af23e0758677e779,false,111.29,95.92,118.55,70.66,46;2;1;0,words,10,-1,0,4.96,0,0,false,false,english,,normal,false,false,false,66f0476a66c51bbe14fbe34c;693b17813540add646bcb3ef,1784748390373
6a611960af23e0758677e753,false,111.88,100,111.88,85.95,51;0;0;0,words,10,-1,0,5.47,0,0,false,false,english,,normal,false,false,false,66f0476a66c51bbe14fbe34c;693b17813540add646bcb3ef,1784748384207
6a60e34eaf23e0758675bc5c,false,112.28,98.11,123.98,84.31,48;1;0;0,words,10,-1,6,5.13,0,14.82,false,false,english,,normal,false,false,false,66f0476a66c51bbe14fbe34c;693b17813540add646bcb3ef,1784734542000
6a60e335af23e0758675bb5c,false,89.9,98,104.53,83.98,43;1;0;0,words,10,-1,8,5.74,0,14.48,false,false,english,,normal,false,false,false,66f0476a66c51bbe14fbe34c;693b17813540add646bcb3ef,1784734517000
6a60e2c3af23e0758675b69e,false,128.27,100,128.27,87.92,45;0;0;0,words,10,-1,6,4.21,0,6.22,false,false,english,,normal,false,false,false,66f0476a66c51bbe14fbe34c;693b17813540add646bcb3ef,1784734403000
6a60e2b3af23e0758675b5f5,false,127.81,100,127.81,76.76,54;0;0;0,words,10,-1,3,5.07,0,4.11,false,false,english,,normal,false,false,false,66f0476a66c51bbe14fbe34c;693b17813540add646bcb3ef,1784734387000
6a60e2a6af23e0758675b565,false,75.84,94.12,84.27,81.3,45;2;1;0,words,10,-1,0,7.12,0,0,false,false,english,,normal,false,false,false,66f0476a66c51bbe14fbe34c;693b17813540add646bcb3ef,1784734374000
6a60e271af23e0758675b314,false,134.4,100,134.4,93.57,56;0;0;0,words,10,-1,3,5,0,7.75,false,false,english,,normal,false,false,false,66f0476a66c51bbe14fbe34c;693b17813540add646bcb3ef,1784734321000
6a5fc1b3af23e075866ca573,false,109.29,96.15,115.99,80.68,49;2;1;0,words,10,-1,8,5.38,0,17.47,false,false,english,,normal,false,false,false,66f0476a66c51bbe14fbe34c;693b17813540add646bcb3ef,1784660403000
6a5fc14caf23e075866ca23b,false,115.97,98,126.05,92.63,46;1;0;1,words,10,-1,2,4.76,0,1.86,false,false,english,,normal,false,false,false,66f0476a66c51bbe14fbe34c;693b17813540add646bcb3ef,1784660300000
6a5fc143af23e075866ca1d9,false,95.64,80,125.24,88.57,42;10;1;0,words,10,-1,10,5.27,0,18.99,false,false,english,,normal,false,false,false,66f0476a66c51bbe14fbe34c;693b17813540add646bcb3ef,1784660291000
6a5fc121af23e075866ca0d6,false,120.45,100,120.45,85,53;0;0;0,words,10,-1,0,5.28,0,0,false,false,english,,normal,false,false,false,66f0476a66c51bbe14fbe34c;693b17813540add646bcb3ef,1784660257000
6a5fc11aaf23e075866ca0a1,false,104.97,87.04,128.83,90.38,44;7;0;1,words,10,-1,1,5.03,0,0.89,false,false,english,,normal,false,false,false,66f0476a66c51bbe14fbe34c;693b17813540add646bcb3ef,1784660250000
6a5fc113af23e075866ca05d,false,89.59,80.85,127.6,93.57,33;9;1;1,words,10,-1,2,4.42,0,2.78,false,false,english,,normal,false,false,false,66f0476a66c51bbe14fbe34c;693b17813540add646bcb3ef,1784660243000
6a5fc108af23e075866c9ffb,false,97.61,91.38,111,79.67,51;5;0;0,words,10,-1,9,6.27,0,16.47,false,false,english,,normal,false,false,false,66f0476a66c51bbe14fbe34c;693b17813540add646bcb3ef,1784660232000
6a5fc092af23e075866c9bee,false,117.54,95.83,131.21,82.14,43;2;0;0,words,10,-1,0,4.39,0,0,false,false,english,,normal,false,false,false,66f0476a66c51bbe14fbe34c;693b17813540add646bcb3ef,1784660114000
6a5fc08baf23e075866c9bb8,false,116.78,100,116.78,87.42,58;0;0;0,words,10,-1,1,5.96,0,3.25,false,false,english,,normal,false,false,false,66f0476a66c51bbe14fbe34c;693b17813540add646bcb3ef,1784660107000
6a5fc010af23e075866c973d,false,115.99,100,115.99,91.49,52;0;0;0,words,10,-1,3,5.38,0,6.95,false,false,english,,normal,false,false,false,66f0476a66c51bbe14fbe34c;693b17813540add646bcb3ef,1784659984000
6a5fc000af23e075866c96ac,false,101.66,98,110.5,84.03,46;1;1;0,words,10,-1,2,5.43,0,1.87,false,false,english,,normal,false,false,false,66f0476a66c51bbe14fbe34c;693b17813540add646bcb3ef,1784659968000
6a5fbff6af23e075866c9643,false,111.92,96.72,126.42,86.59,54;2;1;0,words,10,-1,13,5.79,0,25.32,false,false,english,,normal,false,false,false,66f0476a66c51bbe14fbe34c;693b17813540add646bcb3ef,1784659958000
6a5fbfcbaf23e075866c94c6,false,100.55,98.11,115.85,76.38,46;1;0;1,words,10,-1,11,5.49,0,11.2,false,false,english,,normal,false,false,false,66f0476a66c51bbe14fbe34c;693b17813540add646bcb3ef,1784659915000
6a5fbfb1af23e075866c93b9,false,108.62,96,129.31,93.1,42;2;1;0,words,10,-1,2,4.64,0,2.6,false,false,english,,normal,false,false,false,66f0476a66c51bbe14fbe34c;693b17813540add646bcb3ef,1784659889000
6a5fbfa6af23e075866c9368,false,116.46,97.87,116.46,70.42,46;0;0;0,words,10,-1,5,4.74,0,11.25,false,false,english,,normal,false,false,false,66f0476a66c51bbe14fbe34c;693b17813540add646bcb3ef,1784659878000
6a5fbf91af23e075866c92bb,false,107.5,96.3,118.46,74.83,49;2;0;0,words,10,-1,2,5.47,0,3.91,false,false,english,,normal,false,false,false,66f0476a66c51bbe14fbe34c;693b17813540add646bcb3ef,1784659857000
6a5fbf85af23e075866c9244,false,116.63,100,116.63,88.1,45;0;0;0,words,10,-1,4,4.63,0,3.84,false,false,english,,normal,false,false,false,66f0476a66c51bbe14fbe34c;693b17813540add646bcb3ef,1784659845000
6a5fbe9caf23e075866c8a78,false,92.68,85.71,119.51,87.56,38;6;1;0,words,10,-1,3,4.92,0,16.79,false,false,english,,normal,false,false,false,66f0476a66c51bbe14fbe34c;693b17813540add646bcb3ef,1784659612000
6a5fbd77af23e075866c80ec,false,121.95,100,121.95,88.38,50;0;0;0,words,10,-1,12,4.92,0,32.54,false,false,english,,normal,false,false,false,66f0476a66c51bbe14fbe34c;693b17813540add646bcb3ef,1784659319000
6a5fbd48af23e075866c7f44,false,96.35,92.16,111.68,88.1,44;4;1;0,words,10,-1,5,5.48,0,7.18,false,false,english,,normal,false,false,false,66f0476a66c51bbe14fbe34c;693b17813540add646bcb3ef,1784659272000
6a5fbd21af23e075866c7de2,false,79.89,94.23,86.69,64.57,47;2;0;0,words,10,-1,0,7.06,0,0,false,false,english,,normal,false,false,false,66f0476a66c51bbe14fbe34c;693b17813540add646bcb3ef,1784659233000
6a5fbd18af23e075866c7d95,false,62.88,84,85.59,61.39,36;7;1;0,words,10,-1,2,6.87,0,6.21,false,false,english,,normal,false,false,false,66f0476a66c51bbe14fbe34c;693b17813540add646bcb3ef,1784659224000
6a5fbd08af23e075866c7d11,false,54.72,76.92,101.63,70.07,28;9;5;0,words,10,-1,5,6.14,0,5.98,false,false,english,,normal,false,false,false,66f0476a66c51bbe14fbe34c;693b17813540add646bcb3ef,1784659208000
6a5fbcf6af23e075866c7c8c,false,112.89,96.55,121.25,86.61,54;2;0;0,words,10,-1,4,5.74,0,6.86,false,false,english,,normal,false,false,false,66f0476a66c51bbe14fbe34c;693b17813540add646bcb3ef,1784659190000
6a5fbce6af23e075866c7bee,false,124.14,100,124.14,86.99,54;0;0;0,words,10,-1,30,5.22,0,54.11,false,false,english,,normal,false,false,false,66f0476a66c51bbe14fbe34c;693b17813540add646bcb3ef,1784659174000
6a5fbc94af23e075866c7923,false,128.95,100,128.95,81.56,49;0;0;0,words,10,-1,6,4.56,0,8.4,false,false,english,,normal,false,false,false,66f0476a66c51bbe14fbe34c;693b17813540add646bcb3ef,1784659092000
6a5fbc81af23e075866c7863,false,121.67,92.98,135.98,89.59,51;3;1;0,words,10,-1,1,5.03,0,0.64,false,false,english,,normal,false,false,false,66f0476a66c51bbe14fbe34c;693b17813540add646bcb3ef,1784659073000
6a5fbc7aaf23e075866c781e,false,108.18,100,108.18,90.94,54;0;0;0,words,10,-1,4,5.99,0,7.04,false,false,english,,normal,false,false,false,66f0476a66c51bbe14fbe34c;693b17813540add646bcb3ef,1784659066000
6a5fbc69af23e075866c776d,false,118.22,100,118.22,92.36,53;0;0;0,words,10,-1,16,5.38,0,24.94,false,false,english,,normal,false,false,false,66f0476a66c51bbe14fbe34c;693b17813540add646bcb3ef,1784659049000
6a5fbc3eaf23e075866c75ea,false,124.6,100,124.6,91.91,46;0;0;0,words,10,-1,19,4.43,0,33.77,false,false,english,,normal,false,false,false,66f0476a66c51bbe14fbe34c;693b17813540add646bcb3ef,1784659006000
6a5fbbfbaf23e075866c73c7,false,127.5,100,127.5,87.14,51;0;0;0,words,10,-1,4,4.8,0,10.89,false,false,english,,normal,false,false,false,66f0476a66c51bbe14fbe34c;693b17813540add646bcb3ef,1784658939000
6a5fbbe6af23e075866c7301,false,114.97,96.23,126.95,92.31,48;2;0;0,words,10,-1,8,5.01,0,14.26,false,false,english,,normal,false,false,false,66f0476a66c51bbe14fbe34c;693b17813540add646bcb3ef,1784658918000
6a5fbbccaf23e075866c722d,false,87.37,89.13,118.2,87.88,34;5;2;0,words,10,-1,0,4.67,0,0,false,false,english,,normal,false,false,false,66f0476a66c51bbe14fbe34c;693b17813540add646bcb3ef,1784658892000
6a5fbbc6af23e075866c71f6,false,114.87,100,114.87,78.54,47;0;0;0,words,10,-1,17,4.91,0,34.17,false,false,english,,normal,false,false,false,66f0476a66c51bbe14fbe34c;693b17813540add646bcb3ef,1784658886000
6a5fbb90af23e075866c701f,false,112.64,100,112.64,80.91,52;0;0;0,words,10,-1,5,5.54,0,5.95,false,false,english,,normal,false,false,false,66f0476a66c51bbe14fbe34c;693b17813540add646bcb3ef,1784658832000
6a5fbb7daf23e075866c6f88,false,114.29,95.65,131.43,85.71,40;2;1;0,words,10,-1,3,4.2,0,2.88,false,false,english,,normal,false,false,false,66f0476a66c51bbe14fbe34c;693b17813540add646bcb3ef,1784658813000
6a5fbb72af23e075866c6f2c,false,121.15,93.48,129.81,85.63,42;2;0;0,words,10,-1,3,4.16,0,3.79,false,false,english,,normal,false,false,false,66f0476a66c51bbe14fbe34c;693b17813540add646bcb3ef,1784658802000
6a5fbb67af23e075866c6ecf,false,99.8,92,121.7,72.69,41;4;1;0,words,10,-1,9,4.93,0,11.14,false,false,english,,normal,false,false,false,66f0476a66c51bbe14fbe34c;693b17813540add646bcb3ef,1784658791000
6a592c04af23e075863bac2f,false,116.91,100,116.91,82.71,53;0;0;0,words,10,-1,6,5.44,0,12.04,false,false,english,,normal,false,false,false,,1784228868000
6a592bf1af23e075863bab9a,false,110.56,100,110.56,78.92,48;0;0;0,words,10,-1,38,5.21,0,73.3,false,false,english,,normal,false,false,false,,1784228849000
6a592b7faf23e075863ba847,false,123.46,100,123.46,93.86,50;0;0;0,words,10,-1,2,4.86,0,3.3,false,false,english,,normal,false,false,false,,1784228735000
6a592b73af23e075863ba7ee,false,121.81,96.15,134.77,86.1,47;2;0;0,words,10,-1,3,4.63,0,7.55,false,false,english,,normal,false,false,false,,1784228723000
6a592b63af23e075863ba766,false,117.55,96.3,132.24,91.87,48;2;1;0,words,10,-1,1,4.9,0,2.6,false,false,english,,normal,false,false,false,,1784228707000
6a592b58af23e075863ba720,false,113.48,96.15,125.55,90.42,47;2;0;0,words,10,-1,0,4.97,0,0,false,false,english,,normal,false,false,false,,1784228696000
6a592b54af23e075863ba700,false,88.78,80.49,125.51,79.59,29;8;0;5,words,10,-1,1,3.92,0,1.54,false,false,english,,normal,false,false,false,,1784228692000
6a592b4aaf23e075863ba6b3,false,118.27,95.65,132.69,86.24,41;2;1;0,words,10,-1,4,4.16,0,8.41,false,false,english,,normal,false,false,false,,1784228682000
6a592b39af23e075863ba624,false,112.71,96.49,125.97,90.39,51;2;1;0,words,10,-1,2,5.43,0,4.92,false,false,english,,normal,false,false,false,,1784228665000
6a592b18af23e075863ba53c,false,136.19,100,136.19,85.23,53;0;0;0,words,10,-1,2,4.67,0,2.37,false,false,english,,normal,false,false,false,67a8ccc1c60cdb18429e94ab;66f0476a66c51bbe14fbe34c,1784228632000
6a592b07af23e075863ba4b1,false,122.45,100,122.45,90.39,50;0;0;0,words,10,-1,0,4.9,0,0,false,false,english,,normal,false,false,false,,1784228615000
6a592ad4af23e075863ba332,false,118.57,100,118.57,89,58;0;0;0,words,10,-1,5,5.87,0,6.71,false,false,english,,normal,false,false,false,,1784228564000
6a592ac2af23e075863ba29a,false,121.81,100,121.81,88.36,47;0;0;0,words,10,-1,11,4.63,0,21.92,false,false,english,,normal,false,false,false,,1784228546000
6a592a9aaf23e075863ba158,false,131.07,100,131.07,95.97,45;0;0;0,words,10,-1,7,4.12,0,9.24,false,false,english,,normal,false,false,false,,1784228506000
6a592a84af23e075863ba08f,false,128.48,100,128.48,80.54,50;0;0;0,words,10,-1,2,4.67,0,6.17,false,false,english,,normal,false,false,false,,1784228484000
6a592a74af23e075863ba01b,false,117.48,100,117.48,89.13,56;0;0;0,words,10,-1,0,5.72,0,0,false,false,english,,normal,false,false,false,,1784228468000
6a592a6eaf23e075863b9fe8,false,98.1,94,114.07,78.09,43;3;0;1,words,10,-1,1,5.26,0,3.08,false,false,english,,normal,false,false,false,,1784228462000
6a591b6daf23e075863b19b9,false,109.52,94.23,123.81,85.59,46;3;0;0,words,10,-1,13,5.04,0,20.05,false,false,english,,normal,false,false,false,,1784224621000
6a591b4aaf23e075863b1867,false,120.77,96.15,133.62,86.02,47;2;1;0,words,10,-1,3,4.67,0,4.63,false,false,english,,normal,false,false,false,,1784224586000
6a591b3eaf23e075863b17ef,false,105.22,95.74,117.75,79.8,42;2;1;0,words,10,-1,7,4.79,0,13.41,false,false,english,,normal,false,false,false,,1784224574000
6a59116caf23e075863ab941,false,114.51,94.34,126.44,90.19,48;3;0;0,words,10,-1,0,5.03,0,0,false,false,english,,normal,false,false,false,,1784222060000
6a591166af23e075863ab8fb,false,115.34,97.96,117.79,92.63,47;0;0;2,words,10,-1,1,4.89,0,3.88,false,false,english,,normal,false,false,false,,1784222054000
6a591146af23e075863ab792,false,89.69,90,107.62,71.83,50;5;1;0,words,10,-1,3,6.69,0,3.79,false,false,english,,normal,false,false,false,,1784222022000
6a591138af23e075863ab6f3,false,105.6,98.21,105.6,71.95,55;0;0;0,words,10,-1,11,6.25,0,24.46,false,false,english,,normal,false,false,false,,1784222008000
6a57a2b3af23e075862ed3ce,false,121.8,100,121.8,82.11,54;0;0;0,words,10,-1,11,5.32,0,31.23,false,false,english,,normal,false,false,false,,1784128179000
6a57a285af23e075862ed201,false,116.96,100,116.96,89.38,50;0;0;0,words,10,-1,1,5.13,0,2.48,false,false,english,,normal,false,false,false,,1784128133000
6a57a27caf23e075862ed199,false,105.06,96.08,119.07,82.44,45;2;1;0,words,10,-1,0,5.14,0,0,false,false,english,,normal,false,false,false,,1784128124000
6a57a276af23e075862ed162,false,105.66,98.25,105.66,76.97,56;0;0;0,words,10,-1,0,6.36,0,0,false,false,english,,normal,false,false,false,,1784128118000
6a538c3baf23e075860d9be5,false,116.61,98.21,116.61,72.2,55;0;0;0,words,10,-1,0,5.66,0,0,false,false,english,,normal,false,false,false,,1783860283000
6a538c32af23e075860d9ba4,false,120.65,100,120.65,86.44,56;0;0;0,words,10,-1,1,5.57,0,1.75,false,false,english,,normal,false,false,false,,1783860274000
6a538c28af23e075860d9b68,false,108.71,100,108.71,84.21,52;0;0;0,words,10,-1,0,5.74,0,0,false,false,english,,normal,false,false,false,,1783860264000
6a50e89daf23e07586fbba85,false,108.63,100,108.63,84.58,43;0;0;0,words,10,-1,0,4.75,0,0,false,false,english,,normal,false,false,false,6a34f2b2b7b5429521db59a8,1783687325000
6a50e897af23e07586fbba43,false,93.1,97.83,93.1,63.9,45;0;0;0,words,10,-1,9,5.8,0,24.49,false,false,english,,normal,false,false,false,6a34f2b2b7b5429521db59a8,1783687319000
6a508df7af23e07586f8a4dc,false,88.46,90.91,103.85,80.82,46;3;1;0,words,10,-1,4,6.24,0,13.28,false,false,english,,normal,false,false,false,6a34f2b2b7b5429521db59a8,1783664119000
6a50884faf23e07586f876c5,false,106.36,100,106.36,90.7,46;0;0;0,words,10,-1,14,5.19,0,35.06,false,false,english,,normal,false,false,false,6a34f2b2b7b5429521db59a8,1783662671000
6a50881baf23e07586f87512,false,108.07,100,108.07,92.22,58;0;0;0,words,10,-1,7,6.44,0,9.71,false,false,english,,normal,false,false,false,6a34f2b2b7b5429521db59a8,1783662619000
6a5085e7af23e07586f86448,false,118.76,100,118.76,90.65,48;0;0;0,words,10,-1,0,4.85,0,0,false,false,english,,normal,false,false,false,6a34f2b2b7b5429521db59a8,1783662055000
6a5085dcaf23e07586f863e9,false,89.48,95.56,103.25,77.92,39;2;1;0,words,10,-1,5,5.23,0,4.84,false,false,english,,normal,false,false,false,6a34f2b2b7b5429521db59a8,1783662044000
6a5085cdaf23e07586f86376,false,97.58,96.15,107.96,80.37,47;2;1;0,words,10,-1,4,5.78,0,5.26,false,false,english,,normal,false,false,false,6a34f2b2b7b5429521db59a8,1783662029000
6a5085beaf23e07586f862fa,false,91.92,98.21,91.92,66.26,55;0;0;0,words,10,-1,0,7.18,0,0,false,false,english,,normal,false,false,false,6a34f2b2b7b5429521db59a8,1783662014000
6a4dfc0aaf23e07586e3cb29,false,118.44,100,118.44,94.79,53;0;0;0,words,10,-1,7,5.37,0,9.61,false,false,english,,normal,false,false,false,,1783495690000
6a4dfbf5af23e07586e3ca8a,false,125.91,100,125.91,89,49;0;0;0,words,10,-1,6,4.67,0,12.73,false,false,english,,normal,false,false,false,,1783495669000
6a4dfbdeaf23e07586e3c9c9,false,138.18,100,138.18,89.25,57;0;0;0,words,10,-1,6,4.95,0,10.68,false,false,english,,normal,false,false,false,,1783495646000
6a4dfbc9af23e07586e3c909,false,123.41,100,123.41,87.11,47;0;0;0,words,10,-1,2,4.57,0,1.97,false,false,english,,normal,false,false,false,,1783495625000
6a4dfbc0af23e07586e3c8c0,false,126.63,100,126.63,90.19,42;0;0;0,words,10,-1,12,3.98,0,25.11,false,false,english,,normal,false,false,false,,1783495616000
6a4dfb97af23e07586e3c74d,false,106.12,92,136.05,92.29,39;4;1;0,words,10,-1,4,4.41,0,10.07,false,false,english,,normal,false,false,false,,1783495575000
6a4dfb85af23e07586e3c6be,false,113.43,91.49,140.3,92.47,38;4;1;0,words,10,-1,6,4.02,0,10.63,false,false,english,,normal,false,false,false,,1783495557000
6a4dfb0faf23e07586e3c2ed,false,141.57,100,141.57,89.26,42;0;0;0,words,10,-1,1,3.56,0,0.69,false,false,english,,normal,false,false,false,,1783495439000
6a4dfb09af23e07586e3c2af,false,104.35,95.65,104.35,64.87,44;0;0;0,words,10,-1,0,5.06,0,0,false,false,english,,normal,false,false,false,,1783495433000
6a4dfb03af23e07586e3c280,false,96.39,86,118.07,74.52,40;5;1;1,words,10,-1,3,4.98,0,6.51,false,false,english,,normal,false,false,false,,1783495427000
6a4dfaf4af23e07586e3c1f6,false,129.73,100,129.73,92.29,44;0;0;0,words,10,-1,1,4.07,0,0.8,false,false,english,,normal,false,false,false,,1783495412000
6a4dfaedaf23e07586e3c1b9,false,105.03,96.08,113.97,78.09,47;2;1;0,words,10,-1,5,5.37,0,13.08,false,false,english,,normal,false,false,false,,1783495405000
6a4dfad7af23e07586e3c108,false,104.11,89.36,128.77,91.91,38;5;0;1,words,10,-1,2,4.38,0,5.57,false,false,english,,normal,false,false,false,,1783495383000
6a4dfacbaf23e07586e3c09b,false,108.2,95.83,118.03,88.03,44;2;0;0,words,10,-1,4,4.88,0,6.13,false,false,english,,normal,false,false,false,,1783495371000
6a4dfabcaf23e07586e3c026,false,97.53,92.98,120.85,79.37,46;4;1;0,words,10,-1,2,5.66,0,2.02,false,false,english,,normal,false,false,false,,1783495356000
6a4dfab2af23e07586e3bfba,false,136.56,100,136.56,92.63,47;0;0;0,words,10,-1,4,4.13,0,14.32,false,false,english,,normal,false,false,false,,1783495346000
6a4dfa98af23e07586e3bec8,false,103.65,94.55,103.65,64.29,52;0;0;0,words,10,-1,1,6.02,0,3.07,false,false,english,,normal,false,false,false,,1783495320000
6a4dfa8caf23e07586e3be4d,false,95.82,88,109.51,62.17,42;4;0;0,words,10,-1,14,5.26,0,29.21,false,false,english,,normal,false,false,false,,1783495308000
6a4dfa58af23e07586e3bc79,false,133.06,100,133.06,92.79,55;0;0;0,words,10,-1,9,4.96,0,16.19,false,false,english,,normal,false,false,false,,1783495256000
6a4dfa3caf23e07586e3bb66,false,99.36,93.75,119.75,92.52,39;2;1;2,words,10,-1,10,4.71,0,20.83,false,false,english,,normal,false,false,false,,1783495228000
6a4dfa1baf23e07586e3ba37,false,119.36,100,119.36,82.43,56;0;0;0,words,10,-1,5,5.63,0,8.45,false,false,english,,normal,false,false,false,,1783495195000
6a4dfa08af23e07586e3b99a,false,108.32,96.55,123.19,92.99,51;2;0;0,words,10,-1,2,5.65,0,4.05,false,false,english,,normal,false,false,false,,1783495176000
6a4df9fcaf23e07586e3b934,false,124.03,100,124.03,90.75,40;0;0;0,words,10,-1,7,3.87,0,13.64,false,false,english,,normal,false,false,false,,1783495164000
6a4df9b0af23e07586e3b6ae,false,97.35,96.08,107.94,78.91,46;2;1;0,words,10,-1,5,5.67,0,14.09,false,false,english,,normal,false,false,false,,1783495088000
6a4df997af23e07586e3b5d4,false,130.67,100,130.67,92.02,49;0;0;0,words,10,-1,0,4.5,0,0,false,false,english,,normal,false,false,false,,1783495063000
6a4df992af23e07586e3b5a3,false,85.53,85.11,121.81,71.88,33;6;1;1,words,10,-1,5,4.63,0,6.37,false,false,english,,normal,false,false,false,,1783495058000
6a4df982af23e07586e3b50d,false,114.65,93.88,124.84,86.88,45;3;0;1,words,10,-1,0,4.71,0,0,false,false,english,,normal,false,false,false,,1783495042000
6a4df97baf23e07586e3b4e5,false,118.07,100,118.07,67.33,55;0;0;0,words,10,-1,6,5.59,0,11.21,false,false,english,,normal,false,false,false,,1783495035000
6a4df966af23e07586e3b3f7,false,100.41,93.48,110.2,82.71,41;2;0;0,words,10,-1,8,4.9,0,14.13,false,false,english,,normal,false,false,false,,1783495014000
6a4df94baf23e07586e3b2ee,false,138.86,100,138.86,86.98,53;0;0;0,words,10,-1,0,4.58,0,0,false,false,english,,normal,false,false,false,,1783494987000
6a4df940af23e07586e3b283,true,103.61,100,103.61,90.99,43;0;0;0,words,10,-1,3,4.98,0,6,false,false,german,,normal,false,false,false,,1783494976000
6a4df931af23e07586e3b1f2,false,85.44,97.83,85.44,81.25,45;0;0;0,words,10,-1,3,6.32,0,2.92,false,false,german,,normal,false,false,false,,1783494961000
6a4df923af23e07586e3b14f,false,109.8,95.74,122.88,82.27,42;2;0;0,words,10,-1,12,4.59,0,21.01,false,false,english,,normal,false,false,false,,1783494947000
6a4df8f7af23e07586e3afa0,false,90.26,84.75,121.03,81.1,44;9;0;1,words,10,-1,6,5.85,0,12.18,false,false,english,,normal,false,false,false,,1783494903000
6a4df8daaf23e07586e3aea0,false,117.18,95.08,132.37,83.32,54;3;1;0,words,10,-1,8,5.53,0,12.35,false,false,english,,normal,false,false,false,,1783494874000
6a4df8c1af23e07586e3adb9,false,131.47,100,131.47,86.24,47;0;0;0,words,10,-1,12,4.29,0,19.46,false,false,english,,normal,false,false,false,,1783494849000
6a4df89eaf23e07586e3ac4e,false,135.65,100,135.65,85.71,52;0;0;0,words,10,-1,8,4.6,0,13.59,false,false,english,,normal,false,false,false,,1783494814000
6a4df885af23e07586e3ab5e,false,107.84,92.98,130.78,86.96,47;4;1;0,words,10,-1,7,5.23,0,7.82,false,false,english,,normal,false,false,false,,1783494789000
6a4df872af23e07586e3aaa1,false,127.27,96.23,137.66,89.95,49;2;1;0,words,10,-1,2,4.62,0,2.07,false,false,english,,normal,false,false,false,,1783494770000
6a4df869af23e07586e3aa4f,false,114.09,100,114.09,83.39,56;0;0;0,words,10,-1,7,5.89,0,12.69,false,false,english,,normal,false,false,false,,1783494761000
6a4df84faf23e07586e3a95f,false,128.88,96,143.2,92.94,45;2;1;0,words,10,-1,1,4.19,0,0.72,false,false,english,,normal,false,false,false,,1783494735000
6a4df848af23e07586e3a916,false,132.53,100,132.53,94.73,55;0;0;0,words,10,-1,5,4.98,0,8.56,false,false,english,,normal,false,false,false,,1783494728000
6a4df826af23e07586e3a7e3,false,139.13,100,139.13,87.41,48;0;0;0,words,10,-1,1,4.14,0,1.07,false,false,english,,normal,false,false,false,,1783494694000
6a4df81faf23e07586e3a79f,false,120.28,93.75,134.27,92.63,43;3;0;1,words,10,-1,2,4.29,0,6.23,false,false,english,,normal,false,false,false,,1783494687000
6a4df811af23e07586e3a715,false,116.46,96.23,134.18,92.83,46;2;1;0,words,10,-1,3,4.74,0,4.65,false,false,english,,normal,false,false,false,,1783494673000
6a4df804af23e07586e3a6b0,false,131.09,100,131.09,87.31,52;0;0;0,words,10,-1,0,4.76,0,0,false,false,english,,normal,false,false,false,,1783494660000
6a4df7f6af23e07586e3a637,false,110.53,100,110.53,86.75,49;0;0;0,words,10,-1,0,5.32,0,0,false,false,english,,normal,false,false,false,,1783494646000
6a4b57aa61e093d47bca8f98,false,103.52,92.59,114.08,80.93,49;4;0;0,words,10,-1,13,5.68,0,19.66,false,false,english,,normal,false,false,false,,1783322538000
6a4b578861e093d47bca8e63,false,115.79,100,115.79,83.47,55;0;0;0,words,10,-1,8,5.7,0,16.2,false,false,english,,normal,false,false,false,,1783322504000
6a4b515f61e093d47bca59b1,false,87.41,94.12,87.41,66.39,48;0;0;0,words,10,-1,0,6.59,0,0,false,false,english,,normal,false,false,false,,1783320927000
6a4b515761e093d47bca596b,false,108.9,100,108.9,88.8,53;0;0;0,words,10,-1,11,5.84,0,23.76,false,false,english,,normal,false,false,false,,1783320919000
6a4b512d61e093d47bca5814,false,135.71,100,135.71,85.71,57;0;0;0,words,10,-1,0,5.04,0,0,false,false,english,,normal,false,false,false,,1783320877000
6a4b512661e093d47bca57d9,false,119.49,100,119.49,93.56,47;0;0;0,words,10,-1,1,4.72,0,0.69,false,false,english,,normal,false,false,false,,1783320870000
6a4b511f61e093d47bca579d,false,92.93,92.31,103.03,80.55,46;2;1;0,words,10,-1,7,5.94,0,14.29,false,false,english,,normal,false,false,false,,1783320863000
6a4b4fc161e093d47bca4cd9,false,86.75,88.24,105.34,76.7,42;6;0;1,words,10,-1,3,5.81,0,5.91,false,false,english,,normal,false,false,false,,1783320513000
6a4b4fb261e093d47bca4c5f,false,114.29,100,114.29,80.27,52;0;0;0,words,10,-1,0,5.46,0,0,false,false,english,,normal,false,false,false,,1783320498000
6a4b4fab61e093d47bca4c32,false,111.68,100,111.68,85.57,51;0;0;0,words,10,-1,0,5.48,0,0,false,false,english,,normal,false,false,false,,1783320491000
6a4b4fa461e093d47bca4c02,false,95.09,94.55,104.6,87.24,50;3;0;1,words,10,-1,2,6.31,0,2.46,false,false,english,,normal,false,false,false,,1783320484000
6a4b496b61e093d47bca190c,false,99.66,100,99.66,72.06,49;0;0;0,words,10,-1,0,5.9,0,0,false,false,english,,normal,false,false,false,,1783318891000
6a4b496461e093d47bca18d2,false,86.68,94.12,98.23,79.59,45;2;1;0,words,10,-1,1,6.23,0,3.17,false,false,english,,normal,false,false,false,,1783318884000
6a4b495861e093d47bca186d,false,90.4,96.23,90.4,80.16,51;0;0;0,words,10,-1,5,6.77,0,12.25,false,false,english,,normal,false,false,false,,1783318872000
6a49054961e093d47bbb7e1d,false,119.47,94,132.74,85.66,45;3;0;0,words,10,-1,2,4.52,0,2.24,false,false,english,,normal,false,false,false,,1783170377000
6a49054061e093d47bbb7dda,false,109.91,100,109.91,76.79,49;0;0;0,words,10,-1,8,5.35,0,18.17,false,false,english,,normal,false,false,false,,1783170368000
6a49052161e093d47bbb7cec,false,122.39,92.16,135.7,86.98,46;3;1;0,words,10,-1,1,4.51,0,2.29,false,false,english,,normal,false,false,false,,1783170337000
6a4904bf61e093d47bbb79cc,false,129.39,100,129.39,83.39,51;0;0;0,words,10,-1,3,4.73,0,8.54,false,false,english,,normal,false,false,false,,1783170239000
6a4904ad61e093d47bbb7939,false,111.24,100,111.24,82.61,47;0;0;0,words,10,-1,0,5.07,0,0,false,false,english,,normal,false,false,false,,1783170221000
6a4904a661e093d47bbb78fe,false,135.1,100,135.1,93.41,51;0;0;0,words,10,-1,0,4.53,0,0,false,false,english,,normal,false,false,false,,1783170214000
6a49049f61e093d47bbb78d4,false,112,98,112,74.29,49;0;0;0,words,10,-1,11,5.25,0,14.52,false,false,english,,normal,false,false,false,,1783170207000
6a49048361e093d47bbb77e9,false,109.35,91.49,135.25,85.63,38;3;1;0,words,10,-1,5,4.17,0,14.18,false,false,english,,normal,false,false,false,,1783170179000
6a49046b61e093d47bbb7745,false,125.52,100,125.52,91.31,50;0;0;0,words,10,-1,0,4.78,0,0,false,false,english,,normal,false,false,false,,1783170155000
6a49046561e093d47bbb7705,false,118.41,100,118.41,80.27,52;0;0;0,words,10,-1,8,5.27,0,10.01,false,false,english,,normal,false,false,false,,1783170149000
6a49044861e093d47bbb7641,false,122.65,100,122.65,96.15,51;0;0;0,words,10,-1,5,4.99,0,11.42,false,false,english,,normal,false,false,false,,1783170120000
6a49043261e093d47bbb75b2,false,92.92,95.92,92.92,65.11,47;0;0;0,words,10,-1,3,6.07,0,6.05,false,false,english,,normal,false,false,false,,1783170098000
6a49042161e093d47bbb7531,false,113.94,100,113.94,89.47,47;0;0;0,words,10,-1,5,4.95,0,12.38,false,false,english,,normal,false,false,false,,1783170081000
6a49040b61e093d47bbb7498,false,103.83,98.11,103.83,76.29,52;0;0;0,words,10,-1,4,6.01,0,6.8,false,false,english,,normal,false,false,false,,1783170059000
6a4903fa61e093d47bbb7428,false,85.87,95.45,92.31,54.41,40;1;0;0,words,10,-1,3,5.59,0,4.07,false,false,english,,normal,false,false,false,,1783170042000
6a4903ed61e093d47bbb73ba,false,119.69,93.18,138.58,90.37,38;2;1;0,words,10,-1,1,3.81,0,0.88,false,false,english,,normal,false,false,false,,1783170029000
6a4903e561e093d47bbb737f,false,105.76,98,105.76,88.49,49;0;0;0,words,10,-1,0,5.56,0,0,false,false,english,,normal,false,false,false,,1783170021000
6a48f3cc61e093d47bbaf425,false,131.97,100,131.97,85.63,43;0;0;0,words,10,-1,2,3.91,0,1.72,false,false,english,,normal,false,false,false,,1783165900000
6a48f3c261e093d47bbaf3cf,false,112,92.45,121.14,90,49;4;0;0,words,10,-1,9,5.25,0,17.99,false,false,english,,normal,false,false,false,,1783165890000
6a48f3a361e093d47bbaf2dd,false,102.02,81.82,133.6,83.06,42;9;1;0,words,10,-1,5,4.94,0,13.14,false,false,english,,normal,false,false,false,,1783165859000
6a48f38b61e093d47bbaf236,false,111.15,100,111.15,73.33,54;0;0;0,words,10,-1,2,5.83,0,6.17,false,false,english,,normal,false,false,false,,1783165835000
6a48f37c61e093d47bbaf1c4,false,92.13,95.24,92.13,69.38,40;0;0;0,words,10,-1,6,5.21,0,11.39,false,false,english,,normal,false,false,false,,1783165820000
6a48f36561e093d47bbaf116,false,111.72,100,111.72,81.28,54;0;0;0,words,10,-1,1,5.8,0,1.38,false,false,english,,normal,false,false,false,,1783165797000
6a48d85261e093d47bba2e01,false,95.73,90,106.86,59.75,43;2;1;0,words,10,-1,20,5.39,0,38.94,false,false,english,,normal,false,false,false,,1783158866000
6a48d80d61e093d47bba2c29,false,109.95,98.31,109.95,78.72,58;0;0;0,words,10,-1,4,6.33,0,5.94,false,false,english,,normal,false,false,false,,1783158797000
6a48d7fc61e093d47bba2bb9,false,100.91,85.42,128.18,93.57,37;6;0;6,words,10,-1,1,4.4,0,1.08,false,false,english,,normal,false,false,false,,1783158780000
6a48d7f561e093d47bba2b81,false,106.19,94.55,116.81,91.35,50;2;1;0,words,10,-1,10,5.65,0,24.03,false,false,english,,normal,false,false,false,,1783158773000
6a48148361e093d47bb60b84,false,127.56,100,127.56,85.61,54;0;0;0,words,10,-1,5,5.08,0,11.05,false,false,english,,normal,false,false,false,,1783108739000
6a48146e61e093d47bb60aff,false,101.81,94.34,114.8,90.2,47;2;1;0,words,10,-1,5,5.54,0,8.34,false,false,english,,normal,false,false,false,,1783108718000
6a48145a61e093d47bb60a8a,false,124.41,100,124.41,81.16,48;0;0;0,words,10,-1,16,4.63,0,27.43,false,false,english,,normal,false,false,false,,1783108698000
6a48142b61e093d47bb6096a,false,103.23,93.18,113.55,92.52,40;2;1;0,words,10,-1,9,4.65,0,12.05,false,false,english,,normal,false,false,false,,1783108651000
6a48141261e093d47bb608c6,false,117.92,100,117.92,85.86,51;0;0;0,words,10,-1,11,5.19,0,56.6,false,false,english,,normal,false,false,false,,1783108626000
6a47e0dc61e093d47bb478ba,false,131.33,100,131.33,88.37,51;0;0;0,words,10,-1,3,4.66,0,3.44,false,false,english,,normal,false,false,false,,1783095516000
6a47e0d061e093d47bb4784c,false,116.67,100,116.67,85.87,49;0;0;0,words,10,-1,22,5.04,0,42.71,false,false,english,,normal,false,false,false,,1783095504000
6a47e08e61e093d47bb47625,false,110.37,100,110.37,84.77,55;0;0;0,words,10,-1,1,5.98,0,0.76,false,false,english,,normal,false,false,false,,1783095438000
6a46a87461e093d47bab7cbf,false,111.63,97.67,120,87.75,40;1;0;0,words,10,-1,5,4.3,0,10.99,false,false,english,,normal,false,false,false,,1783015540000
6a46a86061e093d47bab7c1c,false,111.46,96.08,120.95,85.86,47;2;0;0,words,10,-1,7,5.06,0,7.19,false,false,english,,normal,false,false,false,,1783015520000
6a46a84b61e093d47bab7b72,false,133.33,100,133.33,93.57,48;0;0;0,words,10,-1,3,4.32,0,4.97,false,false,english,,normal,false,false,false,,1783015499000
6a46a83f61e093d47bab7b16,false,108.84,89.58,131.16,100,39;3;1;2,words,10,-1,7,4.3,0,11.67,false,false,english,,normal,false,false,false,,1783015487000
6a46a82961e093d47bab7a60,false,99.86,100,99.86,77.81,59;0;0;0,words,10,-1,8,7.09,0,14.57,false,false,english,,normal,false,false,false,,1783015465000
6a46a80c61e093d47bab7975,false,104.35,100,104.35,87.33,58;0;0;0,words,10,-1,13,6.67,0,30.15,false,false,english,,normal,false,false,false,,1783015436000
6a46a7dc61e093d47bab77f4,false,126.46,100,126.46,89.35,45;0;0;0,words,10,-1,37,4.27,0,161.29,false,false,english,,normal,false,false,false,,1783015388000
6a469e8c61e093d47bab222d,false,113.48,100,113.48,81.43,47;0;0;0,words,10,-1,5,4.97,0,9.94,false,false,english,,normal,false,false,false,,1783013004000
6a469e4761e093d47bab1fbb,false,139.09,100,139.09,92.63,51;0;0;0,words,10,-1,2,4.4,0,6.38,false,false,english,,normal,false,false,false,,1783012935000
6a46968761e093d47baad305,false,117.6,100,117.6,79.21,49;0;0;0,words,10,-1,41,5,0,64.26,false,false,english,,normal,false,false,false,,1783010951000
6a46961d61e093d47baacebf,false,132.48,100,132.48,84.55,52;0;0;0,words,10,-1,19,4.71,0,30.06,false,false,english,,normal,false,false,false,,1783010845000
6a4695ec61e093d47baacc7b,false,109.09,95.83,124.68,91.84,42;2;0;0,words,10,-1,14,4.62,0,26.78,false,false,english,,normal,false,false,false,,1783010796000
6a4695c161e093d47baacac7,false,124.48,100,124.48,92.31,50;0;0;0,words,10,-1,2,4.82,0,3.16,false,false,english,,normal,false,false,false,,1783010753000
6a4695b661e093d47baaca54,false,104.11,87.5,131.51,91.91,38;5;1;0,words,10,-1,19,4.38,0,27.06,false,false,english,,normal,false,false,false,,1783010742000
6a46958861e093d47baac871,false,112.57,100,112.57,80.27,50;0;0;0,words,10,-1,3,5.33,0,3.24,false,false,english,,normal,false,false,false,,1783010696000
6a46957c61e093d47baac7e1,false,119.46,100,119.46,87.75,44;0;0;0,words,10,-1,26,4.42,0,42.88,false,false,english,,normal,false,false,false,,1783010684000
6a46953961e093d47baac511,false,117.79,90.91,134.97,79.04,48;5;0;1,words,10,-1,3,4.89,0,9.27,false,false,english,,normal,false,false,false,,1783010617000
6a46952761e093d47baac454,false,127.72,100,127.72,85.28,48;0;0;0,words,10,-1,2,4.51,0,3.11,false,false,english,,normal,false,false,false,,1783010599000
6a46951d61e093d47baac3e3,false,120.29,95.56,132.03,86.24,41;2;0;0,words,10,-1,5,4.09,0,8.65,false,false,english,,normal,false,false,false,,1783010589000
6a46950a61e093d47baac322,false,109.54,93.88,121.99,81.68,44;2;1;0,words,10,-1,24,4.82,0,31.83,false,false,english,,normal,false,false,false,,1783010570000
6a4694d361e093d47baac0ce,false,112.25,100,112.25,78.05,42;0;0;0,words,10,-1,30,4.49,0,60.42,false,false,english,,normal,false,false,false,,1783010515000
6a468bf561e093d47baa64d3,false,108.9,96.61,123.56,92.89,52;2;0;0,words,10,-1,1,5.73,0,1.02,false,false,english,,normal,false,false,false,,1783008245000
6a468beb61e093d47baa6467,false,110.28,90.38,136.54,76.31,42;4;1;0,words,10,-1,34,4.57,0,55.68,false,false,english,,normal,false,false,false,,1783008235000
6a468b8261e093d47baa601f,false,129.19,100,129.19,93.09,52;0;0;0,words,10,-1,2,4.83,0,3.52,false,false,english,,normal,false,false,false,,1783008130000
6a468b7561e093d47baa5faa,false,118.07,100,118.07,87.61,49;0;0;0,words,10,-1,10,4.98,0,14.5,false,false,english,,normal,false,false,false,,1783008117000
6a468b5761e093d47baa5e6b,false,129.95,100,129.95,88.87,47;0;0;0,words,10,-1,21,4.34,0,31.6,false,false,english,,normal,false,false,false,,1783008087000
6a468b2061e093d47baa5c34,false,126.45,100,126.45,83.65,51;0;0;0,words,10,-1,5,4.84,0,7.08,false,false,english,,normal,false,false,false,,1783008032000
6a468b0361e093d47baa5aee,false,125.63,100,125.63,87.24,58;0;0;0,words,10,-1,34,5.54,0,65.19,false,false,english,,normal,false,false,false,,1783008003000
6a468a8761e093d47baa5558,false,131.05,100,131.05,89.2,51;0;0;0,words,10,-1,0,4.67,0,0,false,false,english,,normal,false,false,false,,1783007879000
6a468a8161e093d47baa5510,false,89.87,94.74,100.44,86.19,51;3;0;0,words,10,-1,3,6.81,0,6.14,false,false,english,,normal,false,false,false,,1783007873000
6a464f7b61e093d47ba7ec2f,false,95.6,100,95.6,72.43,58;0;0;0,words,10,-1,1,7.28,0,1.81,false,false,english,,normal,false,false,false,6a34f2b2b7b5429521db59a8,1782992763000
6a4649c561e093d47ba7b59e,false,106.83,93.75,116.77,87.88,43;2;0;2,words,10,-1,1,4.83,0,2.14,false,false,english,,normal,false,false,false,6a34f2b2b7b5429521db59a8,1782991301000
6a4649b961e093d47ba7b525,false,108.71,100,108.71,87.15,52;0;0;0,words,10,-1,7,5.74,0,13.32,false,false,english,,normal,false,false,false,6a34f2b2b7b5429521db59a8,1782991288000
6a461a4c61e093d47ba61217,false,112.82,93.88,125.64,92.53,44;2;1;0,words,10,-1,10,4.68,0,16.32,false,false,english,,normal,false,false,false,6a34f2b2b7b5429521db59a8,1782979148000
6a4618bc61e093d47ba60489,false,113.77,100,113.77,88.12,53;0;0;0,words,10,-1,3,5.59,0,8.12,false,false,english,,normal,false,false,false,6a34f2b2b7b5429521db59a8,1782978748000
6a46134061e093d47ba5d746,false,102.34,94.74,114.38,81.95,51;2;1;0,words,10,-1,13,5.98,0,38.52,false,false,english,,normal,false,false,false,6a34f2b2b7b5429521db59a8,1782977344000
6a4564b261e093d47ba17a92,false,107.42,90.2,133.62,89.59,41;4;1;0,words,10,-1,65,4.58,0,124.01,false,false,english,,normal,false,false,false,,1782932658000
6a4563fe61e093d47ba174ec,false,118.86,100,118.86,92.36,52;0;0;0,words,10,-1,12,5.25,0,18.84,false,false,english,,normal,false,false,false,,1782932478000
6a4563da61e093d47ba173bc,false,126.44,100,126.44,90.19,55;0;0;0,words,10,-1,31,5.22,0,49.16,false,false,english,,normal,false,false,false,,1782932442000
6a45636261e093d47ba16fda,false,116.05,100,116.05,79.94,47;0;0;0,words,10,-1,17,4.86,0,30.09,false,false,english,,normal,false,false,false,,1782932322000
6a45633061e093d47ba16e40,false,129.67,100,129.67,90.38,55;0;0;0,words,10,-1,1,5.09,0,0.75,false,false,english,,normal,false,false,false,,1782932272000
6a45632861e093d47ba16de6,false,120,100,120,85.86,54;0;0;0,words,10,-1,0,5.4,0,0,false,false,english,,normal,false,false,false,,1782932264000
6a45631d61e093d47ba16d94,false,128.48,100,128.48,91.72,53;0;0;0,words,10,-1,5,4.95,0,6.92,false,false,english,,normal,false,false,false,,1782932253000
6a45630b61e093d47ba16cfc,false,128.83,100,128.83,87.2,54;0;0;0,words,10,-1,3,5.03,0,9.72,false,false,english,,normal,false,false,false,,1782932235000
6a4562f761e093d47ba16c57,false,130.32,100,130.32,95.24,48;0;0;0,words,10,-1,2,4.42,0,4.05,false,false,english,,normal,false,false,false,,1782932215000
6a4562ea61e093d47ba16be5,false,114.08,94.64,122.85,95.29,52;3;0;0,words,10,-1,22,5.47,0,42.6,false,false,english,,normal,false,false,false,,1782932202000
6a4562a861e093d47ba169c0,false,106.43,84.62,138.36,91.28,40;6;2;0,words,10,-1,17,4.51,0,32.93,false,false,english,,normal,false,false,false,,1782932136000
6a45627361e093d47ba167f3,false,125.99,100,125.99,80.5,61;0;0;0,words,10,-1,3,5.81,0,3.07,false,false,english,,normal,false,false,false,,1782932083000
6a45622a61e093d47ba16547,false,126.32,100,126.32,89.55,42;0;0;0,words,10,-1,5,3.99,0,8.82,false,false,english,,normal,false,false,false,,1782932010000
6a45621661e093d47ba1648b,false,131.81,100,131.81,82.14,48;0;0;0,words,10,-1,0,4.37,0,0,false,false,english,,normal,false,false,false,,1782931990000
6a45621061e093d47ba16450,false,105.58,83.93,144.21,91.39,41;7;2;0,words,10,-1,3,4.66,0,5.28,false,false,english,,normal,false,false,false,,1782931984000
6a4561ff61e093d47ba163a7,false,126.43,100,126.43,84.38,57;0;0;0,words,10,-1,0,5.41,0,0,false,false,english,,normal,false,false,false,,1782931967000
6a4561f761e093d47ba16360,false,122,96.55,128.65,90.19,55;2;0;0,words,10,-1,19,5.41,0,32.31,false,false,english,,normal,false,false,false,,1782931959000
6a4561b961e093d47ba16153,false,125.42,100,125.42,91.91,44;0;0;0,words,10,-1,1,4.21,0,1.16,false,false,english,,normal,false,false,false,,1782931897000
6a4561b261e093d47ba1610b,false,109.69,96.15,109.69,66.31,50;0;0;0,words,10,-1,7,5.47,0,13.89,false,false,english,,normal,false,false,false,,1782931890000
6a45615f61e093d47ba15e67,false,123.64,100,123.64,88.39,51;0;0;0,words,10,-1,10,4.95,0,19.96,false,false,english,,normal,false,false,false,,1782931807000
6a45613d61e093d47ba15d2c,false,108.13,96.49,120.85,87.03,51;2;0;0,words,10,-1,0,5.66,0,0,false,false,english,,normal,false,false,false,,1782931773000
6a45613661e093d47ba15ce7,false,88.4,78.57,121.55,87.35,40;10;1;8,words,10,-1,8,5.43,0,12.99,false,false,english,,normal,false,false,false,,1782931766000
6a45611d61e093d47ba15bf6,false,107.05,91.67,119.5,93.56,43;3;1;0,words,10,-1,14,4.82,0,22.84,false,false,english,,normal,false,false,false,,1782931741000
6a4560f561e093d47ba15a91,false,85.94,92.06,92.19,72.5,55;2;0;0,words,10,-1,9,7.68,0,23.41,false,false,english,,normal,false,false,false,,1782931701000
6a4560cd61e093d47ba15917,false,109.09,89.09,130.43,93.07,46;6;0;1,words,10,-1,9,5.06,0,23.01,false,false,english,,normal,false,false,false,,1782931661000
6a4560a361e093d47ba15795,false,74.78,100,74.78,45.58,42;0;0;0,words,10,-1,4,6.74,1,14.85,false,false,english,nospace,normal,false,false,false,,1782931619000
6a45608961e093d47ba156c2,false,85.88,92.5,92.84,86.58,37;2;0;0,words,10,-1,1,5.17,0,1.01,false,false,english,nospace,normal,false,false,false,,1782931593000
6a45608061e093d47ba1567d,false,78.05,100,78.05,71.66,40;0;0;0,words,10,-1,0,6.15,0,0,false,false,english,nospace,normal,false,false,false,,1782931584000
6a45607061e093d47ba15604,false,72.08,100,72.08,62.43,37;0;0;0,words,10,-1,0,6.16,0,0,false,false,english,nospace,normal,false,false,false,,1782931568000
6a45606961e093d47ba155c8,false,66.57,97.5,66.57,59.58,38;0;0;0,words,10,-1,1,6.85,0,2.29,false,false,english,nospace,normal,false,false,false,,1782931561000
6a45605a61e093d47ba1554a,false,68.42,100,68.42,54.48,39;0;0;0,words,10,-1,1,6.84,0,1.11,false,false,english,nospace,normal,false,false,false,,1782931546000
6a45604f61e093d47ba154e8,false,80.67,100,80.67,60.21,40;0;0;0,words,10,-1,1,5.95,0,0.94,false,false,english,nospace,normal,false,false,false,,1782931535000
6a45604661e093d47ba1548e,false,52.11,90.24,54.93,45.5,37;2;0;0,words,10,-1,0,8.52,0,0,false,false,english,nospace,normal,false,false,false,,1782931526000
6a45603d61e093d47ba15434,false,49.76,77.97,57.86,61.66,43;5;0;0,words,10,-1,1,10.37,0,0.9,false,false,english,nospace,normal,false,false,false,,1782931517000
6a45603061e093d47ba153b3,false,48.58,91.11,48.58,45.88,40;0;0;0,words,10,-1,1,9.88,0,1.01,false,false,english,nospace,normal,false,false,false,,1782931504000
6a45602261e093d47ba1533f,false,86.52,100,86.52,85.11,46;0;0;0,words,10,-1,0,6.38,0,0,false,false,english,nospace,normal,false,false,false,,1782931490000
6a45601a61e093d47ba152eb,false,46.4,97.3,46.4,27.56,36;0;0;0,words,10,-1,1,9.31,0,7.25,false,false,english,nospace,normal,false,false,false,,1782931482000
6a45600761e093d47ba1524e,false,59.61,100,59.61,72.68,38;0;0;0,words,10,-1,3,7.65,0,85.55,false,false,english,nospace,normal,false,false,false,,1782931463000
6a455f2261e093d47ba14a2d,false,115.22,100,115.22,87.14,53;0;0;0,words,10,-1,2,5.52,0,3.13,false,false,english,,normal,false,false,false,,1782931234000
6a455f1761e093d47ba149c0,false,117.88,100,117.88,90,50;0;0;0,words,10,-1,6,5.09,0,10.17,false,false,english,,normal,false,false,false,,1782931223000
6a4554e461e093d47ba0dfcf,false,127.55,100,127.55,84.07,49;0;0;0,words,10,-1,5,4.61,0,7.66,false,false,english,,normal,false,false,false,,1782928612000
6a453a0061e093d47b9fe564,false,89.07,86,123.71,86.16,36;6;1;1,words,10,-1,13,4.85,0,28.32,false,false,english,,normal,false,false,false,,1782921728000
6a4539d461e093d47b9fe3cc,false,116.7,100,116.7,88.25,46;0;0;0,words,10,-1,10,4.73,0,20.15,false,false,english,,normal,false,false,false,,1782921684000
6a4539b361e093d47b9fe284,false,90.57,83.58,137.91,82.66,44;9;2;0,words,10,-1,4,5.83,0,6.3,false,false,english,,normal,false,false,false,,1782921651000
6a4539a361e093d47b9fe1d9,false,108.43,95.92,118.07,72.18,45;2;0;0,words,10,-1,15,4.98,0,27.08,false,false,english,,normal,false,false,false,,1782921635000
6a45397661e093d47b9fe023,false,100,90.57,120.45,80.21,44;4;1;0,words,10,-1,7,5.28,0,9.99,false,false,english,,normal,false,false,false,,1782921590000
6a45396161e093d47b9fdf4e,false,114.29,100,114.29,73.91,52;0;0;0,words,10,-1,10,5.46,0,15.49,false,false,english,,normal,false,false,false,,1782921569000
6a45394361e093d47b9fde10,false,104.35,96.15,123.32,83.13,44;2;0;1,words,10,-1,1,5.06,0,3.8,false,false,english,,normal,false,false,false,,1782921539000
6a45393761e093d47b9fdda7,false,135.12,95.56,144.77,93.97,42;2;0;0,words,10,-1,8,3.73,0,10.09,false,false,english,,normal,false,false,false,,1782921527000
6a45392261e093d47b9fdcc3,false,117.5,100,117.5,76.62,47;0;0;0,words,10,-1,8,4.8,0,12.67,false,false,english,,normal,false,false,false,,1782921506000
6a45390761e093d47b9fdbb7,false,135.44,100,135.44,88.45,50;0;0;0,words,10,-1,0,4.43,0,0,false,false,english,,normal,false,false,false,,1782921479000
6a45390161e093d47b9fdb74,false,124.22,100,124.22,82.03,53;0;0;0,words,10,-1,3,5.12,0,9.45,false,false,english,,normal,false,false,false,,1782921473000
6a4538ee61e093d47b9fdab3,false,125.89,100,125.89,95.24,47;0;0;0,words,10,-1,0,4.48,0,0,false,false,english,,normal,false,false,false,,1782921454000
6a45388561e093d47b9fd691,false,112.94,94.34,124.71,79.06,48;2;1;0,words,10,-1,5,5.1,0,5.24,false,false,english,,normal,false,false,false,,1782921349000
6a45387661e093d47b9fd603,false,103.67,91.84,127,79.62,40;3;1;0,words,10,-1,32,4.63,0,50.33,false,false,english,,normal,false,false,false,,1782921334000
6a45382661e093d47b9fd2eb,false,131.87,100,131.87,87.2,50;0;0;0,words,10,-1,5,4.55,0,6.91,false,false,english,,normal,false,false,false,,1782921254000
6a45381661e093d47b9fd245,false,94.27,91.11,114.65,85.89,37;4;0;1,words,10,-1,7,4.71,0,11.37,false,false,english,,normal,false,false,false,,1782921238000
6a4537fe61e093d47b9fd157,false,129.16,100,129.16,85.88,55;0;0;0,words,10,-1,4,5.11,0,8.04,false,false,english,,normal,false,false,false,,1782921214000
6a4537eb61e093d47b9fd0ac,false,124.14,100,124.14,79.24,48;0;0;0,words,10,-1,3,4.64,0,7.31,false,false,english,,normal,false,false,false,,1782921195000
6a4537dc61e093d47b9fd018,false,123.08,96.15,133.33,88.29,48;2;0;0,words,10,-1,27,4.68,0,50.81,false,false,english,,normal,false,false,false,,1782921180000
6a45379061e093d47b9fcd04,false,101.03,88.24,125.67,91.64,41;5;1;0,words,10,-1,4,4.87,0,14.45,false,false,english,,normal,false,false,false,,1782921104000
6a45377761e093d47b9fcc06,false,123.92,100,123.92,87.87,60;0;0;0,words,10,-1,7,5.81,0,14.9,false,false,english,,normal,false,false,false,,1782921079000
6a45375c61e093d47b9fcafd,false,100,94.23,115.56,80.68,45;2;1;0,words,10,-1,6,5.4,0,9.59,false,false,english,,normal,false,false,false,,1782921052000
6a45374861e093d47b9fca1a,false,130.38,100,130.38,88.59,54;0;0;0,words,10,-1,3,4.97,0,7.7,false,false,english,,normal,false,false,false,,1782921032000
6a4536d961e093d47b9fc566,false,117.42,100,117.42,81.84,50;0;0;0,words,10,-1,9,5.11,0,22.1,false,false,english,,normal,false,false,false,,1782920921000
6a4536b661e093d47b9fc3cd,false,93.63,84.31,125.67,85.25,38;7;1;1,words,10,-1,0,4.87,0,0,false,false,english,,normal,false,false,false,,1782920886000
6a4536af61e093d47b9fc38b,false,109.27,100,109.27,83.03,56;0;0;0,words,10,-1,12,6.15,0,23.16,false,false,english,,normal,false,false,false,,1782920879000
6a45368861e093d47b9fc1e5,false,112.06,92.45,123.74,86.96,48;4;0;0,words,10,-1,9,5.14,0,25.14,false,false,english,,normal,false,false,false,,1782920840000
6a45366261e093d47b9fc04c,false,117.7,87.76,140.67,95.65,41;4;2;0,words,10,-1,0,4.18,0,0,false,false,english,,normal,false,false,false,,1782920802000
6a45365c61e093d47b9fc009,false,115.48,100,115.48,73.52,46;0;0;0,words,10,-1,5,4.78,0,14.52,false,false,english,,normal,false,false,false,,1782920796000
6a45364461e093d47b9fbf1a,false,130.38,100,130.38,90.48,49;0;0;0,words,10,-1,6,4.51,0,9.42,false,false,english,,normal,false,false,false,,1782920772000
6a45362d61e093d47b9fbe26,false,129.67,100,129.67,87.2,55;0;0;0,words,10,-1,6,5.09,0,12.45,false,false,english,,normal,false,false,false,,1782920749000
6a45361661e093d47b9fbd24,false,94.61,87.76,121.99,92.66,38;4;2;0,words,10,-1,6,4.82,0,7.47,false,false,english,,normal,false,false,false,,1782920726000
6a45360461e093d47b9fbc64,false,117.01,91.49,127.89,89.35,43;4;0;0,words,10,-1,10,4.41,0,23.8,false,false,english,,normal,false,false,false,,1782920708000
6a4535df61e093d47b9fbabb,false,102.58,95.16,120,82.97,53;2;1;0,words,10,-1,22,6.2,0,41.48,false,false,english,,normal,false,false,false,,1782920671000
6a45359d61e093d47b9fb7fb,false,131.97,95.56,138.11,76.46,43;2;0;0,words,10,-1,0,3.91,0,0,false,false,english,,normal,false,false,false,,1782920605000
6a45359761e093d47b9fb7b4,false,132.13,100,132.13,92.63,49;0;0;0,words,10,-1,1,4.45,0,1.62,false,false,english,,normal,false,false,false,,1782920599000
6a45358e61e093d47b9fb763,false,121.37,100,121.37,90,53;0;0;0,words,10,-1,11,5.24,0,21.95,false,false,english,,normal,false,false,false,,1782920590000
6a45356961e093d47b9fb5dd,false,113.25,100,113.25,79.13,52;0;0;0,words,10,-1,3,5.51,0,6.55,false,false,english,,normal,false,false,false,,1782920553000
6a45355a61e093d47b9fb524,false,116.55,100,116.55,83.11,54;0;0;0,words,10,-1,0,5.56,0,0,false,false,english,,normal,false,false,false,,1782920538000
6a45355361e093d47b9fb4e1,false,125.2,100,125.2,96.08,53;0;0;0,words,10,-1,2,5.08,0,3.54,false,false,english,,normal,false,false,false,,1782920531000
6a45354861e093d47b9fb47a,false,121.21,100,121.21,87.76,50;0;0;0,words,10,-1,5,4.95,0,7.68,false,false,english,,normal,false,false,false,,1782920520000
6a45353761e093d47b9fb3b3,false,129.73,93.75,141.52,87.41,44;3;0;0,words,10,-1,5,4.07,0,12.08,false,false,english,,normal,false,false,false,,1782920503000
6a4534e861e093d47b9fb090,false,109.09,90.2,120.95,85.86,46;5;0;0,words,10,-1,4,5.06,0,5.97,false,false,english,,normal,false,false,false,,1782920424000
6a4534d961e093d47b9faff7,false,99.79,90.2,127.23,90.14,40;4;1;0,words,10,-1,6,4.81,0,13.88,false,false,english,,normal,false,false,false,,1782920409000
6a4534c261e093d47b9faf0f,false,94.06,89.13,131.12,87.92,33;4;1;0,words,10,-1,6,4.21,0,14.91,false,false,english,,normal,false,false,false,,1782920386000
6a4534a961e093d47b9fae12,false,105.81,93.88,126.45,87.98,41;2;1;0,words,10,-1,0,4.65,0,0,false,false,english,,normal,false,false,false,,1782920361000
6a4534a361e093d47b9fadce,false,113.17,100,113.17,79.93,53;0;0;0,words,10,-1,12,5.62,0,18.77,false,false,english,,normal,false,false,false,,1782920355000
6a45348161e093d47b9fac8b,false,92.86,100,92.86,69.7,52;0;0;0,words,10,-1,11,6.72,0,19.37,false,false,english,,normal,false,false,false,,1782920321000
6a45345d61e093d47b9faafb,false,114.86,91.11,136.02,86.05,38;4;0;0,words,10,-1,15,3.97,0,24.18,false,false,english,,normal,false,false,false,,1782920285000
6a45343161e093d47b9fa92a,false,124.91,100,124.91,87.2,56;0;0;0,words,10,-1,4,5.38,0,7.42,false,false,english,,normal,false,false,false,,1782920241000
6a45332b61e093d47b9f9eb4,false,128.21,100,128.21,81.97,50;0;0;0,words,10,-1,4,4.68,0,4.43,false,false,english,,normal,false,false,false,,1782919979000
6a45331e61e093d47b9f9e2b,false,127,94.44,139.96,79.98,49;2;1;0,words,10,-1,0,4.63,0,0,false,false,english,,normal,false,false,false,,1782919966000
6a45331861e093d47b9f9dec,false,90.23,94.12,115.04,81.3,40;3;0;1,words,10,-1,18,5.32,0,38.32,false,false,english,,normal,false,false,false,,1782919960000
6a4532d961e093d47b9f9b69,false,113.03,96.08,122.65,85.74,47;2;0;1,words,10,-1,1,4.99,0,0.94,false,false,english,,normal,false,false,false,,1782919897000
6a4532d161e093d47b9f9b24,false,113.92,94,126.58,88.16,45;2;1;0,words,10,-1,8,4.74,0,20.45,false,false,english,,normal,false,false,false,,1782919889000
6a4532a561e093d47b9f9988,false,132.26,100,132.26,89.91,55;0;0;0,words,10,-1,3,4.99,0,9.46,false,false,english,,normal,false,false,false,,1782919845000
6a45328e61e093d47b9f98a8,false,105.62,89.66,130.34,84.67,47;5;1;0,words,10,-1,0,5.34,0,0,false,false,english,,normal,false,false,false,,1782919822000
6a45328761e093d47b9f985f,false,117.14,93.48,131.43,87.92,41;2;1;0,words,10,-1,1,4.2,0,2.4,false,false,english,,normal,false,false,false,,1782919815000
6a45327261e093d47b9f9781,false,43.43,95,43.43,74.16,38;0;0;0,words,10,-1,2,10.5,0,2.17,false,false,english,gibberish,normal,false,false,false,,1782919794000
6a4514cd61e093d47b9e52f6,false,133.02,100,133.02,93.57,47;0;0;0,words,10,-1,4,4.24,0,10.03,false,false,english,,normal,false,false,false,,1782912205000
6a4514bb61e093d47b9e5234,false,103.17,89.13,124.89,89.35,38;4;1;0,words,10,-1,5,4.42,0,6.14,false,false,english,,normal,false,false,false,,1782912187000
6a4514ab61e093d47b9e518b,false,108.9,96.43,115.07,89.14,53;2;0;0,words,10,-1,9,5.84,0,16.19,false,false,english,,normal,false,false,false,,1782912171000
6a45148d61e093d47b9e5046,false,118.81,96.43,133.07,89.2,50;2;0;0,words,10,-1,6,5.05,0,13.56,false,false,english,,normal,false,false,false,,1782912141000
6a45147561e093d47b9e4f34,false,110.83,100,110.83,84.16,52;0;0;0,words,10,-1,13,5.63,0,25.65,false,false,english,,normal,false,false,false,,1782912117000
6a45141261e093d47b9e4abe,false,124.04,100,124.04,89.37,46;0;0;0,words,10,-1,0,4.45,0,0,false,false,english,,normal,false,false,false,,1782912018000
6a4513fd61e093d47b9e49e6,false,109.09,94.55,122.45,85.86,49;2;1;0,words,10,-1,1,5.39,0,0.42,false,false,english,,normal,false,false,false,,1782911997000
6a4513f561e093d47b9e499a,false,103.08,91.49,124.23,80.73,39;3;1;0,words,10,-1,1,4.54,0,2.24,false,false,english,,normal,false,false,false,,1782911989000
6a4513ed61e093d47b9e4923,false,97.09,94.83,112.62,85.34,50;2;1;0,words,10,-1,11,6.18,0,28.33,false,false,english,,normal,false,false,false,,1782911981000
6a4512cb61e093d47b9e3c7d,false,133.04,100,133.04,79.06,51;0;0;0,words,10,-1,3,4.6,0,4.09,false,false,english,,normal,false,false,false,66f0476a66c51bbe14fbe34c;693b17813540add646bcb3ef,1782911691000
6a4512ad61e093d47b9e3b4a,false,134.23,100,134.23,87.92,50;0;0;0,words,10,-1,0,4.47,0,0,false,false,english,,normal,false,false,false,66f0476a66c51bbe14fbe34c;693b17813540add646bcb3ef,1782911661000
6a4512a761e093d47b9e3b18,false,119.72,100,119.72,90.88,43;0;0;0,words,10,-1,2,4.31,0,1.53,false,false,english,,normal,false,false,false,66f0476a66c51bbe14fbe34c;693b17813540add646bcb3ef,1782911655000
6a45129561e093d47b9e3a61,false,116.3,95.83,126.87,87.48,44;2;0;0,words,10,-1,0,4.54,0,0,false,false,english,,normal,false,false,false,66f0476a66c51bbe14fbe34c;693b17813540add646bcb3ef,1782911637000
6a45128f61e093d47b9e3a15,false,110.46,95.92,123.01,94.17,44;2;0;0,words,10,-1,6,4.78,0,9.94,false,false,english,,normal,false,false,false,66f0476a66c51bbe14fbe34c;693b17813540add646bcb3ef,1782911631000
6a45127a61e093d47b9e3927,false,121.85,100,121.85,58.41,46;0;0;0,words,10,-1,0,4.53,0,0,false,false,english,,normal,false,false,false,66f0476a66c51bbe14fbe34c;693b17813540add646bcb3ef,1782911610000
6a45127461e093d47b9e38ef,false,94.36,92.31,106.67,53.91,46;3;1;0,words,10,-1,1,5.85,0,0.94,false,false,english,,normal,false,false,false,66f0476a66c51bbe14fbe34c;693b17813540add646bcb3ef,1782911604000
6a45126b61e093d47b9e38a1,false,122.94,100,122.94,89.35,46;0;0;0,words,10,-1,1,4.49,0,1.76,false,false,english,,normal,false,false,false,66f0476a66c51bbe14fbe34c;693b17813540add646bcb3ef,1782911595000
6a44d6a761e093d47b9c1619,false,92.99,88.46,115.13,74.83,42;6;0;1,words,10,-1,6,5.42,0,10.37,false,false,english,,normal,false,false,false,,1782896295000
6a44d69361e093d47b9c155f,false,89.45,88.68,115.64,89.68,41;6;0;1,words,10,-1,34,5.5,0,51.96,false,false,english,,normal,false,false,false,,1782896275000
6a44d62461e093d47b9c1153,false,134.42,100,134.42,87.59,55;0;0;0,words,10,-1,22,4.91,0,38.53,false,false,english,,normal,false,false,false,,1782896164000
6a44d5b661e093d47b9c0d1f,false,111.26,93.88,129.8,89.52,42;3;0;1,words,10,-1,5,4.53,0,8.43,false,false,english,,normal,false,false,false,,1782896054000
6a44d5a561e093d47b9c0c6c,false,111.79,89.66,132.32,90.93,49;5;1;0,words,10,-1,1,5.26,0,1.15,false,false,english,,normal,false,false,false,,1782896037000
6a44d59d61e093d47b9c0c20,false,110.56,95.65,124.04,84.21,41;2;0;0,words,10,-1,5,4.45,0,5.13,false,false,english,,normal,false,false,false,,1782896029000
6a44d57461e093d47b9c0ac1,false,114.42,93.62,131.16,83.39,41;2;1;0,words,10,-1,7,4.3,0,12.66,false,false,english,,normal,false,false,false,,1782895988000
6a44d55d61e093d47b9c09e0,false,92.68,83.64,134.15,91.36,38;7;2;0,words,10,-1,24,4.92,0,46.52,false,false,english,,normal,false,false,false,,1782895965000
6a44d50d61e093d47b9c06c9,false,123.94,93.88,138.03,96.15,44;2;1;0,words,10,-1,5,4.26,0,8.22,false,false,english,,normal,false,false,false,,1782895885000
6a44d4fc61e093d47b9c0619,false,90,77.19,129.23,84.07,39;11;1;3,words,10,-1,2,5.2,0,1.72,false,false,english,,normal,false,false,false,,1782895868000
6a44d4f161e093d47b9c05b8,false,120.48,100,120.48,83.62,50;0;0;0,words,10,-1,6,4.98,0,9.37,false,false,english,,normal,false,false,false,,1782895857000
6a44d4de61e093d47b9c0501,false,109.76,94,121.95,81.86,45;2;1;0,words,10,-1,15,4.92,0,30.49,false,false,english,,normal,false,false,false,,1782895838000
6a44d4ae61e093d47b9c0350,false,102.94,83.33,141.18,90.31,35;7;1;1,words,10,-1,8,4.08,0,8.9,false,false,english,,normal,false,false,false,,1782895790000
6a44d49961e093d47b9c02a5,false,135.58,100,135.58,88.87,47;0;0;0,words,10,-1,8,4.16,0,11.11,false,false,english,,normal,false,false,false,,1782895769000
6a44d43a61e093d47b9bff94,false,120.24,100,120.24,89.05,51;0;0;0,words,10,-1,7,5.09,0,7.91,false,false,english,,normal,false,false,false,,1782895674000
6a44d42761e093d47b9bfefe,false,118.25,100,118.25,91.67,54;0;0;0,words,10,-1,0,5.48,0,0,false,false,english,,normal,false,false,false,,1782895655000
6a44d42161e093d47b9bfec0,false,97.37,85.37,117.42,85.96,34;6;0;1,words,10,-1,11,4.19,0,24.03,false,false,english,,normal,false,false,false,,1782895649000
6a44d3fc61e093d47b9bfd6d,false,113.68,96.43,113.68,74.96,54;0;0;0,words,10,-1,14,5.7,0,32.36,false,false,english,,normal,false,false,false,,1782895612000
6a44d08f61e093d47b9bdf47,false,130.15,100,130.15,81.41,50;0;0;0,words,10,-1,6,4.61,0,11.2,false,false,english,,normal,false,false,false,,1782894735000
6a44d07761e093d47b9bde79,false,128.48,100,128.48,81.33,53;0;0;0,words,10,-1,1,4.95,0,3.7,false,false,english,,normal,false,false,false,,1782894711000
6a44d06961e093d47b9bddff,false,117.21,92,139.53,78.8,42;4;0;1,words,10,-1,1,4.3,0,3.34,false,false,english,,normal,false,false,false,,1782894697000
6a44d05f61e093d47b9bdda7,false,82.76,80.95,113.1,84.21,30;6;1;4,words,10,-1,2,4.35,0,4.14,false,false,english,,normal,false,false,false,,1782894687000
6a44d05461e093d47b9bdd4b,false,127.15,100,127.15,87.04,48;0;0;0,words,10,-1,2,4.53,0,1.52,false,false,english,,normal,false,false,false,,1782894676000
6a44d04b61e093d47b9bdd01,false,131.34,100,131.34,83.39,44;0;0;0,words,10,-1,1,4.02,0,0.6,false,false,english,,normal,false,false,false,,1782894667000
6a44d04561e093d47b9bdcb6,false,124.25,93.33,147.14,94.75,38;2;1;0,words,10,-1,1,3.67,0,1.01,false,false,english,,normal,false,false,false,,1782894661000
6a44d03e61e093d47b9bdc84,false,113.92,94,126.58,91.65,45;2;1;0,words,10,-1,1,4.74,0,1.06,false,false,english,,normal,false,false,false,,1782894654000
6a43889c61e093d47b91c0a8,false,82.57,95.74,82.57,69.84,45;0;0;0,words,10,-1,0,6.54,0,0,false,false,english,,normal,false,false,false,6a34f2b2b7b5429521db59a8,1782810780000
6a43889461e093d47b91c054,false,89.81,100,89.81,82.99,47;0;0;0,words,10,-1,4,6.28,0,16.72,false,false,english,,normal,false,false,false,6a34f2b2b7b5429521db59a8,1782810772000
6a43887961e093d47b91bf52,false,73.79,87.76,95.15,89.79,38;4;2;0,words,10,-1,0,6.18,0,0,false,false,english,,normal,false,false,false,6a34f2b2b7b5429521db59a8,1782810745000
6a422c1961e093d47b86ac62,false,97.45,100,97.45,83.86,51;0;0;0,words,10,-1,11,6.28,0,29.31,false,false,english,,normal,false,false,false,,1782721561000
6a422bdf61e093d47b86aa09,false,109.09,96.15,109.09,73.01,50;0;0;0,words,10,-1,4,5.5,0,9.59,false,false,english,,normal,false,false,false,,1782721503000
6a422bcb61e093d47b86a963,false,90.71,97.96,90.71,79.15,48;0;0;0,words,10,-1,3,6.35,0,4.71,false,false,english,,normal,false,false,false,,1782721483000
6a422bbd61e093d47b86a8d9,false,107.87,94.55,123.6,90.39,48;2;1;0,words,10,-1,0,5.34,0,0,false,false,english,,normal,false,false,false,,1782721469000
6a422bb661e093d47b86a899,false,86.81,96.3,86.81,56.36,51;0;0;0,words,10,-1,10,7.05,0,21.85,false,false,english,,normal,false,false,false,,1782721462000
6a422b8461e093d47b86a6e3,false,120.62,93.33,139.18,88.39,39;2;1;0,words,10,-1,1,3.88,0,3.78,false,false,english,,normal,false,false,false,67a9de60c60cdb1842a8bfa8;6936888fdd1047f2055ce204,1782721412000
6a422b7a61e093d47b86a698,false,106.27,89.29,123.99,83.13,48;5;1;0,words,10,-1,3,5.42,0,4.02,false,false,english,,normal,false,false,false,,1782721402000
6a422b6d61e093d47b86a614,false,96.19,81.48,129.86,93.24,40;8;2;0,words,10,-1,0,4.99,0,0,false,false,english,,normal,false,false,false,,1782721389000
6a422b6661e093d47b86a5d9,false,118.97,100,118.97,84.53,46;0;0;0,words,10,-1,1,4.64,0,1.38,false,false,english,,normal,false,false,false,,1782721382000
6a422b5761e093d47b86a54a,false,43.15,100,43.15,64.6,52;0;0;0,words,10,-1,1,14.46,0,17.97,false,false,english,,normal,false,false,false,,1782721367000
6a422b2a61e093d47b86a3b0,false,121.19,100,121.19,85.86,51;0;0;0,words,10,-1,3,5.05,0,2.07,false,false,english,,normal,false,false,false,,1782721322000
6a422b1f61e093d47b86a345,false,105.31,91.11,124.71,91.91,38;3;1;0,words,10,-1,2,4.33,0,2.78,false,false,english,,normal,false,false,false,,1782721311000
6a422b1561e093d47b86a2fb,false,115.75,100,115.75,91.49,49;0;0;0,words,10,-1,6,5.08,0,9.76,false,false,english,,normal,false,false,false,,1782721301000
6a422b0061e093d47b86a229,false,102.65,91.84,117.31,84.44,42;3;0;3,words,10,-1,7,4.91,0,11.5,false,false,english,,normal,false,false,false,,1782721280000
6a422ae961e093d47b86a13b,false,113.94,100,113.94,82.25,47;0;0;0,words,10,-1,1,4.95,0,0.5,false,false,english,,normal,false,false,false,,1782721257000
6a4224c661e093d47b8669d9,false,83.52,93.18,96.7,73.78,38;2;1;0,words,10,-1,2,5.46,0,2.69,false,false,english,,normal,false,false,false,,1782719686000
6a4223b761e093d47b8660a7,false,106.67,96,121.21,86.57,44;1;1;0,words,10,-1,1,4.95,0,4.36,false,false,english,,normal,false,false,false,,1782719415000
6a3ed09461e093d47b71194a,false,126.46,100,126.46,89.35,47;0;0;0,words,10,-1,9,4.46,0,27.13,false,false,english,,normal,false,false,false,6a34f2b2b7b5429521db59a8,1782501524000
6a3ed06b61e093d47b711843,false,109.98,100,109.98,84.03,45;0;0;0,words,10,-1,0,4.91,0,0,false,false,english,,normal,false,false,false,6a34f2b2b7b5429521db59a8,1782501483000
6a3ed06461e093d47b71181b,false,120.22,100,120.22,87.35,55;0;0;0,words,10,-1,2,5.49,0,4.33,false,false,english,,normal,false,false,false,6a34f2b2b7b5429521db59a8,1782501476000
6a3ed05761e093d47b7117c6,false,103.41,100,103.41,78.57,48;0;0;0,words,10,-1,1,5.57,0,4.23,false,false,english,,normal,false,false,false,6a34f2b2b7b5429521db59a8,1782501463000
6a3ed04b61e093d47b71176e,false,106.51,94.23,123.08,89.05,45;2;1;0,words,10,-1,4,5.07,0,8.55,false,false,english,,normal,false,false,false,6a34f2b2b7b5429521db59a8,1782501451000
6a3ed03761e093d47b7116e8,false,117.95,100,117.95,83.76,46;0;0;0,words,10,-1,2,4.68,0,8.48,false,false,english,,normal,false,false,false,6a34f2b2b7b5429521db59a8,1782501431000
6a3e56be61e093d47b6ca356,false,117.65,96.23,124.71,90.19,50;2;0;0,words,10,-1,6,5.1,0,13.77,false,false,english,,normal,false,false,false,6a34f2b2b7b5429521db59a8,1782470334000
6a3e56a561e093d47b6ca263,false,110.13,100,110.13,75.16,48;0;0;0,words,10,-1,15,5.23,0,30.38,false,false,english,,normal,false,false,false,6a34f2b2b7b5429521db59a8,1782470309000
6a3e565161e093d47b6c9f72,false,135.04,100,135.04,92.63,44;0;0;0,words,10,-1,2,3.91,0,3.99,false,false,english,,normal,false,false,false,6a34f2b2b7b5429521db59a8,1782470225000
6a3e564561e093d47b6c9efd,false,113.21,100,113.21,76.22,45;0;0;0,words,10,-1,6,4.77,0,9.45,false,false,english,,normal,false,false,false,6a34f2b2b7b5429521db59a8,1782470213000
6a3e563061e093d47b6c9e41,false,114.74,100,114.74,85.57,48;0;0;0,words,10,-1,4,5.02,0,6.5,false,false,english,,normal,false,false,false,6a34f2b2b7b5429521db59a8,1782470192000
6a3e561f61e093d47b6c9d8c,false,117.16,100,117.16,90.46,66;0;0;0,words,10,-1,0,6.76,0,0,false,false,english,,normal,false,false,false,6a34f2b2b7b5429521db59a8,1782470175000
6a3e561661e093d47b6c9d3a,false,94.53,84.31,133.92,88.1,36;7;1;1,words,10,-1,0,4.57,0,0,false,false,english,,normal,false,false,false,6a34f2b2b7b5429521db59a8,1782470166000
6a3e543f61e093d47b6c8c6d,false,101.27,93.48,116.46,92.29,40;2;1;0,words,10,-1,2,4.74,0,2.49,false,false,english,,normal,false,false,false,6a34f2b2b7b5429521db59a8,1782469695000
6a3e543461e093d47b6c8bfa,false,108.15,93.75,123.61,92.64,42;2;1;0,words,10,-1,2,4.66,0,1.52,false,false,english,,normal,false,false,false,6a34f2b2b7b5429521db59a8,1782469684000
6a3e542c61e093d47b6c8ba8,false,109.98,100,109.98,77.78,56;0;0;0,words,10,-1,0,6.11,0,0,false,false,english,,normal,false,false,false,6a34f2b2b7b5429521db59a8,1782469676000
6a3e542461e093d47b6c8b63,false,113.09,100,113.09,86.85,54;0;0;0,words,10,-1,1,5.73,0,2.63,false,false,english,,normal,false,false,false,6a34f2b2b7b5429521db59a8,1782469668000
6a3e541961e093d47b6c8b01,false,107.6,92.16,119.3,94.9,46;4;0;1,words,10,-1,1,5.13,0,0.5,false,false,english,,normal,false,false,false,6a34f2b2b7b5429521db59a8,1782469657000
6a3e541161e093d47b6c8ab2,false,123.98,100,123.98,85.61,53;0;0;0,words,10,-1,4,5.13,0,12.55,false,false,english,,normal,false,false,false,6a34f2b2b7b5429521db59a8,1782469649000
6a3e53eb61e093d47b6c8970,false,112.37,100,112.37,84.4,53;0;0;0,words,10,-1,4,5.66,0,7.92,false,false,english,,normal,false,false,false,6a34f2b2b7b5429521db59a8,1782469611000
6a3e53d961e093d47b6c88d2,false,111.11,94.44,120,79.59,50;2;1;0,words,10,-1,0,5.4,0,0,false,false,english,,normal,false,false,false,6a34f2b2b7b5429521db59a8,1782469593000
6a3e53d161e093d47b6c8889,false,90.57,92.45,109.09,83.04,44;3;1;1,words,10,-1,4,5.83,0,7.06,false,false,english,,normal,false,false,false,6a34f2b2b7b5429521db59a8,1782469585000
6a3e53bf61e093d47b6c8803,false,94.98,90.57,122.78,86.46,41;4;1;0,words,10,-1,0,5.18,0,0,false,false,english,,normal,false,false,false,6a34f2b2b7b5429521db59a8,1782469567000
6a3e53b961e093d47b6c87d3,false,120.59,93.48,135.29,84.13,41;2;1;0,words,10,-1,5,4.08,0,17.4,false,false,english,,normal,false,false,false,6a34f2b2b7b5429521db59a8,1782469561000
6a3e537361e093d47b6c858f,false,110.64,100,110.64,78.07,52;0;0;0,words,10,-1,4,5.64,0,11.96,false,false,english,,normal,false,false,false,6a34f2b2b7b5429521db59a8,1782469491000
6a3e535761e093d47b6c8499,false,110.34,94.34,121.84,89.86,48;2;1;0,words,10,-1,0,5.22,0,0,false,false,english,,normal,false,false,false,6a34f2b2b7b5429521db59a8,1782469463000
6a3e535061e093d47b6c845d,false,128,100,128,89.06,48;0;0;0,words,10,-1,0,4.5,0,0,false,false,english,,normal,false,false,false,6a34f2b2b7b5429521db59a8,1782469456000
6a3e530c61e093d47b6c81f6,false,101.95,90.91,116.81,88.83,48;5;0;0,words,10,-1,5,5.65,0,8.27,false,false,english,,normal,false,false,false,6a34f2b2b7b5429521db59a8,1782469388000
6a3e52f461e093d47b6c8138,false,131.51,100,131.51,92.29,48;0;0;0,words,10,-1,2,4.38,0,6.06,false,false,english,,normal,false,false,false,6a34f2b2b7b5429521db59a8,1782469364000
6a3e52e461e093d47b6c80b4,false,116.86,91.11,128.27,92.29,41;4;0;0,words,10,-1,3,4.21,0,4.89,false,false,english,,normal,false,false,false,6a34f2b2b7b5429521db59a8,1782469348000
6a3e52d561e093d47b6c8033,false,93.98,93.33,108.43,81.46,39;3;0;1,words,10,-1,1,4.98,0,1.15,false,false,english,,normal,false,false,false,6a34f2b2b7b5429521db59a8,1782469333000
6a3e52ca61e093d47b6c7fce,false,119.07,100,119.07,88.23,51;0;0;0,words,10,-1,3,5.14,0,5.79,false,false,english,,normal,false,false,false,6a34f2b2b7b5429521db59a8,1782469322000
6a3e52b861e093d47b6c7f3d,false,121.74,100,121.74,80.99,49;0;0;0,words,10,-1,4,4.83,0,12.62,false,false,english,,normal,false,false,false,6a34f2b2b7b5429521db59a8,1782469304000
6a3e52a261e093d47b6c7e78,false,80.23,88.33,104.65,85.24,46;5;2;0,words,10,-1,1,6.88,0,1.23,false,false,english,,normal,false,false,false,6a34f2b2b7b5429521db59a8,1782469282000
6a3e529461e093d47b6c7deb,false,127.39,100,127.39,79.73,50;0;0;0,words,10,-1,3,4.71,0,4.76,false,false,english,,normal,false,false,false,6a34f2b2b7b5429521db59a8,1782469268000
6a3e528661e093d47b6c7d7b,false,92.04,93.22,102.65,65.61,52;3;0;0,words,10,-1,1,6.78,0,3.61,false,false,english,,normal,false,false,false,6a34f2b2b7b5429521db59a8,1782469254000
6a3e527961e093d47b6c7cfb,false,112.15,100,112.15,84.03,50;0;0;0,words,10,-1,3,5.35,0,6.46,false,false,english,,normal,false,false,false,6a34f2b2b7b5429521db59a8,1782469241000
6a3e526861e093d47b6c7c70,false,88.13,96.08,95.62,77.38,47;2;0;1,words,10,-1,4,6.4,0,9.48,false,false,english,,normal,false,false,false,6a34f2b2b7b5429521db59a8,1782469224000
6a3e525461e093d47b6c7bad,false,113.61,94.23,123.08,91.06,48;3;0;1,words,10,-1,1,5.07,0,1.75,false,false,english,,normal,false,false,false,6a34f2b2b7b5429521db59a8,1782469204000
6a3e522461e093d47b6c79f5,false,121.32,100,121.32,78.2,46;0;0;0,words,10,-1,0,4.55,0,0,false,false,english,,normal,false,false,false,6a34f2b2b7b5429521db59a8,1782469156000
6a3e521d61e093d47b6c79bd,false,89.67,98.21,89.67,76.74,55;0;0;0,words,10,-1,1,7.36,0,2.61,false,false,english,,normal,false,false,false,6a34f2b2b7b5429521db59a8,1782469149000
6a3e521061e093d47b6c7946,false,97.35,94.44,114.29,82.08,46;2;1;0,words,10,-1,7,5.67,0,17.86,false,false,english,,normal,false,false,false,6a34f2b2b7b5429521db59a8,1782469136000
6a3e51ef61e093d47b6c7833,false,116.57,100,116.57,87.5,51;0;0;0,words,10,-1,5,5.25,0,13.29,false,false,english,,normal,false,false,false,6a34f2b2b7b5429521db59a8,1782469103000
6a3e51d661e093d47b6c775e,false,110.2,94.23,127.35,86.91,45;2;1;0,words,10,-1,1,4.9,0,1.17,false,false,english,,normal,false,false,false,6a34f2b2b7b5429521db59a8,1782469078000
6a3e51cd61e093d47b6c771b,false,110.5,100,110.5,85.57,50;0;0;0,words,10,-1,13,5.43,0,25.04,false,false,english,,normal,false,false,false,6a34f2b2b7b5429521db59a8,1782469069000
6a3e518061e093d47b6c7446,false,117.39,94.12,133.04,90.21,45;2;1;0,words,10,-1,0,4.6,0,0,false,false,english,,normal,false,false,false,6a34f2b2b7b5429521db59a8,1782468992000
6a3e512761e093d47b6c711d,false,122.11,100,122.11,90.39,52;0;0;0,words,10,-1,4,5.11,0,9.16,false,false,english,,normal,false,false,false,6a34f2b2b7b5429521db59a8,1782468903000
6a3e511361e093d47b6c706c,false,112.37,100,112.37,87.33,53;0;0;0,words,10,-1,0,5.66,0,0,false,false,english,,normal,false,false,false,6a34f2b2b7b5429521db59a8,1782468883000
6a3e50b461e093d47b6c6cf5,false,95.11,96.08,103.2,84.8,47;2;0;0,words,10,-1,0,5.93,0,0,false,false,english,,normal,false,false,false,6a34f2b2b7b5429521db59a8,1782468788000
6a3e50ac61e093d47b6c6cb3,false,90.61,82.35,124.9,85.04,37;7;2;0,words,10,-1,3,4.9,0,6.43,false,false,english,,normal,false,false,false,6a34f2b2b7b5429521db59a8,1782468780000
6a3e509e61e093d47b6c6c1c,false,87.75,82.35,111.88,87.32,40;9;0;2,words,10,-1,0,5.47,0,0,false,false,english,,normal,false,false,false,6a34f2b2b7b5429521db59a8,1782468765000
6a3e509661e093d47b6c6bd9,false,83.19,100,83.19,86.03,40;0;0;0,words,10,-1,6,5.77,0,11.58,false,false,english,,normal,false,false,false,6a34f2b2b7b5429521db59a8,1782468758000
6a3e507861e093d47b6c6ad7,false,121.78,100,121.78,87.61,48;0;0;0,words,10,-1,4,4.73,0,9.02,false,false,english,,normal,false,false,false,6a34f2b2b7b5429521db59a8,1782468728000
6a3e506461e093d47b6c6a1a,false,115.99,100,115.99,90.15,55;0;0;0,words,10,-1,1,5.69,0,3.87,false,false,english,,normal,false,false,false,6a34f2b2b7b5429521db59a8,1782468708000
6a3e331e61e093d47b6b68d2,false,114.16,96.08,129.39,85.78,45;2;0;0,words,10,-1,2,4.73,0,7.35,false,false,english,,normal,false,false,false,6a34f2b2b7b5429521db59a8,1782461214000
6a3e330f61e093d47b6b6859,false,104.61,100,104.61,87.24,53;0;0;0,words,10,-1,0,6.08,0,0,false,false,english,,normal,false,false,false,6a34f2b2b7b5429521db59a8,1782461199000
6a3e330761e093d47b6b6815,false,95.11,100,95.11,74.43,47;0;0;0,words,10,-1,0,5.93,0,0,false,false,english,,normal,false,false,false,6a34f2b2b7b5429521db59a8,1782461191000
6a3e321b61e093d47b6b60ef,false,112.82,100,112.82,87.46,55;0;0;0,words,10,-1,1,5.85,0,3.3,false,false,english,,normal,false,false,false,6a34f2b2b7b5429521db59a8,1782460955000
6a3e320f61e093d47b6b6098,false,89.29,92.16,111.07,88.17,41;3;1;1,words,10,-1,0,5.51,0,0,false,false,english,,normal,false,false,false,6a34f2b2b7b5429521db59a8,1782460943000
6a3e320661e093d47b6b6055,false,116.2,100,116.2,91.49,52;0;0;0,words,10,-1,2,5.37,0,3.22,false,false,english,,normal,false,false,false,6a34f2b2b7b5429521db59a8,1782460934000
6a3e31fb61e093d47b6b5fdf,false,85.97,97.96,85.97,77.25,48;0;0;0,words,10,-1,3,6.7,0,3.48,false,false,english,,normal,false,false,false,6a34f2b2b7b5429521db59a8,1782460923000
6a3e31ec61e093d47b6b5f5d,false,110.94,100,110.94,91.87,49;0;0;0,words,10,-1,1,5.3,0,0.97,false,false,english,,normal,false,false,false,6a34f2b2b7b5429521db59a8,1782460908000
6a3cba8561e093d47b5f6f3a,false,82.47,94.44,90.88,61.36,49;3;0;1,words,10,-1,3,7.13,0,11.18,false,false,english,,normal,false,false,false,6a34f2b2b7b5429521db59a8,1782364805000
6a3cba6f61e093d47b5f6e77,false,110.49,100,110.49,85.93,43;0;0;0,words,10,-1,1,4.67,0,1.65,false,false,english,,normal,false,false,false,6a34f2b2b7b5429521db59a8,1782364783000
6a3b854861e093d47b55a45a,false,124.22,100,124.22,90.19,50;0;0;0,words,10,-1,19,4.83,0,31.05,false,false,english,,normal,false,false,false,67a9de60c60cdb1842a8bfa8;6936888fdd1047f2055ce204,1782285640000
6a3b851661e093d47b55a291,false,116.27,95,131.63,86.39,53;2;1;0,words,10,-1,0,5.47,0,0,false,false,english,,normal,false,false,false,67a9de60c60cdb1842a8bfa8;6936888fdd1047f2055ce204,1782285590000
6a3b850f61e093d47b55a254,false,107.26,94.34,118.44,89.38,48;2;1;0,words,10,-1,6,5.37,0,8.94,false,false,english,,normal,false,false,false,67a9de60c60cdb1842a8bfa8;6936888fdd1047f2055ce204,1782285583000
6a3b84fc61e093d47b55a1a7,false,121.74,93.62,136.23,88.45,42;2;1;0,words,10,-1,8,4.14,0,11.68,false,false,english,,normal,false,false,false,67a9de60c60cdb1842a8bfa8;6936888fdd1047f2055ce204,1782285564000
6a3b84e561e093d47b55a0d6,false,112.5,88.68,141.96,87.41,42;4;2;0,words,10,-1,1,4.48,0,1.87,false,false,english,,normal,false,false,false,67a9de60c60cdb1842a8bfa8;6936888fdd1047f2055ce204,1782285541000
6a3b84dc61e093d47b55a08a,false,103.7,84.62,128.4,84.07,42;7;1;0,words,10,-1,0,4.86,0,0,false,false,english,,normal,false,false,false,67a9de60c60cdb1842a8bfa8;6936888fdd1047f2055ce204,1782285532000
6a3b84d561e093d47b55a042,false,123.27,98,123.27,78.38,49;0;0;0,words,10,-1,1,4.77,0,1.37,false,false,english,,normal,false,false,false,67a9de60c60cdb1842a8bfa8;6936888fdd1047f2055ce204,1782285525000
6a3b84bc61e093d47b559f70,false,126.15,100,126.15,94.83,41;0;0;0,words,10,-1,16,3.9,0,22.84,false,false,english,,normal,false,false,false,67a9de60c60cdb1842a8bfa8;6936888fdd1047f2055ce204,1782285500000
6a3b849361e093d47b559deb,false,110.11,89.29,125.84,80.2,49;6;0;0,words,10,-1,1,5.34,0,0.95,false,false,english,,normal,false,false,false,67a9de60c60cdb1842a8bfa8;6936888fdd1047f2055ce204,1782285459000
6a3b848b61e093d47b559d97,false,112.66,84.91,138.86,92.05,43;7;1;1,words,10,-1,19,4.58,0,39.9,false,false,english,,normal,false,false,false,67a9de60c60cdb1842a8bfa8;6936888fdd1047f2055ce204,1782285451000
6a3b83c761e093d47b55967e,false,131.74,100,131.74,92.29,46;0;0;0,words,10,-1,27,4.19,0,49.17,false,false,english,,normal,false,false,false,67a9de60c60cdb1842a8bfa8;6936888fdd1047f2055ce204,1782285255000
6a3b835561e093d47b55928e,false,104.76,90.38,123.81,88.57,44;4;1;0,words,10,-1,6,5.04,0,6.59,false,false,english,,normal,false,false,false,67a9de60c60cdb1842a8bfa8;6936888fdd1047f2055ce204,1782285141000
6a3b834461e093d47b5591de,false,124.89,100,124.89,85.71,46;0;0;0,words,10,-1,10,4.42,0,16.18,false,false,english,,normal,false,false,false,67a9de60c60cdb1842a8bfa8;6936888fdd1047f2055ce204,1782285124000
6a3b81ea61e093d47b558577,false,104.23,88,140.85,92.63,37;4;2;0,words,10,-1,13,4.26,0,22.11,false,false,english,,normal,false,false,false,67a9de60c60cdb1842a8bfa8;6936888fdd1047f2055ce204,1782284778000
6a3b81c561e093d47b55840c,false,125.17,94,136.05,92.63,46;2;1;0,words,10,-1,3,4.41,0,8.15,false,false,english,,normal,false,false,false,67a9de60c60cdb1842a8bfa8;6936888fdd1047f2055ce204,1782284741000
6a3b81b561e093d47b55838e,false,106.61,90.2,126.45,87.95,43;4;1;0,words,10,-1,14,4.84,0,24.13,false,false,english,,normal,false,false,false,67a9de60c60cdb1842a8bfa8;6936888fdd1047f2055ce204,1782284725000
6a3b818861e093d47b5581f9,false,114.94,100,114.94,78.09,50;0;0;0,words,10,-1,6,5.22,0,12.12,false,false,english,,normal,false,false,false,67a9de60c60cdb1842a8bfa8;6936888fdd1047f2055ce204,1782284680000
6a3b817161e093d47b55812b,false,107.05,88.46,129.46,83.87,43;4;2;0,words,10,-1,1,4.82,0,1.89,false,false,english,,normal,false,false,false,67a9de60c60cdb1842a8bfa8;6936888fdd1047f2055ce204,1782284657000
6a3b816861e093d47b5580dd,false,127.61,100,127.61,83.63,52;0;0;0,words,10,-1,34,4.89,0,66.92,false,false,english,,normal,false,false,false,67a9de60c60cdb1842a8bfa8;6936888fdd1047f2055ce204,1782284648000
6a3b810161e093d47b557d6f,false,138.13,100,138.13,90.28,48;0;0;0,words,10,-1,5,4.17,0,12.97,false,false,english,,normal,false,false,false,67a9de60c60cdb1842a8bfa8;6936888fdd1047f2055ce204,1782284545000
6a3b80eb61e093d47b557c98,false,101.45,86.67,130.43,91.75,35;6;0;1,words,10,-1,6,4.14,0,7.21,false,false,english,,normal,false,false,false,67a9de60c60cdb1842a8bfa8;6936888fdd1047f2055ce204,1782284523000
6a3b80dc61e093d47b557bfc,false,101.1,87.04,112.09,81.45,46;3;1;0,words,10,-1,7,5.46,0,7.76,false,false,english,,normal,false,false,false,67a9de60c60cdb1842a8bfa8;6936888fdd1047f2055ce204,1782284508000
6a3b80c961e093d47b557b55,false,115.34,96.15,127.61,90.2,47;2;0;0,words,10,-1,2,4.89,0,2.2,false,false,english,,normal,false,false,false,67a9de60c60cdb1842a8bfa8;6936888fdd1047f2055ce204,1782284489000
6a3b80bf61e093d47b557af9,false,127.12,100,127.12,88.35,50;0;0;0,words,10,-1,0,4.72,0,0,false,false,english,,normal,false,false,false,67a9de60c60cdb1842a8bfa8;6936888fdd1047f2055ce204,1782284479000
6a3b809b61e093d47b55799f,false,133.33,100,133.33,89.87,54;0;0;0,words,10,-1,1,4.86,0,2.5,false,false,english,,normal,false,false,false,67a9de60c60cdb1842a8bfa8;6936888fdd1047f2055ce204,1782284443000
6a3b809261e093d47b55794a,false,108.47,94.44,122.03,90.39,48;2;1;0,words,10,-1,4,5.31,0,4.02,false,false,english,,normal,false,false,false,67a9de60c60cdb1842a8bfa8;6936888fdd1047f2055ce204,1782284434000
6a3b808461e093d47b5578d3,false,131,100,131,91.87,50;0;0;0,words,10,-1,1,4.58,0,4.47,false,false,english,,normal,false,false,false,67a9de60c60cdb1842a8bfa8;6936888fdd1047f2055ce204,1782284420000
6a3b807961e093d47b55786b,false,128.03,100,128.03,92.79,51;0;0;0,words,10,-1,5,4.78,0,9.37,false,false,english,,normal,false,false,false,67a9de60c60cdb1842a8bfa8;6936888fdd1047f2055ce204,1782284409000
6a3b806361e093d47b5577a6,false,133.33,100,133.33,93.57,45;0;0;0,words,10,-1,0,4.05,0,0,false,false,english,,normal,false,false,false,67a9de60c60cdb1842a8bfa8;6936888fdd1047f2055ce204,1782284387000
6a3b805e61e093d47b557774,false,106.45,91.84,118.55,81.75,44;4;0;1,words,10,-1,10,4.96,0,21.69,false,false,english,,normal,false,false,false,67a9de60c60cdb1842a8bfa8;6936888fdd1047f2055ce204,1782284382000
6a3b803b61e093d47b557644,false,127.78,100,127.78,80.37,46;0;0;0,words,10,-1,0,4.32,0,0,false,false,english,,normal,false,false,false,67a9de60c60cdb1842a8bfa8;6936888fdd1047f2055ce204,1782284347000
6a3b802f61e093d47b5575e6,false,135.85,100,135.85,90.28,48;0;0;0,words,10,-1,3,4.24,0,5.2,false,false,english,,normal,false,false,false,67a9de60c60cdb1842a8bfa8;6936888fdd1047f2055ce204,1782284335000
6a3b7ff661e093d47b5573d3,false,123.62,95.56,135.68,96.33,41;2;0;0,words,10,-1,3,3.98,0,3.63,false,false,english,,normal,false,false,false,67a9de60c60cdb1842a8bfa8;6936888fdd1047f2055ce204,1782284278000
6a3b7fd661e093d47b5572b4,false,138.46,100,138.46,86.96,51;0;0;0,words,10,-1,2,4.42,0,2.88,false,false,english,,normal,false,false,false,67a9de60c60cdb1842a8bfa8;6936888fdd1047f2055ce204,1782284246000
6a3b7fca61e093d47b557249,false,102.86,91.84,129.23,89.2,39;3;1;1,words,10,-1,1,4.55,0,4.18,false,false,english,,normal,false,false,false,67a9de60c60cdb1842a8bfa8;6936888fdd1047f2055ce204,1782284234000
6a3b7fab61e093d47b557126,false,114.97,90.91,131.74,79.75,48;5;0;1,words,10,-1,1,5.01,0,0.51,false,false,english,,normal,false,false,false,67a9de60c60cdb1842a8bfa8;6936888fdd1047f2055ce204,1782284203000
6a3b7fa261e093d47b5570d7,false,120,96,130.43,82.97,46;2;0;0,words,10,-1,4,4.6,0,5.4,false,false,english,,normal,false,false,false,67a9de60c60cdb1842a8bfa8;6936888fdd1047f2055ce204,1782284194000
6a3b7f9461e093d47b557053,false,112.37,100,112.37,88.26,53;0;0;0,words,10,-1,18,5.66,0,28.35,false,false,english,,normal,false,false,false,67a9de60c60cdb1842a8bfa8;6936888fdd1047f2055ce204,1782284180000
6a3b7f5e61e093d47b556e60,false,108.84,93.75,133.95,86.24,39;3;0;1,words,10,-1,0,4.3,0,0,false,false,english,,normal,false,false,false,67a9de60c60cdb1842a8bfa8;6936888fdd1047f2055ce204,1782284126000
6a3b7f5861e093d47b556e24,false,107.1,96.15,126.57,90.77,44;2;0;1,words,10,-1,0,4.93,0,0,false,false,english,,normal,false,false,false,67a9de60c60cdb1842a8bfa8;6936888fdd1047f2055ce204,1782284120000
6a3b7f5261e093d47b556df5,false,100,80.77,133.33,93.72,39;9;1;1,words,10,-1,3,4.68,0,8.7,false,false,english,,normal,false,false,false,67a9de60c60cdb1842a8bfa8;6936888fdd1047f2055ce204,1782284114000
6a3b7f2961e093d47b556ca0,false,98.94,77.78,140.43,94.06,31;8;1;3,words,10,-1,1,3.76,0,0.91,false,false,english,,normal,false,false,false,67a9de60c60cdb1842a8bfa8;6936888fdd1047f2055ce204,1782284073000
6a3b7f2361e093d47b556c6a,false,104.73,94.55,120,80.33,48;2;1;0,words,10,-1,7,5.5,0,9.51,false,false,english,,normal,false,false,false,67a9de60c60cdb1842a8bfa8;6936888fdd1047f2055ce204,1782284067000
6a3b7f0b61e093d47b556b7f,false,107.05,93.88,121.99,85.59,43;2;1;0,words,10,-1,9,4.82,0,19.53,false,false,english,,normal,false,false,false,67a9de60c60cdb1842a8bfa8;6936888fdd1047f2055ce204,1782284043000
6a3b7eec61e093d47b556a51,false,109.5,92.86,125.14,88.46,49;3;1;0,words,10,-1,1,5.37,0,2.41,false,false,english,,normal,false,false,false,67a9de60c60cdb1842a8bfa8;6936888fdd1047f2055ce204,1782284012000
6a3b7ee361e093d47b556a01,false,109.73,94,116.73,76.38,47;2;1;0,words,10,-1,6,5.14,0,9.48,false,false,english,,normal,false,false,false,67a9de60c60cdb1842a8bfa8;6936888fdd1047f2055ce204,1782284003000
6a3b7ece61e093d47b556936,false,122.94,92.31,138.98,88.45,46;3;1;0,words,10,-1,3,4.49,0,5.19,false,false,english,,normal,false,false,false,67a9de60c60cdb1842a8bfa8;6936888fdd1047f2055ce204,1782283982000
6a3b7ebe61e093d47b5568ae,false,113.57,96.36,113.57,68.53,53;0;0;0,words,10,-1,7,5.6,0,8.17,false,false,english,,normal,false,false,false,67a9de60c60cdb1842a8bfa8;6936888fdd1047f2055ce204,1782283966000
6a3b7ea861e093d47b5567f7,false,117.65,94.23,135.95,91.44,45;2;1;0,words,10,-1,3,4.59,0,5.16,false,false,english,,normal,false,false,false,67a9de60c60cdb1842a8bfa8;6936888fdd1047f2055ce204,1782283944000
6a3b7e9b61e093d47b556783,false,104.44,94.55,117.23,81.85,49;2;1;0,words,10,-1,6,5.63,0,11.14,false,false,english,,normal,false,false,false,67a9de60c60cdb1842a8bfa8;6936888fdd1047f2055ce204,1782283931000
6a3b7e7061e093d47b556621,false,127.6,100,127.6,82.14,47;0;0;0,words,10,-1,2,4.42,0,3.44,false,false,english,,normal,false,false,false,67a9de60c60cdb1842a8bfa8;6936888fdd1047f2055ce204,1782283888000
6a3b7e6461e093d47b5565b0,false,111.01,93.75,126.87,74.97,42;2;1;0,words,10,-1,1,4.54,0,0.93,false,false,english,,normal,false,false,false,67a9de60c60cdb1842a8bfa8;6936888fdd1047f2055ce204,1782283876000
6a3b7e5961e093d47b556548,false,110.09,96.77,110.09,57.92,60;0;0;0,words,10,-1,0,6.54,0,0,false,false,english,,normal,false,false,false,67a9de60c60cdb1842a8bfa8;6936888fdd1047f2055ce204,1782283865000
6a3b7e5161e093d47b5564fe,false,93.98,83.02,127.71,92.3,39;7;2;0,words,10,-1,3,4.98,0,5.29,false,false,english,,normal,false,false,false,67a9de60c60cdb1842a8bfa8;6936888fdd1047f2055ce204,1782283857000
6a3b7e3761e093d47b55640e,false,126.04,100,126.04,89.97,48;0;0;0,words,10,-1,5,4.57,0,3.7,false,false,english,,master,false,false,false,,1782283831000
6a3ae29261e093d47b516e1d,false,119.03,100,119.03,93.4,49;0;0;0,words,10,-1,10,4.94,0,15.84,false,false,english,,master,false,false,false,,1782243986000
6a3ae26d61e093d47b516ce4,false,123.08,100,123.08,84.63,48;0;0;0,words,10,-1,11,4.68,0,21.33,false,false,english,,master,false,false,false,,1782243949000
6a3ae24061e093d47b516b81,false,117.6,100,117.6,80.9,54;0;0;0,words,10,-1,1,5.51,0,4.82,false,false,english,,master,false,false,false,,1782243904000
6a3ae23261e093d47b516b1c,false,114.84,100,114.84,81.45,49;0;0;0,words,10,-1,4,5.12,0,6.81,false,false,english,,master,false,false,false,,1782243890000
6a3ae21e61e093d47b516a74,false,119.08,100,119.08,93.68,52;0;0;0,words,10,-1,6,5.24,0,8.71,false,false,english,,master,false,false,false,,1782243870000
6a3ae20461e093d47b51699a,false,101.27,100,101.27,73.99,40;0;0;0,words,10,-1,5,4.74,0,14.51,false,false,english,,master,false,false,false,,1782243844000
6a3ae1e661e093d47b5168ac,false,120.46,100,120.46,92.36,52;0;0;0,words,10,-1,4,5.18,0,6.48,false,false,english,,master,false,false,false,,1782243814000
6a3ae1b161e093d47b51671c,true,130.86,100,130.86,93.91,53;0;0;0,words,10,-1,4,4.86,0,10.63,false,false,english,,master,false,false,false,66f0476a66c51bbe14fbe34c;693b17813540add646bcb3ef,1782243761000
6a3ae18961e093d47b5165f9,false,101.05,100,101.05,82.15,56;0;0;0,words,10,-1,21,6.65,0,43.42,false,false,english,,expert,false,false,false,,1782243721000
6a3ae13d61e093d47b5163e3,false,90.79,96,98.68,74.11,46;2;0;0,words,10,-1,0,6.08,0,0,false,false,english,,expert,false,false,false,,1782243645000
6a3ae13561e093d47b51639e,false,114.4,100,114.4,68.48,47;0;0;0,words,10,-1,5,4.93,0,6.76,false,false,english,,expert,false,false,false,,1782243637000
6a3ae12361e093d47b516304,false,81.9,94,91.43,75.1,43;2;0;0,words,10,-1,0,6.3,0,0,false,false,english,,expert,false,false,false,,1782243619000
6a3ae11361e093d47b516277,false,110.99,100,110.99,84.03,53;0;0;0,words,10,-1,2,5.73,0,5.89,false,false,english,,expert,false,false,false,,1782243603000
6a3ae10061e093d47b5161e0,false,82.57,95.74,82.57,55.86,45;0;0;0,words,10,-1,5,6.54,0,11.39,false,false,english,,expert,false,false,false,,1782243584000
6a3adfc061e093d47b5158e2,false,119.53,100,119.53,86.46,51;0;0;0,words,10,-1,0,5.12,0,0,false,false,english,,normal,false,false,false,,1782243264000
6a3adfba61e093d47b5158ab,false,90.94,87.93,114.66,80.07,46;6;1;0,words,10,-1,0,6.07,0,0,false,false,english,,normal,false,false,false,,1782243258000
6a3a164a61e093d47b49b0a2,false,101.38,100,101.38,90.87,43;0;0;0,words,10,-1,1,5.09,0,5.93,false,false,english,,normal,false,false,false,6a34f2b2b7b5429521db59a8,1782191690000
6a396d9f61e093d47b452684,false,99.47,88.33,126.98,91.33,47;5;2;0,words,10,-1,17,5.67,0,23.01,false,false,english,,normal,false,false,false,,1782148511000
6a396d7461e093d47b45250c,false,114.56,88.46,148.93,96.47,40;5;1;0,words,10,-1,1,4.19,0,1.31,false,false,english,,normal,false,false,false,,1782148468000
6a396d6861e093d47b452494,false,128.93,100,128.93,90.93,52;0;0;0,words,10,-1,5,4.84,0,7.74,false,false,english,,normal,false,false,false,,1782148456000
6a396d4761e093d47b452383,false,130.91,100,130.91,94.01,54;0;0;0,words,10,-1,1,4.95,0,0.68,false,false,english,,normal,false,false,false,,1782148423000
6a396d3f61e093d47b452345,false,97.1,88,124.48,89.91,39;4;2;0,words,10,-1,1,4.82,0,6.47,false,false,english,,normal,false,false,false,,1782148415000
6a3921a861e093d47b41e96b,false,76.68,88.24,95.85,70.88,40;4;1;2,words,10,-1,2,6.26,0,3.12,false,false,english,,normal,false,false,false,6a34f2b2b7b5429521db59a8,1782129064000
6a39219b61e093d47b41e8ea,false,97.67,93.1,113.62,78.3,49;2;1;0,words,10,-1,2,6.02,0,4.96,false,false,english,,normal,false,false,false,6a34f2b2b7b5429521db59a8,1782129051000
6a39218e61e093d47b41e87a,false,77.78,86.44,85.71,64.98,49;2;1;0,words,10,-1,4,7.56,0,6.95,false,false,english,,normal,false,false,false,6a34f2b2b7b5429521db59a8,1782129038000
6a37ef7561e093d47b391128,false,115.59,100,115.59,80.49,55;0;0;0,words,10,-1,18,5.71,0,42.06,false,false,english,,normal,false,false,false,66f0476a66c51bbe14fbe34c;693b17813540add646bcb3ef,1782050677000
6a37dca661e093d47b3873e2,false,100.43,85.71,126.18,90.18,39;6;1;0,words,10,-1,1,4.66,0,2.48,false,false,english,,normal,false,false,false,66f0476a66c51bbe14fbe34c;693b17813540add646bcb3ef,1782045862000
6a37dc9d61e093d47b387397,false,115.11,95.56,129.5,84.75,40;1;1;0,words,10,-1,1,4.17,0,2.34,false,false,english,,normal,false,false,false,66f0476a66c51bbe14fbe34c;693b17813540add646bcb3ef,1782045853000
6a37dc9561e093d47b387352,false,101.96,95.45,115.03,83.69,39;1;1;0,words,10,-1,0,4.59,0,0,false,false,english,,normal,false,false,false,66f0476a66c51bbe14fbe34c;693b17813540add646bcb3ef,1782045845000
6a37dc8f61e093d47b387319,false,103.23,93.55,110.6,86.46,56;2;0;0,words,10,-1,6,6.51,0,14.84,false,false,english,,normal,false,false,false,66f0476a66c51bbe14fbe34c;693b17813540add646bcb3ef,1782045839000
6a37dc7261e093d47b387252,false,124.59,100,124.59,83.27,57;0;0;0,words,10,-1,0,5.49,0,0,false,false,english,,normal,false,false,false,66f0476a66c51bbe14fbe34c;693b17813540add646bcb3ef,1782045810000
6a37dc6b61e093d47b387215,false,126.17,100,126.17,87.33,45;0;0;0,words,10,-1,7,4.28,0,9.21,false,false,english,,normal,false,false,false,66f0476a66c51bbe14fbe34c;693b17813540add646bcb3ef,1782045803000
6a37dba561e093d47b386b75,false,102.99,96,111.94,75.66,46;2;0;0,words,10,-1,7,5.36,0,16.14,false,false,english,,normal,false,false,false,66f0476a66c51bbe14fbe34c;693b17813540add646bcb3ef,1782045605000
6a37db8861e093d47b386a8b,false,97.56,90.57,129.27,92.7,40;4;1;0,words,10,-1,1,4.92,0,1.79,false,false,english,,normal,false,false,false,66f0476a66c51bbe14fbe34c;693b17813540add646bcb3ef,1782045576000
6a37db7f61e093d47b386a3a,false,96.81,92.73,110.92,82.98,48;3;1;0,words,10,-1,4,5.95,0,5.22,false,false,english,,normal,false,false,false,66f0476a66c51bbe14fbe34c;693b17813540add646bcb3ef,1782045567000
6a37db5a61e093d47b386905,false,117.34,100,117.34,84.08,53;0;0;0,words,10,-1,12,5.42,0,18.55,false,false,english,,normal,false,false,false,66f0476a66c51bbe14fbe34c;693b17813540add646bcb3ef,1782045530000
6a37db3861e093d47b3867e2,false,102.72,97.92,112.06,91.87,44;1;0;0,words,10,-1,1,5.14,0,0.76,false,false,english,,normal,false,false,false,66f0476a66c51bbe14fbe34c;693b17813540add646bcb3ef,1782045496000
6a37db3161e093d47b3867a5,false,96.77,87.93,124.73,87.72,45;6;1;0,words,10,-1,20,5.58,0,42.07,false,false,english,,normal,false,false,false,66f0476a66c51bbe14fbe34c;693b17813540add646bcb3ef,1782045489000
6a37daf061e093d47b3865c2,false,135.63,100,135.63,87.14,46;0;0;0,words,10,-1,15,4.07,0,28.42,false,false,english,,normal,false,false,false,66f0476a66c51bbe14fbe34c;693b17813540add646bcb3ef,1782045424000
6a37dac261e093d47b38644e,false,111.07,94.12,123.14,89.09,46;2;1;0,words,10,-1,8,4.97,0,9.69,false,false,english,,normal,false,false,false,66f0476a66c51bbe14fbe34c;693b17813540add646bcb3ef,1782045378000
6a37daad61e093d47b386391,false,100.2,95.92,116.9,82.71,42;1;1;0,words,10,-1,0,5.03,0,0,false,false,english,,normal,false,false,false,66f0476a66c51bbe14fbe34c;693b17813540add646bcb3ef,1782045357000
6a37daa661e093d47b38636b,false,125.42,93.88,139.67,86.85,44;2;1;0,words,10,-1,2,4.21,0,2.75,false,false,english,,normal,false,false,false,66f0476a66c51bbe14fbe34c;693b17813540add646bcb3ef,1782045350000
6a37da9d61e093d47b38631e,false,115.97,96.15,131.09,86.95,46;2;0;0,words,10,-1,3,4.76,0,4.18,false,false,english,,normal,false,false,false,66f0476a66c51bbe14fbe34c;693b17813540add646bcb3ef,1782045341000
6a37da9061e093d47b3862c1,false,120.46,100,120.46,89.05,52;0;0;0,words,10,-1,0,5.18,0,0,false,false,english,,normal,false,false,false,66f0476a66c51bbe14fbe34c;693b17813540add646bcb3ef,1782045328000
6a37da8a61e093d47b386287,false,128.18,100,128.18,89.86,47;0;0;0,words,10,-1,6,4.4,0,11.08,false,false,english,,normal,false,false,false,66f0476a66c51bbe14fbe34c;693b17813540add646bcb3ef,1782045322000
6a37da7461e093d47b3861d3,false,130.12,100,130.12,95.97,45;0;0;0,words,10,-1,0,4.15,0,0,false,false,english,,normal,false,false,false,66f0476a66c51bbe14fbe34c;693b17813540add646bcb3ef,1782045300000
6a37da6661e093d47b386161,false,110.56,92.59,124.38,83.27,48;4;0;0,words,10,-1,1,5.21,0,3.76,false,false,english,,normal,false,false,false,66f0476a66c51bbe14fbe34c;693b17813540add646bcb3ef,1782045286000
6a37da5b61e093d47b386108,false,105.73,91.49,124.23,77.2,40;3;1;0,words,10,-1,0,4.54,0,0,false,false,english,,normal,false,false,false,66f0476a66c51bbe14fbe34c;693b17813540add646bcb3ef,1782045275000
6a37da5561e093d47b3860e3,false,126.71,100,126.71,82.41,51;0;0;0,words,10,-1,5,4.83,0,8.82,false,false,english,,normal,false,false,false,66f0476a66c51bbe14fbe34c;693b17813540add646bcb3ef,1782045269000
6a37da4361e093d47b386049,false,105.22,96.15,116.42,76.12,47;2;0;0,words,10,-1,10,5.36,0,11.61,false,false,english,,normal,false,false,false,66f0476a66c51bbe14fbe34c;693b17813540add646bcb3ef,1782045251000
6a37da2861e093d47b385f71,false,133.04,100,133.04,89.88,51;0;0;0,words,10,-1,1,4.6,0,3.85,false,false,english,,normal,false,false,false,66f0476a66c51bbe14fbe34c;693b17813540add646bcb3ef,1782045224000
6a37da1e61e093d47b385f2a,false,98.8,91.67,115.66,94.42,41;3;1;0,words,10,-1,2,4.98,0,1.42,false,false,english,,normal,false,false,false,66f0476a66c51bbe14fbe34c;693b17813540add646bcb3ef,1782045214000
6a37da1561e093d47b385eee,false,94.27,87.76,124.84,83.08,37;5;1;0,words,10,-1,1,4.71,0,1.11,false,false,english,,normal,false,false,false,66f0476a66c51bbe14fbe34c;693b17813540add646bcb3ef,1782045205000
6a37d9fe61e093d47b385e38,false,141.35,100,141.35,90.34,47;0;0;0,words,10,-1,1,3.99,0,3.25,false,false,english,,normal,false,false,false,66f0476a66c51bbe14fbe34c;693b17813540add646bcb3ef,1782045182000
6a37d9f461e093d47b385de1,false,115.07,100,115.07,90.95,56;0;0;0,words,10,-1,8,5.84,0,13.26,false,false,english,,normal,false,false,false,66f0476a66c51bbe14fbe34c;693b17813540add646bcb3ef,1782045172000
6a37d9d961e093d47b385ce4,false,95.4,87.76,123.01,79.06,38;5;1;0,words,10,-1,0,4.78,0,0,false,false,english,,normal,false,false,false,66f0476a66c51bbe14fbe34c;693b17813540add646bcb3ef,1782045145000
6a37d9d261e093d47b385ca8,false,105.26,93.88,114.62,81.45,45;2;1;0,words,10,-1,3,5.13,0,8.64,false,false,english,,normal,false,false,false,66f0476a66c51bbe14fbe34c;693b17813540add646bcb3ef,1782045138000
6a37d9c061e093d47b385c1b,false,132.47,98.11,135.06,88.44,51;0;0;3,words,10,-1,3,4.62,0,9.06,false,false,english,,normal,false,false,false,66f0476a66c51bbe14fbe34c;693b17813540add646bcb3ef,1782045120000
6a37d9a461e093d47b385b2e,false,114.4,96.43,130.74,94.25,49;2;0;0,words,10,-1,10,5.14,0,19.72,false,false,english,,normal,false,false,false,66f0476a66c51bbe14fbe34c;693b17813540add646bcb3ef,1782045092000
6a37d98361e093d47b385a19,false,112.94,92.31,122.35,90.39,48;3;1;0,words,10,-1,2,5.1,0,3.49,false,false,english,,normal,false,false,false,66f0476a66c51bbe14fbe34c;693b17813540add646bcb3ef,1782045059000
6a37d97861e093d47b3859b6,false,114.63,96,121.95,81.9,47;1;1;0,words,10,-1,5,4.92,0,13.51,false,false,english,,normal,false,false,false,66f0476a66c51bbe14fbe34c;693b17813540add646bcb3ef,1782045048000
6a37d96161e093d47b38590a,false,101.55,92.86,116.06,75.36,49;4;0;1,words,10,-1,3,5.79,0,3.99,false,false,english,,normal,false,false,false,66f0476a66c51bbe14fbe34c;693b17813540add646bcb3ef,1782045025000
6a37d95361e093d47b3858a3,false,129.59,100,129.59,89.58,50;0;0;0,words,10,-1,5,4.63,0,12.36,false,false,english,,normal,false,false,false,66f0476a66c51bbe14fbe34c;693b17813540add646bcb3ef,1782045011000
6a37d93d61e093d47b385806,false,113.68,89.58,151.58,84.94,36;3;2;0,words,10,-1,2,3.8,0,2.31,false,false,english,,normal,false,false,false,66f0476a66c51bbe14fbe34c;693b17813540add646bcb3ef,1782044989000
6a37d93461e093d47b3857ae,false,104.58,90.57,138.56,85.1,40;4;1;0,words,10,-1,0,4.59,0,0,false,false,english,,normal,false,false,false,66f0476a66c51bbe14fbe34c;693b17813540add646bcb3ef,1782044980000
6a37d92c61e093d47b38577b,false,134.63,100,134.63,90.31,46;0;0;0,words,10,-1,1,4.1,0,3.59,false,false,english,,normal,false,false,false,66f0476a66c51bbe14fbe34c;693b17813540add646bcb3ef,1782044972000
6a37d92361e093d47b385747,false,101.78,92.45,125.44,86.99,43;3;1;0,words,10,-1,6,5.07,0,9.68,false,false,english,,normal,false,false,false,66f0476a66c51bbe14fbe34c;693b17813540add646bcb3ef,1782044963000
6a37d90e61e093d47b385694,false,118.18,95.56,136.36,93.98,39;2;0;0,words,10,-1,0,3.96,0,0,false,false,english,,normal,false,false,false,66f0476a66c51bbe14fbe34c;693b17813540add646bcb3ef,1782044942000
6a37d90661e093d47b385645,false,118.18,100,118.18,86.46,52;0;0;0,words,10,-1,1,5.28,0,0.96,false,false,english,,normal,false,false,false,66f0476a66c51bbe14fbe34c;693b17813540add646bcb3ef,1782044934000
6a37d8fd61e093d47b38560b,false,107.32,96.08,124.39,81.53,44;2;0;0,words,10,-1,5,4.92,0,8.48,false,false,english,,normal,false,false,false,66f0476a66c51bbe14fbe34c;693b17813540add646bcb3ef,1782044925000
6a37d8eb61e093d47b38557a,false,95.15,94.23,95.15,51.41,49;0;0;0,words,10,-1,1,6.18,0,0.84,false,false,english,,normal,false,false,false,66f0476a66c51bbe14fbe34c;693b17813540add646bcb3ef,1782044907000
6a37d8e261e093d47b38552e,false,107.23,88.46,132.77,87.01,42;4;2;0,words,10,-1,2,4.7,0,7.57,false,false,english,,normal,false,false,false,66f0476a66c51bbe14fbe34c;693b17813540add646bcb3ef,1782044898000
6a37d8d261e093d47b3854ac,false,120,93.62,134.29,85.63,42;2;1;0,words,10,-1,2,4.2,0,1.94,false,false,english,,normal,false,false,false,66f0476a66c51bbe14fbe34c;693b17813540add646bcb3ef,1782044882000
6a37d8c961e093d47b38546d,false,106.83,92,124.22,85.46,43;3;1;0,words,10,-1,0,4.83,0,0,false,false,english,,normal,false,false,false,66f0476a66c51bbe14fbe34c;693b17813540add646bcb3ef,1782044873000
6a37d8c061e093d47b38542b,false,117.95,94.12,130.77,87.38,46;2;1;0,words,10,-1,21,4.68,0,41.05,false,false,english,,normal,false,false,false,66f0476a66c51bbe14fbe34c;693b17813540add646bcb3ef,1782044864000
6a37d87f61e093d47b385247,false,129.36,100,129.36,95.97,47;0;0;0,words,10,-1,0,4.36,0,0,false,false,english,,normal,false,false,false,66f0476a66c51bbe14fbe34c;693b17813540add646bcb3ef,1782044799000
6a37d87961e093d47b385219,false,113.83,100,113.83,94.79,48;0;0;0,words,10,-1,0,5.06,0,0,false,false,english,,normal,false,false,false,66f0476a66c51bbe14fbe34c;693b17813540add646bcb3ef,1782044793000
6a37d87361e093d47b3851ed,false,109.6,90,140.52,92.63,39;4;1;0,words,10,-1,7,4.27,0,14.74,false,false,english,,normal,false,false,false,66f0476a66c51bbe14fbe34c;693b17813540add646bcb3ef,1782044787000
6a37d85a61e093d47b385122,false,106.62,88.52,127.53,89.49,51;6;1;0,words,10,-1,0,5.74,0,0,false,false,english,,normal,false,false,false,66f0476a66c51bbe14fbe34c;693b17813540add646bcb3ef,1782044762000
6a37d85261e093d47b3850f5,false,111.08,98.55,111.08,77.07,66;0;0;0,words,10,-1,0,7.13,0,0,false,false,english,,normal,false,false,false,66f0476a66c51bbe14fbe34c;693b17813540add646bcb3ef,1782044754000
6a37d84a61e093d47b3850c2,false,98.36,88.68,130.33,87.6,40;5;1;1,words,10,-1,11,4.88,0,23.63,false,false,english,,normal,false,false,false,66f0476a66c51bbe14fbe34c;693b17813540add646bcb3ef,1782044746000
6a37d82561e093d47b384fb6,false,99.84,96.49,111.58,90.21,51;2;0;0,words,10,-1,0,6.13,0,0,false,false,english,,normal,false,false,false,66f0476a66c51bbe14fbe34c;693b17813540add646bcb3ef,1782044709000
6a37d81d61e093d47b384f7d,false,105.58,94.74,115.74,84.26,52;2;1;0,words,10,-1,5,5.91,0,10.98,false,false,english,,normal,false,false,false,66f0476a66c51bbe14fbe34c;693b17813540add646bcb3ef,1782044701000
6a37d80761e093d47b384edd,false,121.58,100,121.58,83.27,54;0;0;0,words,10,-1,5,5.33,0,10.08,false,false,english,,normal,false,false,false,66f0476a66c51bbe14fbe34c;693b17813540add646bcb3ef,1782044679000
6a37d7f261e093d47b384e45,false,127.06,93.88,138.35,90.28,45;2;1;0,words,10,-1,5,4.25,0,11.94,false,false,english,,normal,false,false,false,66f0476a66c51bbe14fbe34c;693b17813540add646bcb3ef,1782044658000
6a37d7da61e093d47b384d91,false,100,80,136.36,87.04,33;7;2;0,words,10,-1,0,3.96,0,0,false,false,english,,normal,false,false,false,66f0476a66c51bbe14fbe34c;693b17813540add646bcb3ef,1782044634000
6a37d7d561e093d47b384d79,false,122.25,100,122.25,85.48,49;0;0;0,words,10,-1,4,4.81,0,6.63,false,false,english,,normal,false,false,false,66f0476a66c51bbe14fbe34c;693b17813540add646bcb3ef,1782044629000
6a37d7ba61e093d47b384cb1,false,136.49,100,136.49,92.63,48;0;0;0,words,10,-1,0,4.22,0,0,false,false,english,,normal,false,false,false,66f0476a66c51bbe14fbe34c;693b17813540add646bcb3ef,1782044602000
6a37d7b561e093d47b384c8d,false,87.32,77.78,134.72,87.82,35;10;2;1,words,10,-1,12,4.81,0,28.83,false,false,english,,normal,false,false,false,66f0476a66c51bbe14fbe34c;693b17813540add646bcb3ef,1782044597000
6a37d78a61e093d47b384b74,false,113.94,90.74,130.91,90.56,47;4;1;0,words,10,-1,0,4.95,0,0,false,false,english,,normal,false,false,false,66f0476a66c51bbe14fbe34c;693b17813540add646bcb3ef,1782044554000
6a37d77d61e093d47b384b10,false,85.58,97.92,85.58,39.05,47;0;0;0,words,10,-1,1,6.59,1,2.58,false,false,english,,normal,false,false,false,66f0476a66c51bbe14fbe34c;693b17813540add646bcb3ef,1782044541000
6a37d77161e093d47b384ac6,false,105.74,97.96,120.49,82.94,43;1;0;1,words,10,-1,6,4.88,0,12.39,false,false,english,,normal,false,false,false,66f0476a66c51bbe14fbe34c;693b17813540add646bcb3ef,1782044529000
6a37d75a61e093d47b384a2a,false,132.69,100,132.69,90.31,46;0;0;0,words,10,-1,0,4.16,0,0,false,false,english,,normal,false,false,false,66f0476a66c51bbe14fbe34c;693b17813540add646bcb3ef,1782044506000
6a37d75461e093d47b384a04,false,118.99,94.23,131.65,80.18,47;2;1;0,words,10,-1,5,4.74,0,4.65,false,false,english,,normal,false,false,false,66f0476a66c51bbe14fbe34c;693b17813540add646bcb3ef,1782044500000
6a37d74561e093d47b38498f,false,108.87,86.79,131.13,83.28,44;6;1;1,words,10,-1,3,4.85,0,5.9,false,false,english,,normal,false,false,false,66f0476a66c51bbe14fbe34c;693b17813540add646bcb3ef,1782044485000
6a37d73161e093d47b384906,false,124.8,86.96,147.2,92.6,39;5;1;0,words,10,-1,0,3.75,0,0,false,false,english,,normal,false,false,false,66f0476a66c51bbe14fbe34c;693b17813540add646bcb3ef,1782044465000
6a37d72b61e093d47b3848c9,false,118.17,100,118.17,83.74,58;0;0;0,words,10,-1,8,5.89,0,13.05,false,false,english,,normal,false,false,false,66f0476a66c51bbe14fbe34c;693b17813540add646bcb3ef,1782044459000
6a37d71261e093d47b38481d,false,103.17,87.76,133.03,95.24,38;4;2;0,words,10,-1,1,4.42,0,2.98,false,false,english,,normal,false,false,false,66f0476a66c51bbe14fbe34c;693b17813540add646bcb3ef,1782044434000
6a37d70861e093d47b3847d1,false,94.68,83.33,123.5,83.91,46;9;1;1,words,10,-1,2,5.83,0,2.01,false,false,english,,normal,false,false,false,66f0476a66c51bbe14fbe34c;693b17813540add646bcb3ef,1782044424000
6a37d6f761e093d47b384762,false,91.11,81.63,127.55,86.84,35;7;2;1,words,10,-1,0,4.61,0,0,false,false,english,,normal,false,false,false,66f0476a66c51bbe14fbe34c;693b17813540add646bcb3ef,1782044407000
6a37d6f061e093d47b384734,false,119.24,94.23,131.92,91.37,47;2;1;0,words,10,-1,9,4.73,0,17.12,false,false,english,,normal,false,false,false,66f0476a66c51bbe14fbe34c;693b17813540add646bcb3ef,1782044400000
6a37d6d361e093d47b38467c,false,118.08,89.58,131.81,89.35,43;4;1;0,words,10,-1,2,4.37,0,4.75,false,false,english,,normal,false,false,false,66f0476a66c51bbe14fbe34c;693b17813540add646bcb3ef,1782044371000
6a37d52b61e093d47b383ab9,true,101.75,100,101.75,75.55,58;0;0;0,words,10,-1,9,6.84,0,32.26,false,false,english,,master,false,false,false,66f0476a66c51bbe14fbe34c;693b17813540add646bcb3ef,1782043947000
6a37cdc461e093d47b380401,false,127.61,100,127.61,90.2,52;0;0;0,words,10,-1,9,4.89,0,12.87,false,false,english,,normal,false,false,false,66f0476a66c51bbe14fbe34c;693b17813540add646bcb3ef,1782042052000
6a37cdaa61e093d47b380359,false,104.68,87.76,122.55,85.67,41;2;3;4,words,10,-1,2,4.7,0,5.26,false,false,english,,normal,false,false,false,66f0476a66c51bbe14fbe34c;693b17813540add646bcb3ef,1782042026000
6a37cd9d61e093d47b3802f2,false,124.68,90.74,140.26,91.52,48;4;1;0,words,10,-1,5,4.62,0,9.36,false,false,english,,normal,false,false,false,66f0476a66c51bbe14fbe34c;693b17813540add646bcb3ef,1782042013000
6a37cd8961e093d47b380272,false,117.02,96.43,128.49,83.55,51;2;0;0,words,10,-1,2,5.23,0,2.39,false,false,english,,normal,false,false,false,66f0476a66c51bbe14fbe34c;693b17813540add646bcb3ef,1782041993000
6a37cd7761e093d47b3801f0,false,119.44,100,119.44,91.84,64;0;0;0,words,10,-1,1,6.43,0,0.65,false,false,english,,normal,false,false,false,66f0476a66c51bbe14fbe34c;693b17813540add646bcb3ef,1782041975000
6a37cd6d61e093d47b3801a1,false,104.85,94.83,112.62,85.27,54;3;0;0,words,10,-1,0,6.18,0,0,false,false,english,,normal,false,false,false,66f0476a66c51bbe14fbe34c;693b17813540add646bcb3ef,1782041965000